사고번호,사고일시,요일,시군구,사고내용,사망자수,중상자수,경상자수,부상신고자수,사고유형,법규위반,노면상태,기상상태,도로형태,가해운전자 차종,가해운전자 성별,가해운전자 연령,가해운전자 상해정도,피해운전자 차종,피해운전자 성별,피해운전자 연령,피해운전자 상해정도
2018011200100198,2018년 1월 12일 09시,금요일,전라남도 고흥군 두원면,중상사고,0,1,0,0,차대차 - 추돌,안전운전불이행,건조,맑음,단일로 - 기타,화물,남,42세,상해없음,승용,남,78세,중상
2018011200100199,2018년 1월 12일 09시,금요일,전라남도 함평군 월야면,경상사고,0,0,2,0,차대차 - 측면충돌,안전운전불이행,적설,맑음,단일로 - 기타,승합,남,46세,상해없음,승용,여,60세,경상
2018011200100200,2018년 1월 12일 09시,금요일,전라남도 장성군 진원면,경상사고,0,0,2,0,차대차 - 측면충돌,교차로운행방법위반,서리/결빙,눈,교차로 - 교차로안,승용,여,50세,상해없음,승용,남,48세,경상
2018011200100235,2018년 1월 12일 10시,금요일,전라남도 여수시 화양면,사망사고,1,0,0,0,차대사람 - 차도통행중,안전운전불이행,건조,맑음,단일로 - 기타,승용,남,83세,상해없음,보행자,여,86세,사망
2018011200100299,2018년 1월 12일 12시,금요일,전라남도 나주시 빛가람동,경상사고,0,0,1,1,차량단독 - 기타,안전운전불이행,서리/결빙,눈,주차장 - 주차장,승용,여,37세,부상신고,,,,
2018011200100340,2018년 1월 12일 13시,금요일,전라남도 화순군 화순읍,경상사고,0,0,1,0,차대차 - 측면충돌,안전거리미확보,건조,맑음,단일로 - 고가도로위,화물,남,52세,상해없음,승용,여,28세,경상
2018011200100360,2018년 1월 12일 14시,금요일,전라남도 여수시 학동,중상사고,0,1,0,0,차대차 - 측면충돌,안전운전불이행,건조,맑음,단일로 - 기타,승용,남,26세,상해없음,승용,남,57세,중상
2018011200100396,2018년 1월 12일 15시,금요일,전라남도 여수시 관문동,경상사고,0,0,3,0,차대차 - 측면충돌,교차로운행방법위반,건조,맑음,교차로 - 교차로안,승용,여,29세,경상,승합,남,66세,경상
2018011200100397,2018년 1월 12일 15시,금요일,전라남도 강진군 칠량면,중상사고,0,1,0,0,차대차 - 추돌,안전운전불이행,건조,맑음,단일로 - 기타,승용,남,36세,상해없음,화물,남,60세,중상
2018011200100442,2018년 1월 12일 16시,금요일,전라남도 완도군 완도읍,경상사고,0,0,2,0,차대차 - 추돌,안전운전불이행,건조,맑음,단일로 - 기타,화물,남,47세,상해없음,승용,여,33세,경상
2018011200100443,2018년 1월 12일 16시,금요일,전라남도 광양시 다압면,중상사고,0,1,0,0,차량단독 - 도로외이탈 - 추락,안전운전불이행,건조,맑음,단일로 - 기타,농기계,남,81세,중상,,,,
2018011200100475,2018년 1월 12일 17시,금요일,전라남도 목포시 상동,경상사고,0,0,1,0,차대차 - 측면충돌,신호위반,젖음/습기,흐림,교차로 - 교차로안,승용,여,44세,상해없음,승용,남,42세,경상
2018011200100476,2018년 1월 12일 17시,금요일,전라남도 여수시 웅천동,중상사고,0,1,0,0,차대차 - 정면충돌,신호위반,건조,맑음,교차로 - 교차로안,승용,남,24세,상해없음,이륜,남,43세,중상
2018011200100477,2018년 1월 12일 17시,금요일,전라남도 여수시 웅천동,경상사고,0,0,2,0,차대차 - 측면충돌,안전거리미확보,건조,맑음,단일로 - 기타,승용,남,62세,상해없음,화물,남,30세,경상
2018011200100525,2018년 1월 12일 18시,금요일,전라남도 순천시 연향동,경상사고,0,0,1,0,차대차 - 측면충돌,안전운전불이행,건조,맑음,교차로 - 교차로안,승용,남,55세,상해없음,승용,남,28세,경상
2018011200100526,2018년 1월 12일 18시,금요일,전라남도 순천시 조례동,경상사고,0,0,2,0,차대차 - 측면충돌,안전운전불이행,건조,맑음,단일로 - 기타,승용,여,57세,경상,승용,남,41세,경상
2018011200100527,2018년 1월 12일 18시,금요일,전라남도 보성군 벌교읍,중상사고,0,1,0,0,차량단독 - 공작물충돌,안전운전불이행,젖음/습기,맑음,단일로 - 기타,승용,남,61세,중상,,,,
2018011200100586,2018년 1월 12일 19시,금요일,전라남도 광양시 광양읍,중상사고,0,1,0,0,차대사람 - 횡단중,교차로운행방법위반,건조,맑음,교차로 - 교차로안,화물,남,43세,상해없음,보행자,남,50세,중상
2018011300100052,2018년 1월 13일 01시,토요일,전라남도 진도군 진도읍,경상사고,0,0,2,0,차대차 - 측면충돌,교차로운행방법위반,서리/결빙,흐림,교차로 - 교차로안,승용,남,31세,상해없음,승용,남,26세,경상
2018011300100078,2018년 1월 13일 02시,토요일,전라남도 순천시 연향동,경상사고,0,0,1,0,차대사람 - 차도통행중,안전운전불이행,건조,맑음,단일로 - 기타,승용,남,35세,상해없음,보행자,남,22세,경상
2018011300100092,2018년 1월 13일 03시,토요일,전라남도 화순군 화순읍,경상사고,0,0,2,0,차대차 - 추돌,안전운전불이행,건조,맑음,교차로 - 교차로부근,승용,남,46세,상해없음,승용,남,26세,경상
2018011300100148,2018년 1월 13일 08시,토요일,전라남도 영암군 삼호읍,경상사고,0,0,3,0,차대차 - 측면충돌,신호위반,젖음/습기,맑음,교차로 - 교차로안,승용,남,28세,상해없음,승용,남,40세,경상
2018011300100166,2018년 1월 13일 09시,토요일,전라남도 여수시 여서동,경상사고,0,0,1,0,차대차 - 측면충돌,안전운전불이행,건조,맑음,교차로 - 교차로안,승용,여,45세,상해없음,승용,여,61세,경상
2018011300100167,2018년 1월 13일 09시,토요일,전라남도 장성군 장성읍,경상사고,0,0,2,0,차대차 - 측면충돌,직진우회전진행방해,젖음/습기,눈,교차로 - 교차로안,승용,남,78세,상해없음,승용,남,25세,경상
2018011300100168,2018년 1월 13일 09시,토요일,전라남도 광양시 광양읍,사망사고,1,0,0,0,차대사람 - 횡단중,안전운전불이행,건조,맑음,단일로 - 기타,승용,남,70세,상해없음,보행자,남,71세,사망
2018011300100187,2018년 1월 13일 10시,토요일,전라남도 목포시 상동,경상사고,0,0,1,0,차대차 - 정면충돌,교차로운행방법위반,서리/결빙,흐림,교차로 - 교차로부근,승용,남,62세,경상,승용,여,35세,상해없음
2018011300100188,2018년 1월 13일 10시,토요일,전라남도 여수시 봉산동,경상사고,0,0,1,0,차대차 - 측면충돌,교차로운행방법위반,건조,맑음,교차로 - 교차로안,화물,남,72세,상해없음,승용,남,31세,경상
2018011300100229,2018년 1월 13일 12시,토요일,전라남도 목포시 산정동,경상사고,0,0,4,0,차대차 - 측면충돌,안전운전불이행,젖음/습기,흐림,단일로 - 기타,화물,남,62세,상해없음,승용,남,27세,경상
2018011300100230,2018년 1월 13일 12시,토요일,전라남도 여수시 오림동,경상사고,0,0,1,0,차대차 - 측면충돌,안전운전불이행,건조,맑음,단일로 - 기타,이륜,남,80세,경상,승용,남,62세,상해없음
2018011300100265,2018년 1월 13일 13시,토요일,전라남도 고흥군 도화면,경상사고,0,0,1,0,차대차 - 기타,안전운전불이행,건조,맑음,단일로 - 기타,화물,남,70세,경상,화물,남,29세,상해없음
2018011300100266,2018년 1월 13일 13시,토요일,전라남도 강진군 성전면,중상사고,0,1,0,0,차량단독 - 기타,안전운전불이행,서리/결빙,맑음,단일로 - 기타,승용,남,52세,상해없음,,,,
2018011300100295,2018년 1월 13일 14시,토요일,전라남도 순천시 장천동,경상사고,0,0,1,0,차대차 - 측면충돌,신호위반,건조,맑음,교차로 - 교차로안,승용,남,71세,기타불명,승용,여,62세,경상
2018011300100296,2018년 1월 13일 14시,토요일,전라남도 구례군 구례읍,경상사고,0,0,3,0,차대차 - 기타,안전운전불이행,건조,맑음,단일로 - 기타,화물,남,45세,상해없음,승용,여,34세,경상
2018011300100400,2018년 1월 13일 18시,토요일,전라남도 여수시 신기동,경상사고,0,0,1,0,차대차 - 기타,안전운전불이행,건조,맑음,단일로 - 기타,승용,남,61세,상해없음,승용,남,29세,상해없음
2018011300100477,2018년 1월 13일 20시,토요일,전라남도 목포시 산정동,경상사고,0,0,1,0,차대사람 - 횡단중,교차로운행방법위반,건조,맑음,교차로 - 교차로안,승용,남,70세,상해없음,보행자,여,50세,경상
2018011300100478,2018년 1월 13일 20시,토요일,전라남도 나주시 경현동,경상사고,0,0,1,0,차대차 - 측면충돌,안전운전불이행,건조,맑음,단일로 - 기타,화물,남,59세,상해없음,승용,남,25세,경상
2018011300100511,2018년 1월 13일 21시,토요일,전라남도 순천시 해룡면,경상사고,0,0,1,0,차대차 - 기타,안전운전불이행,건조,맑음,교차로 - 교차로안,승용,남,42세,상해없음,이륜,남,24세,경상
2018011300100512,2018년 1월 13일 21시,토요일,전라남도 고흥군 봉래면,중상사고,0,1,0,0,차대사람 - 기타,중앙선침범,건조,맑음,단일로 - 기타,승용,남,36세,상해없음,보행자,여,42세,중상
2018011300100513,2018년 1월 13일 21시,토요일,전라남도 화순군 화순읍,부상신고사고,0,0,0,1,차대사람 - 기타,안전운전불이행,건조,맑음,단일로 - 기타,승용,남,57세,상해없음,보행자,여,18세,부상신고
2018011300100557,2018년 1월 13일 23시,토요일,전라남도 목포시 옥암동,경상사고,0,0,1,0,차대차 - 측면충돌,안전운전불이행,젖음/습기,흐림,단일로 - 기타,승용,남,56세,상해없음,이륜,남,18세,경상
2018011300100558,2018년 1월 13일 23시,토요일,전라남도 목포시 상동,경상사고,0,0,1,0,차대차 - 추돌,안전운전불이행,건조,맑음,단일로 - 기타,승용,남,29세,상해없음,승용,남,56세,경상
2018011300100559,2018년 1월 13일 23시,토요일,전라남도 영광군 영광읍,경상사고,0,0,1,0,차량단독 - 공작물충돌,안전운전불이행,적설,눈,교차로 - 교차로부근,승용,남,32세,경상,,,,
2018011400100084,2018년 1월 14일 04시,일요일,전라남도 여수시 문수동,경상사고,0,0,1,0,차대사람 - 기타,안전운전불이행,건조,맑음,교차로 - 교차로부근,기타불명,기타불명,미분류,기타불명,보행자,남,51세,경상
2018011400100085,2018년 1월 14일 04시,일요일,전라남도 광양시 광양읍,경상사고,0,0,1,0,차대차 - 측면충돌,신호위반,건조,맑음,교차로 - 교차로안,승용,여,37세,상해없음,화물,남,58세,상해없음
2018011400100107,2018년 1월 14일 06시,일요일,전라남도 목포시 석현동,경상사고,0,0,1,0,차대차 - 정면충돌,신호위반,젖음/습기,맑음,교차로 - 교차로안,승용,남,73세,상해없음,승합,남,68세,경상
2018011400100108,2018년 1월 14일 06시,일요일,전라남도 여수시 신기동,경상사고,0,0,1,0,차대차 - 추돌,안전운전불이행,건조,맑음,교차로 - 교차로안,승용,여,30세,상해없음,승용,남,55세,경상
2018011400100160,2018년 1월 14일 11시,일요일,전라남도 보성군 보성읍,중상사고,0,1,2,0,차대차 - 추돌,안전운전불이행,건조,맑음,단일로 - 기타,승용,남,60세,상해없음,승용,남,64세,경상
2018011400100181,2018년 1월 14일 12시,일요일,전라남도 여수시 화장동,경상사고,0,0,1,0,차대차 - 정면충돌,중앙선침범,건조,맑음,단일로 - 기타,특수,남,27세,상해없음,이륜,남,29세,경상
2018011400100209,2018년 1월 14일 13시,일요일,전라남도 순천시 연향동,경상사고,0,0,1,0,차대사람 - 기타,안전운전불이행,건조,맑음,단일로 - 기타,화물,남,53세,상해없음,보행자,남,42세,경상
2018011400100231,2018년 1월 14일 14시,일요일,전라남도 무안군 해제면,경상사고,0,0,1,0,차대차 - 기타,안전운전불이행,건조,맑음,교차로 - 교차로부근,승용,남,67세,상해없음,승용,남,76세,상해없음
2018011400100232,2018년 1월 14일 14시,일요일,전라남도 광양시 옥곡면,중상사고,0,1,0,0,차대사람 - 기타,안전운전불이행,건조,맑음,단일로 - 기타,승용,여,40세,상해없음,보행자,여,8세,중상
2018011400100233,2018년 1월 14일 14시,일요일,전라남도 구례군 구례읍,경상사고,0,0,1,0,차대차 - 기타,직진우회전진행방해,건조,맑음,교차로 - 교차로부근,승용,남,46세,상해없음,화물,남,41세,상해없음
2018011400100253,2018년 1월 14일 15시,일요일,전라남도 목포시 연산동,중상사고,0,1,0,0,차량단독 - 공작물충돌,안전운전불이행,젖음/습기,기타,기타 - 기타,승합,남,55세,중상,,,,
2018011400100356,2018년 1월 14일 19시,일요일,전라남도 고흥군 도양읍,중상사고,0,1,3,0,차대차 - 추돌,안전운전불이행,건조,맑음,교차로 - 교차로부근,승용,남,36세,상해없음,승용,여,37세,중상
2018011400100450,2018년 1월 14일 22시,일요일,전라남도 광양시 광양읍,경상사고,0,0,1,0,차대차 - 추돌,안전운전불이행,건조,맑음,교차로 - 교차로부근,승용,남,53세,상해없음,승합,남,57세,경상
2018011500100077,2018년 1월 15일 06시,월요일,전라남도 여수시 신월동,중상사고,0,1,0,0,차대사람 - 차도통행중,안전운전불이행,건조,맑음,교차로 - 교차로횡단보도내,승용,남,55세,상해없음,보행자,여,73세,중상
2018011500100140,2018년 1월 15일 08시,월요일,전라남도 목포시 옥암동,경상사고,0,0,1,0,차대차 - 기타,안전운전불이행,서리/결빙,눈,단일로 - 기타,승용,남,62세,기타불명,승용,남,75세,상해없음
2018011500100205,2018년 1월 15일 10시,월요일,전라남도 순천시 낙안면,부상신고사고,0,0,0,1,차대차 - 측면충돌,교차로운행방법위반,건조,맑음,교차로 - 교차로안,화물,남,75세,부상신고,승합,남,61세,상해없음
2018011500100206,2018년 1월 15일 10시,월요일,전라남도 보성군 벌교읍,중상사고,0,1,0,0,차대사람 - 횡단중,안전운전불이행,건조,맑음,단일로 - 기타,승용,남,62세,상해없음,보행자,여,78세,중상
2018011500100315,2018년 1월 15일 13시,월요일,전라남도 장흥군 장흥읍,경상사고,0,0,2,0,차대차 - 측면충돌,안전운전불이행,건조,맑음,교차로 - 교차로안,승용,여,53세,경상,승용,남,71세,경상
2018011500100342,2018년 1월 15일 14시,월요일,전라남도 나주시 빛가람동,부상신고사고,0,0,0,1,차대차 - 측면충돌,차로위반,건조,맑음,교차로 - 교차로부근,승용,남,61세,상해없음,승용,여,41세,부상신고
2018011500100343,2018년 1월 15일 14시,월요일,전라남도 영암군 삼호읍,경상사고,0,0,2,0,차대차 - 추돌,안전운전불이행,건조,맑음,교차로 - 교차로부근,승용,여,34세,경상,화물,남,36세,경상
2018011500100377,2018년 1월 15일 15시,월요일,전라남도 고흥군 영남면,경상사고,0,0,1,0,차량단독 - 전도전복 - 전도,안전운전불이행,건조,맑음,단일로 - 기타,화물,남,42세,상해없음,미분류,미분류,미분류,미분류
2018011500100378,2018년 1월 15일 15시,월요일,전라남도 장성군 장성읍,경상사고,0,0,2,0,차대차 - 측면충돌,안전운전불이행,젖음/습기,눈,주차장 - 주차장,승용,남,19세,상해없음,화물,여,57세,경상
2018011500100411,2018년 1월 15일 16시,월요일,전라남도 순천시 풍덕동,중상사고,0,1,2,0,차대차 - 기타,안전운전불이행,건조,맑음,교차로 - 교차로안,승용,남,64세,경상,승용,남,41세,중상
2018011500100452,2018년 1월 15일 17시,월요일,전라남도 목포시 용당동,경상사고,0,0,1,0,차대차 - 측면충돌,안전거리미확보,건조,맑음,단일로 - 기타,승용,여,66세,상해없음,승용,여,32세,경상
2018011500100453,2018년 1월 15일 17시,월요일,전라남도 여수시 봉강동,중상사고,0,1,0,0,차대사람 - 횡단중,신호위반,건조,맑음,단일로 - 기타,승용,남,73세,상해없음,보행자,여,69세,중상
2018011500100500,2018년 1월 15일 18시,월요일,전라남도 순천시 서면,경상사고,0,0,3,0,차대차 - 기타,중앙선침범,건조,맑음,교차로 - 교차로부근,화물,남,52세,경상,승용,남,58세,경상
2018011500100501,2018년 1월 15일 18시,월요일,전라남도 화순군 화순읍,중상사고,0,1,0,0,차대차 - 기타,신호위반,건조,맑음,교차로 - 교차로안,승용,여,43세,상해없음,이륜,남,31세,중상
2018011500100502,2018년 1월 15일 18시,월요일,전라남도 진도군 지산면,중상사고,0,1,0,0,차대사람 - 기타,안전운전불이행,건조,맑음,단일로 - 기타,승용,남,67세,상해없음,보행자,남,74세,중상
2018011500100651,2018년 1월 15일 23시,월요일,전라남도 목포시 산정동,경상사고,0,0,2,0,차대차 - 추돌,안전운전불이행,건조,흐림,교차로 - 교차로부근,승용,남,45세,경상,승용,여,32세,경상
2018011600100104,2018년 1월 16일 07시,화요일,전라남도 여수시 교동,중상사고,0,1,0,0,차대사람 - 기타,중앙선침범,건조,맑음,단일로 - 기타,승용,남,40세,상해없음,보행자,남,84세,중상
2018011600100105,2018년 1월 16일 07시,화요일,전라남도 보성군 보성읍,중상사고,0,6,5,1,차대차 - 정면충돌,중앙선침범,서리/결빙,비,단일로 - 기타,승합,남,46세,부상신고,화물,남,50세,중상
2018011600100135,2018년 1월 16일 08시,화요일,전라남도 목포시 상동,경상사고,0,0,1,0,차대차 - 측면충돌,직진우회전진행방해,젖음/습기,비,교차로 - 교차로안,승용,여,43세,상해없음,승용,남,53세,경상
2018011600100136,2018년 1월 16일 08시,화요일,전라남도 담양군 담양읍,경상사고,0,0,1,0,차대차 - 기타,안전운전불이행,젖음/습기,기타,교차로 - 교차로안,승합,남,46세,상해없음,자전거,여,75세,경상
2018011600100161,2018년 1월 16일 09시,화요일,전라남도 목포시 산정동,경상사고,0,0,1,0,차대차 - 추돌,안전운전불이행,젖음/습기,비,단일로 - 기타,승용,남,66세,경상,화물,남,37세,상해없음
2018011600100186,2018년 1월 16일 10시,화요일,전라남도 여수시 주삼동,경상사고,0,0,1,0,차대차 - 측면충돌,안전운전불이행,젖음/습기,비,교차로 - 교차로부근,승용,남,24세,경상,화물,남,24세,상해없음
2018011600100215,2018년 1월 16일 11시,화요일,전라남도 해남군 해남읍,경상사고,0,0,3,0,차대차 - 측면충돌,신호위반,건조,맑음,교차로 - 교차로안,화물,남,60세,경상,승용,남,50세,경상
2018011600100236,2018년 1월 16일 12시,화요일,전라남도 완도군 고금면,사망사고,1,0,0,0,차량단독 - 전도전복 - 전도,안전운전불이행,젖음/습기,비,단일로 - 기타,사륜오토바이(ATV),남,89세,사망,미분류,미분류,미분류,미분류
2018011600100257,2018년 1월 16일 13시,화요일,전라남도 여수시 봉산동,경상사고,0,0,1,0,차대차 - 측면충돌,교차로운행방법위반,건조,맑음,교차로 - 교차로안,승용,남,58세,상해없음,화물,남,57세,경상
2018011600100258,2018년 1월 16일 13시,화요일,전라남도 여수시 국동,중상사고,0,1,2,0,차대차 - 측면충돌,차로위반,젖음/습기,비,교차로 - 교차로부근,승용,남,66세,중상,승용,여,38세,경상
2018011600100279,2018년 1월 16일 14시,화요일,전라남도 여수시 신기동,경상사고,0,0,1,0,차대차 - 추돌,안전운전불이행,건조,맑음,단일로 - 기타,승용,남,38세,상해없음,승용,남,70세,경상
2018011600100280,2018년 1월 16일 14시,화요일,전라남도 순천시 해룡면,중상사고,0,1,0,0,차대사람 - 기타,안전운전불이행,젖음/습기,비,단일로 - 기타,승용,남,62세,상해없음,보행자,여,59세,중상
2018011600100281,2018년 1월 16일 14시,화요일,전라남도 화순군 화순읍,경상사고,0,0,4,0,차대차 - 추돌,기타,건조,맑음,단일로 - 터널,승용,남,56세,상해없음,승용,남,65세,경상
2018011600100300,2018년 1월 16일 15시,화요일,전라남도 목포시 상동,경상사고,0,0,1,0,차대사람 - 길가장자리구역통행중,안전운전불이행,건조,맑음,기타 - 기타,승합,남,33세,상해없음,보행자,여,51세,경상
2018011600100326,2018년 1월 16일 16시,화요일,전라남도 순천시 왕지동,경상사고,0,0,2,0,차대차 - 측면충돌,안전운전불이행,건조,맑음,단일로 - 기타,승용,여,35세,경상,승용,여,29세,경상
2018011600100350,2018년 1월 16일 17시,화요일,전라남도 곡성군 옥과면,경상사고,0,0,2,0,차대차 - 정면충돌,중앙선침범,젖음/습기,비,교차로 - 교차로부근,농기계,남,79세,상해없음,승용,남,51세,상해없음
2018011600100395,2018년 1월 16일 18시,화요일,전라남도 순천시 가곡동,중상사고,0,1,0,0,차대사람 - 차도통행중,안전운전불이행,젖음/습기,비,단일로 - 기타,승용,남,77세,상해없음,보행자,여,68세,중상
2018011600100396,2018년 1월 16일 18시,화요일,전라남도 순천시 풍덕동,경상사고,0,0,1,0,차대차 - 추돌,안전운전불이행,건조,맑음,교차로 - 교차로부근,승용,남,66세,상해없음,승용,남,41세,경상
2018011600100442,2018년 1월 16일 19시,화요일,전라남도 여수시 국동,경상사고,0,0,1,0,차대사람 - 횡단중,보행자보호의무위반,젖음/습기,비,교차로 - 교차로안,승용,남,40세,상해없음,보행자,여,17세,경상
2018011600100511,2018년 1월 16일 21시,화요일,전라남도 여수시 봉산동,경상사고,0,0,1,0,차대차 - 측면충돌,교차로운행방법위반,건조,맑음,교차로 - 교차로안,승용,남,64세,상해없음,원동기,남,21세,경상
2018011600100512,2018년 1월 16일 21시,화요일,전라남도 순천시 조례동,경상사고,0,0,2,0,차대차 - 측면충돌,중앙선침범,젖음/습기,비,교차로 - 교차로부근,승용,여,37세,상해없음,승합,남,34세,경상
2018011600100513,2018년 1월 16일 21시,화요일,전라남도 광양시 광양읍,경상사고,0,0,1,0,차대차 - 기타,안전운전불이행,젖음/습기,비,교차로 - 교차로안,승용,여,44세,상해없음,승용,남,19세,경상
2018011600100514,2018년 1월 16일 21시,화요일,전라남도 광양시 중동,경상사고,0,0,1,0,차대사람 - 기타,안전운전불이행,젖음/습기,비,주차장 - 주차장,승용,여,51세,상해없음,보행자,남,40세,경상
2018011600100536,2018년 1월 16일 22시,화요일,전라남도 목포시 산정동,경상사고,0,0,1,0,차대사람 - 차도통행중,안전운전불이행,건조,맑음,교차로 - 교차로안,승용,남,28세,기타불명,보행자,남,34세,경상
2018011600100537,2018년 1월 16일 22시,화요일,전라남도 여수시 선원동,경상사고,0,0,1,0,차대차 - 추돌,안전운전불이행,젖음/습기,비,단일로 - 기타,승용,남,42세,상해없음,승용,남,60세,경상
2018011600100565,2018년 1월 16일 23시,화요일,전라남도 무안군 삼향읍,사망사고,1,1,0,0,차량단독 - 전도전복 - 전복,안전운전불이행,해빙,맑음,교차로 - 교차로부근,승용,남,21세,사망,미분류,미분류,미분류,미분류
2018011700100205,2018년 1월 17일 09시,수요일,전라남도 여수시 신기동,중상사고,0,1,0,0,차량단독 - 도로외이탈 - 기타,안전운전불이행,건조,맑음,교차로 - 교차로부근,승용,여,63세,중상,,,,
2018011700100228,2018년 1월 17일 10시,수요일,전라남도 목포시 용해동,중상사고,0,1,1,0,차대차 - 측면충돌,안전운전불이행,건조,맑음,교차로 - 교차로안,승용,여,45세,상해없음,이륜,남,76세,경상
2018011700100229,2018년 1월 17일 10시,수요일,전라남도 목포시 석현동,경상사고,0,0,1,0,차대차 - 후진중충돌,안전운전불이행,건조,맑음,교차로 - 교차로안,승용,남,74세,상해없음,승용,남,61세,경상
2018011700100230,2018년 1월 17일 10시,수요일,전라남도 여수시 학동,경상사고,0,0,2,0,차대차 - 측면충돌,신호위반,건조,맑음,교차로 - 교차로안,화물,남,72세,상해없음,승용,남,45세,경상
2018011700100252,2018년 1월 17일 11시,수요일,전라남도 고흥군 고흥읍,경상사고,0,0,1,0,차대차 - 후진중충돌,안전운전불이행,건조,맑음,단일로 - 기타,화물,남,57세,상해없음,화물,남,38세,경상
2018011700100278,2018년 1월 17일 12시,수요일,전라남도 담양군 창평면,중상사고,0,1,0,0,차량단독 - 전도전복 - 전도,안전운전불이행,젖음/습기,흐림,교차로 - 교차로부근,원동기,여,72세,중상,미분류,미분류,미분류,미분류
2018011700100310,2018년 1월 17일 13시,수요일,전라남도 순천시 풍덕동,경상사고,0,0,1,0,차대차 - 측면충돌,차로위반,건조,맑음,교차로 - 교차로안,승용,여,44세,상해없음,승용,여,57세,경상
2018011700100341,2018년 1월 17일 14시,수요일,전라남도 무안군 현경면,경상사고,0,0,3,0,차대차 - 추돌,안전운전불이행,젖음/습기,맑음,기타 - 기타,화물,남,34세,상해없음,승합,남,70세,경상
2018011700100342,2018년 1월 17일 14시,수요일,전라남도 광양시 중동,중상사고,0,1,0,0,차대사람 - 횡단중,안전운전불이행,건조,맑음,단일로 - 기타,승용,여,40세,상해없음,보행자,여,13세,중상
2018011700100390,2018년 1월 17일 16시,수요일,전라남도 여수시 소라면,경상사고,0,0,1,0,차대차 - 측면충돌,교차로운행방법위반,건조,맑음,교차로 - 교차로안,승용,여,38세,상해없음,자전거,남,18세,경상
2018011700100391,2018년 1월 17일 16시,수요일,전라남도 완도군 약산면,사망사고,2,3,0,0,차량단독 - 도로외이탈 - 추락,안전운전불이행,건조,맑음,단일로 - 기타,농기계,남,74세,중상,,,,
2018011700100426,2018년 1월 17일 17시,수요일,전라남도 여수시 문수동,중상사고,0,1,0,0,차대사람 - 횡단중,신호위반,건조,맑음,교차로 - 교차로횡단보도내,승용,남,61세,상해없음,보행자,여,13세,중상
2018011700100427,2018년 1월 17일 17시,수요일,전라남도 해남군 북일면,경상사고,0,0,1,0,차량단독 - 기타,안전운전불이행,기타,맑음,단일로 - 기타,승용,여,40세,경상,,,,
2018011700100467,2018년 1월 17일 18시,수요일,전라남도 목포시 석현동,중상사고,0,1,1,0,차대차 - 추돌,안전운전불이행,건조,맑음,단일로 - 기타,화물,남,63세,상해없음,승합,남,45세,경상
2018011700100522,2018년 1월 17일 19시,수요일,전라남도 여수시 학동,경상사고,0,0,1,0,차대차 - 측면충돌,안전운전불이행,건조,맑음,교차로 - 교차로안,승용,남,55세,상해없음,승용,남,46세,경상
2018011700100558,2018년 1월 17일 20시,수요일,전라남도 여수시 둔덕동,중상사고,0,1,0,0,차대사람 - 기타,안전운전불이행,건조,맑음,기타 - 기타,승용,남,54세,상해없음,보행자,남,64세,중상
2018011700100559,2018년 1월 17일 20시,수요일,전라남도 화순군 도곡면,경상사고,0,0,1,0,차량단독 - 기타,안전운전불이행,건조,맑음,단일로 - 기타,이륜,남,57세,경상,,,,
2018011700100621,2018년 1월 17일 22시,수요일,전라남도 순천시 해룡면,경상사고,0,0,3,0,차대차 - 측면충돌,안전운전불이행,건조,맑음,기타 - 기타,승용,여,42세,상해없음,승용,남,48세,상해없음
2018011700100643,2018년 1월 17일 23시,수요일,전라남도 목포시 상동,경상사고,0,0,1,0,차대차 - 측면충돌,안전운전불이행,건조,맑음,단일로 - 기타,승용,남,38세,상해없음,승용,남,54세,상해없음
2018011800100110,2018년 1월 18일 07시,목요일,전라남도 목포시 대양동,경상사고,0,0,2,0,차대차 - 기타,안전운전불이행,건조,맑음,교차로 - 교차로부근,화물,남,51세,기타불명,승합,남,24세,경상
2018011800100163,2018년 1월 18일 09시,목요일,전라남도 목포시 상동,경상사고,0,0,2,0,차대차 - 기타,안전운전불이행,건조,맑음,단일로 - 기타,승용,남,44세,경상,승용,남,36세,경상
2018011800100164,2018년 1월 18일 09시,목요일,전라남도 고흥군 점암면,경상사고,0,0,1,0,차대차 - 측면충돌,교차로운행방법위반,건조,맑음,단일로 - 기타,화물,남,75세,상해없음,화물,남,66세,경상
2018011800100165,2018년 1월 18일 09시,목요일,전라남도 장성군 황룡면,경상사고,0,0,1,0,차대차 - 추돌,안전운전불이행,건조,맑음,단일로 - 기타,화물,남,71세,상해없음,화물,남,38세,경상
2018011800100200,2018년 1월 18일 10시,목요일,전라남도 여수시 웅천동,중상사고,0,1,0,0,차대사람 - 횡단중,안전운전불이행,건조,맑음,단일로 - 기타,승용,여,53세,상해없음,보행자,여,56세,중상
2018011800100201,2018년 1월 18일 10시,목요일,전라남도 여수시 충무동,중상사고,0,1,1,0,차대차 - 측면충돌,안전운전불이행,건조,맑음,단일로 - 기타,화물,남,49세,상해없음,이륜,남,65세,경상
2018011800100268,2018년 1월 18일 13시,목요일,전라남도 목포시 상동,경상사고,0,0,2,0,차대차 - 기타,교차로운행방법위반,건조,맑음,교차로 - 교차로안,원동기,남,25세,경상,승용,남,40세,경상