사고번호,사고일시,요일,시군구,사고내용,사망자수,중상자수,경상자수,부상신고자수,사고유형,법규위반,노면상태,기상상태,도로형태,가해운전자 차종,가해운전자 성별,가해운전자 연령,가해운전자 상해정도,피해운전자 차종,피해운전자 성별,피해운전자 연령,피해운전자 상해정도
2018012400100166,2018년 1월 24일 10시,수요일,전라남도 순천시 가곡동,경상사고,0,0,1,0,차대차 - 측면충돌,안전운전불이행,건조,맑음,단일로 - 기타,화물,남,57세,상해없음,승용,남,65세,경상
2018012400100249,2018년 1월 24일 13시,수요일,전라남도 나주시 동수동,경상사고,0,0,1,0,차대차 - 측면충돌,신호위반,건조,맑음,교차로 - 교차로안,승용,남,60세,상해없음,승용,남,57세,경상
2018012400100250,2018년 1월 24일 13시,수요일,전라남도 보성군 미력면,중상사고,0,1,1,0,차대차 - 측면충돌,중앙선침범,건조,맑음,단일로 - 기타,승용,남,65세,상해없음,화물,남,75세,경상
2018012400100279,2018년 1월 24일 14시,수요일,전라남도 해남군 해남읍,경상사고,0,0,1,0,차대차 - 측면충돌,불법유턴,건조,맑음,교차로 - 교차로안,승용,남,35세,상해없음,승용,여,31세,경상
2018012400100310,2018년 1월 24일 15시,수요일,전라남도 광양시 중동,경상사고,0,0,3,0,차대차 - 측면충돌,교차로운행방법위반,건조,맑음,교차로 - 교차로안,승용,남,25세,경상,승용,남,33세,경상
2018012400100343,2018년 1월 24일 16시,수요일,전라남도 순천시 주암면,경상사고,0,0,2,0,차대차 - 측면충돌,교차로운행방법위반,건조,맑음,교차로 - 교차로부근,화물,남,53세,상해없음,승용,남,67세,경상
2018012400100384,2018년 1월 24일 17시,수요일,전라남도 무안군 삼향읍,중상사고,0,1,0,0,차대사람 - 횡단중,보행자보호의무위반,젖음/습기,눈,교차로 - 교차로횡단보도내,승용,남,69세,상해없음,보행자,여,7세,중상
2018012400100385,2018년 1월 24일 17시,수요일,전라남도 광양시 중동,경상사고,0,0,1,0,차대사람 - 횡단중,안전운전불이행,건조,맑음,교차로 - 교차로안,기타불명,기타불명,미분류,기타불명,보행자,여,17세,경상
2018012400100422,2018년 1월 24일 18시,수요일,전라남도 여수시 봉산동,중상사고,0,1,0,0,차대사람 - 횡단중,보행자보호의무위반,건조,맑음,교차로 - 교차로횡단보도내,승용,남,50세,상해없음,보행자,여,28세,중상
2018012400100423,2018년 1월 24일 18시,수요일,전라남도 여수시 웅천동,중상사고,0,1,0,0,차대사람 - 횡단중,보행자보호의무위반,건조,맑음,교차로 - 교차로부근,승용,여,45세,상해없음,보행자,여,55세,중상
2018012400100466,2018년 1월 24일 19시,수요일,전라남도 광양시 중동,경상사고,0,0,1,0,차대차 - 측면충돌,안전운전불이행,건조,맑음,단일로 - 기타,승용,남,77세,상해없음,승용,남,39세,상해없음
2018012400100552,2018년 1월 24일 22시,수요일,전라남도 나주시 금천면,경상사고,0,0,2,0,차대차 - 추돌,안전운전불이행,건조,맑음,교차로 - 교차로부근,승용,남,44세,상해없음,승용,남,47세,상해없음
2018012500100031,2018년 1월 25일 04시,목요일,전라남도 순천시 조례동,경상사고,0,0,3,0,차대차 - 측면충돌,직진우회전진행방해,건조,맑음,교차로 - 교차로안,화물,남,67세,경상,승용,남,55세,경상
2018012500100045,2018년 1월 25일 06시,목요일,전라남도 영암군 도포면,경상사고,0,0,5,0,차대차 - 측면충돌,신호위반,건조,맑음,교차로 - 교차로안,승용,남,59세,상해없음,화물,남,59세,경상
2018012500100146,2018년 1월 25일 10시,목요일,전라남도 순천시 덕암동,경상사고,0,0,1,0,차대차 - 측면충돌,직진우회전진행방해,건조,맑음,교차로 - 교차로안,화물,남,52세,상해없음,화물,남,43세,경상
2018012500100147,2018년 1월 25일 10시,목요일,전라남도 나주시 금천면,경상사고,0,0,2,0,차대차 - 측면충돌,안전운전불이행,건조,맑음,교차로 - 교차로안,승용,남,68세,경상,승용,여,67세,경상
2018012500100148,2018년 1월 25일 10시,목요일,전라남도 보성군 벌교읍,경상사고,0,0,1,0,차대차 - 측면충돌,안전운전불이행,건조,맑음,단일로 - 기타,승용,남,53세,상해없음,승용,여,54세,경상
2018012500100175,2018년 1월 25일 11시,목요일,전라남도 목포시 상동,경상사고,0,0,1,0,차대차 - 기타,신호위반,건조,맑음,교차로 - 교차로안,화물,남,63세,상해없음,승용,남,29세,경상
2018012500100176,2018년 1월 25일 11시,목요일,전라남도 영암군 금정면,중상사고,0,5,6,0,차대차 - 기타,중앙선침범,서리/결빙,맑음,단일로 - 기타,승합,남,25세,중상,화물,남,36세,경상
2018012500100177,2018년 1월 25일 11시,목요일,전라남도 영암군 신북면,경상사고,0,0,1,0,차대차 - 측면충돌,안전운전불이행,건조,맑음,교차로 - 교차로안,화물,여,59세,경상,승합,남,50세,상해없음
2018012500100205,2018년 1월 25일 12시,목요일,전라남도 목포시 죽교동,경상사고,0,0,2,0,차대차 - 측면충돌,직진우회전진행방해,건조,맑음,교차로 - 교차로안,승용,남,57세,경상,승용,남,44세,경상
2018012500100230,2018년 1월 25일 13시,목요일,전라남도 곡성군 곡성읍,경상사고,0,0,1,0,차대차 - 측면충돌,안전운전불이행,건조,맑음,교차로 - 교차로안,건설기계,남,55세,상해없음,승용,남,58세,경상
2018012500100263,2018년 1월 25일 14시,목요일,전라남도 여수시 화치동,경상사고,0,0,2,0,차대차 - 측면충돌,교차로운행방법위반,건조,맑음,단일로 - 기타,화물,남,59세,상해없음,승용,남,26세,경상
2018012500100264,2018년 1월 25일 14시,목요일,전라남도 순천시 조곡동,경상사고,0,0,1,0,차대사람 - 기타,안전운전불이행,건조,맑음,단일로 - 기타,승용,남,36세,상해없음,보행자,여,65세,경상
2018012500100296,2018년 1월 25일 15시,목요일,전라남도 여수시 웅천동,경상사고,0,0,1,0,차대차 - 추돌,안전운전불이행,건조,맑음,단일로 - 기타,화물,남,62세,상해없음,승용,여,36세,경상
2018012500100297,2018년 1월 25일 15시,목요일,전라남도 장흥군 장흥읍,중상사고,0,1,1,0,차대차 - 측면충돌,직진우회전진행방해,건조,맑음,교차로 - 교차로안,승용,남,67세,경상,승용,여,58세,중상
2018012500100298,2018년 1월 25일 15시,목요일,전라남도 영광군 영광읍,경상사고,0,0,1,0,차대차 - 추돌,안전운전불이행,건조,맑음,교차로 - 교차로부근,승용,남,26세,기타불명,승용,여,57세,경상
2018012500100299,2018년 1월 25일 15시,목요일,전라남도 광양시 옥곡면,경상사고,0,0,1,0,차대차 - 측면충돌,안전운전불이행,건조,맑음,교차로 - 교차로안,원동기,남,85세,경상,화물,남,73세,상해없음
2018012500100360,2018년 1월 25일 17시,목요일,전라남도 광양시 중동,중상사고,0,1,0,0,차대차 - 측면충돌,신호위반,건조,맑음,교차로 - 교차로안,승용,여,45세,상해없음,승용,여,53세,중상
2018012500100443,2018년 1월 25일 19시,목요일,전라남도 순천시 석현동,중상사고,0,1,0,0,차대차 - 측면충돌,중앙선침범,건조,맑음,교차로 - 교차로부근,승용,여,52세,상해없음,원동기,남,43세,중상
2018012500100525,2018년 1월 25일 22시,목요일,전라남도 광양시 중동,경상사고,0,0,2,0,차대차 - 추돌,안전운전불이행,건조,맑음,단일로 - 기타,승용,남,39세,상해없음,승용,남,47세,경상
2018012500100550,2018년 1월 25일 23시,목요일,전라남도 나주시 대호동,중상사고,0,2,0,0,차대사람 - 횡단중,안전운전불이행,건조,맑음,교차로 - 교차로부근,승용,남,58세,상해없음,보행자,남,56세,중상
2018012600100028,2018년 1월 26일 01시,금요일,전라남도 순천시 조례동,중상사고,0,2,0,0,차대차 - 기타,안전거리미확보,건조,맑음,단일로 - 기타,승용,남,50세,상해없음,이륜,남,17세,중상
2018012600100059,2018년 1월 26일 06시,금요일,전라남도 강진군 강진읍,경상사고,0,0,3,0,차대차 - 추돌,안전운전불이행,건조,맑음,단일로 - 기타,승용,남,63세,경상,승용,남,57세,경상
2018012600100121,2018년 1월 26일 09시,금요일,전라남도 영암군 시종면,중상사고,0,1,2,0,차대차 - 추돌,안전운전불이행,서리/결빙,흐림,단일로 - 기타,화물,남,62세,중상,승용,남,64세,경상
2018012600100153,2018년 1월 26일 10시,금요일,전라남도 보성군 벌교읍,경상사고,0,0,1,0,차대사람 - 차도통행중,안전운전불이행,건조,맑음,단일로 - 기타,승용,남,27세,상해없음,보행자,여,39세,경상
2018012600100154,2018년 1월 26일 10시,금요일,전라남도 화순군 동면,중상사고,0,1,0,0,차대차 - 측면충돌,안전거리미확보,건조,맑음,단일로 - 기타,화물,남,65세,상해없음,화물,남,19세,중상
2018012600100183,2018년 1월 26일 11시,금요일,전라남도 강진군 병영면,경상사고,0,0,1,0,차대사람 - 기타,안전운전불이행,건조,맑음,단일로 - 기타,화물,남,60세,상해없음,보행자,남,49세,경상
2018012600100212,2018년 1월 26일 12시,금요일,전라남도 영광군 군서면,경상사고,0,0,2,0,차대차 - 추돌,안전운전불이행,적설,눈,교차로 - 교차로부근,화물,남,73세,상해없음,승용,남,59세,경상
2018012600100251,2018년 1월 26일 13시,금요일,전라남도 영광군 군남면,중상사고,0,1,0,0,차대사람 - 차도통행중,안전운전불이행,적설,흐림,교차로 - 교차로안,승용,여,56세,상해없음,보행자,남,54세,중상
2018012600100281,2018년 1월 26일 14시,금요일,전라남도 목포시 옥암동,경상사고,0,0,3,0,차대차 - 기타,안전운전불이행,젖음/습기,눈,교차로 - 교차로부근,승용,여,43세,상해없음,승용,남,38세,경상
2018012600100282,2018년 1월 26일 14시,금요일,전라남도 강진군 신전면,경상사고,0,0,1,0,차대차 - 기타,안전운전불이행,건조,맑음,단일로 - 기타,화물,남,80세,상해없음,화물,남,58세,경상
2018012600100283,2018년 1월 26일 14시,금요일,전라남도 곡성군 목사동면,경상사고,0,0,2,0,차대차 - 측면충돌,안전운전불이행,건조,맑음,단일로 - 기타,승용,남,39세,상해없음,화물,남,59세,경상
2018012600100317,2018년 1월 26일 15시,금요일,전라남도 여수시 학동,중상사고,0,1,0,0,차대사람 - 차도통행중,안전운전불이행,건조,맑음,단일로 - 기타,승용,여,60세,상해없음,보행자,여,75세,중상
2018012600100318,2018년 1월 26일 15시,금요일,전라남도 강진군 강진읍,중상사고,0,1,0,0,차대차 - 측면충돌,신호위반,건조,맑음,교차로 - 교차로안,승용,여,50세,상해없음,이륜,남,63세,중상
2018012600100359,2018년 1월 26일 16시,금요일,전라남도 목포시 상동,경상사고,0,0,1,0,차대차 - 측면충돌,직진우회전진행방해,건조,맑음,교차로 - 교차로안,승용,남,62세,상해없음,승용,남,27세,경상
2018012600100360,2018년 1월 26일 16시,금요일,전라남도 목포시 해안동1가,경상사고,0,0,1,0,차대차 - 측면충돌,직진우회전진행방해,건조,맑음,교차로 - 교차로안,승용,남,52세,상해없음,승용,남,63세,경상
2018012600100361,2018년 1월 26일 16시,금요일,전라남도 화순군 도곡면,경상사고,0,0,2,0,차대차 - 측면충돌,직진우회전진행방해,건조,맑음,교차로 - 교차로안,승용,남,68세,상해없음,승용,남,81세,경상
2018012600100435,2018년 1월 26일 18시,금요일,전라남도 목포시 석현동,경상사고,0,0,2,0,차대차 - 측면충돌,안전운전불이행,젖음/습기,눈,단일로 - 기타,승용,남,40세,상해없음,승용,여,28세,경상
2018012600100436,2018년 1월 26일 18시,금요일,전라남도 여수시 여서동,경상사고,0,0,1,0,차대차 - 측면충돌,안전운전불이행,건조,맑음,교차로 - 교차로안,이륜,남,37세,상해없음,승용,여,31세,상해없음
2018012600100437,2018년 1월 26일 18시,금요일,전라남도 장흥군 안양면,사망사고,1,0,0,0,차량단독 - 공작물충돌,안전운전불이행,건조,맑음,단일로 - 기타,승용,남,73세,사망,,,,
2018012600100438,2018년 1월 26일 18시,금요일,전라남도 영암군 삼호읍,경상사고,0,0,2,0,차대차 - 기타,신호위반,젖음/습기,눈,교차로 - 교차로안,승용,여,41세,경상,승용,남,38세,기타불명
2018012600100439,2018년 1월 26일 18시,금요일,전라남도 영암군 삼호읍,중상사고,0,1,0,0,차대차 - 기타,신호위반,건조,흐림,교차로 - 교차로안,이륜,남,77세,중상,승용,남,51세,상해없음
2018012600100440,2018년 1월 26일 18시,금요일,전라남도 무안군 삼향읍,중상사고,0,1,1,0,차대차 - 측면충돌,안전운전불이행,건조,맑음,교차로 - 교차로안,승용,남,31세,상해없음,이륜,남,18세,중상
2018012600100499,2018년 1월 26일 19시,금요일,전라남도 나주시 이창동,사망사고,1,0,0,0,차대사람 - 횡단중,보행자보호의무위반,건조,맑음,교차로 - 교차로횡단보도내,승합,남,33세,상해없음,보행자,남,80세,사망
2018012600100563,2018년 1월 26일 21시,금요일,전라남도 여수시 문수동,경상사고,0,0,1,0,차대차 - 측면충돌,직진우회전진행방해,건조,맑음,교차로 - 교차로안,승용,남,56세,상해없음,승용,여,55세,경상
2018012600100564,2018년 1월 26일 21시,금요일,전라남도 해남군 해남읍,경상사고,0,0,1,0,차대사람 - 횡단중,보행자보호의무위반,건조,맑음,단일로 - 기타,이륜,남,22세,상해없음,보행자,남,15세,경상
2018012600100599,2018년 1월 26일 22시,금요일,전라남도 목포시 상동,부상신고사고,0,0,0,1,차대사람 - 기타,안전운전불이행,건조,흐림,단일로 - 기타,기타불명,기타불명,미분류,기타불명,보행자,남,20세,부상신고
2018012600100624,2018년 1월 26일 23시,금요일,전라남도 광양시 중동,경상사고,0,0,1,0,차대차 - 측면충돌,교차로운행방법위반,건조,맑음,교차로 - 교차로안,승용,여,49세,기타불명,이륜,남,18세,경상
2018012600100625,2018년 1월 26일 23시,금요일,전라남도 광양시 중동,중상사고,0,1,0,0,차대차 - 기타,안전운전불이행,건조,맑음,교차로 - 교차로부근,승용,남,51세,상해없음,승용,남,51세,중상
2018012700100076,2018년 1월 27일 05시,토요일,전라남도 여수시 학동,경상사고,0,0,2,0,차대차 - 후진중충돌,안전운전불이행,건조,맑음,단일로 - 기타,승용,남,19세,상해없음,승용,남,50세,경상
2018012700100118,2018년 1월 27일 08시,토요일,전라남도 순천시 조례동,경상사고,0,0,1,0,차대차 - 측면충돌,신호위반,건조,맑음,교차로 - 교차로안,승합,남,51세,상해없음,원동기,여,21세,경상
2018012700100139,2018년 1월 27일 09시,토요일,전라남도 목포시 상동,경상사고,0,0,2,0,차대차 - 측면충돌,신호위반,건조,맑음,교차로 - 교차로안,승용,남,72세,경상,승용,여,58세,경상
2018012700100140,2018년 1월 27일 09시,토요일,전라남도 목포시 옥암동,경상사고,0,0,2,0,차대차 - 기타,안전운전불이행,건조,맑음,단일로 - 기타,승용,남,34세,경상,승용,여,45세,경상
2018012700100141,2018년 1월 27일 09시,토요일,전라남도 여수시 신월동,경상사고,0,0,2,0,차대차 - 추돌,안전운전불이행,건조,맑음,교차로 - 교차로부근,승용,남,61세,상해없음,승용,여,39세,경상
2018012700100142,2018년 1월 27일 09시,토요일,전라남도 장흥군 장흥읍,경상사고,0,0,1,0,차량단독 - 공작물충돌,안전운전불이행,건조,맑음,단일로 - 기타,승용,남,62세,경상,,,,
2018012700100143,2018년 1월 27일 09시,토요일,전라남도 영암군 삼호읍,경상사고,0,0,1,0,차대차 - 측면충돌,안전운전불이행,건조,맑음,교차로 - 교차로안,승용,남,51세,상해없음,화물,남,24세,경상
2018012700100144,2018년 1월 27일 09시,토요일,전라남도 무안군 삼향읍,경상사고,0,0,1,0,차대차 - 측면충돌,직진우회전진행방해,건조,맑음,교차로 - 교차로안,승용,남,61세,상해없음,승합,남,41세,상해없음
2018012700100166,2018년 1월 27일 10시,토요일,전라남도 곡성군 곡성읍,중상사고,0,1,0,0,차대차 - 측면충돌,안전운전불이행,건조,맑음,단일로 - 기타,화물,남,67세,상해없음,이륜,남,86세,중상
2018012700100198,2018년 1월 27일 11시,토요일,전라남도 목포시 용당동,경상사고,0,0,1,0,차대사람 - 기타,안전운전불이행,건조,맑음,단일로 - 기타,승용,여,38세,상해없음,보행자,남,63세,경상
2018012700100199,2018년 1월 27일 11시,토요일,전라남도 여수시 공화동,경상사고,0,0,1,0,차대차 - 측면충돌,신호위반,건조,맑음,교차로 - 교차로안,승합,남,66세,상해없음,승용,남,64세,경상
2018012700100229,2018년 1월 27일 12시,토요일,전라남도 여수시 학동,경상사고,0,0,3,0,차대차 - 측면충돌,차로위반,건조,맑음,단일로 - 기타,승용,남,65세,상해없음,승용,남,33세,경상
2018012700100230,2018년 1월 27일 12시,토요일,전라남도 영광군 영광읍,경상사고,0,0,3,0,차대차 - 측면충돌,직진우회전진행방해,건조,맑음,교차로 - 교차로안,승합,남,55세,경상,승용,남,72세,경상
2018012700100231,2018년 1월 27일 12시,토요일,전라남도 화순군 화순읍,경상사고,0,0,1,0,차량단독 - 공작물충돌,안전운전불이행,건조,맑음,기타 - 기타,승용,남,18세,경상,,,,
2018012700100232,2018년 1월 27일 12시,토요일,전라남도 무안군 일로읍,경상사고,0,0,1,0,차대차 - 기타,안전운전불이행,건조,맑음,교차로 - 교차로안,승용,남,22세,상해없음,승용,여,59세,경상
2018012700100263,2018년 1월 27일 13시,토요일,전라남도 순천시 해룡면,사망사고,1,0,0,0,차대사람 - 횡단중,안전운전불이행,건조,맑음,단일로 - 기타,승용,남,62세,상해없음,보행자,여,2세,사망
2018012700100264,2018년 1월 27일 13시,토요일,전라남도 순천시 풍덕동,중상사고,0,1,0,0,차대차 - 측면충돌,신호위반,건조,맑음,교차로 - 교차로안,이륜,남,55세,중상,승용,남,68세,상해없음
2018012700100265,2018년 1월 27일 13시,토요일,전라남도 강진군 강진읍,중상사고,0,1,0,0,차대차 - 기타,안전운전불이행,건조,맑음,단일로 - 기타,화물,남,51세,상해없음,원동기,남,69세,중상
2018012700100266,2018년 1월 27일 13시,토요일,전라남도 담양군 담양읍,경상사고,0,0,5,0,차대차 - 측면충돌,교차로운행방법위반,건조,맑음,교차로 - 교차로안,승용,여,33세,경상,화물,남,58세,경상
2018012700100295,2018년 1월 27일 14시,토요일,전라남도 광양시 중동,경상사고,0,0,1,0,차대차 - 측면충돌,교차로운행방법위반,건조,맑음,교차로 - 교차로안,승용,여,22세,상해없음,승합,남,19세,경상
2018012700100346,2018년 1월 27일 16시,토요일,전라남도 목포시 죽동,중상사고,0,1,0,0,차대사람 - 보도통행중,보행자보호의무위반,건조,맑음,교차로 - 교차로횡단보도내,승용,남,46세,상해없음,보행자,남,6세,중상
2018012700100374,2018년 1월 27일 17시,토요일,전라남도 목포시 상동,경상사고,0,0,2,0,차대차 - 측면충돌,교차로운행방법위반,건조,맑음,교차로 - 교차로안,승용,남,64세,경상,승용,남,63세,경상
2018012700100399,2018년 1월 27일 18시,토요일,전라남도 목포시 상동,경상사고,0,0,6,0,차대차 - 측면충돌,신호위반,건조,맑음,교차로 - 교차로안,승용,여,51세,상해없음,승용,남,50세,경상
2018012700100487,2018년 1월 27일 21시,토요일,전라남도 해남군 해남읍,경상사고,0,0,2,0,차대차 - 측면충돌,안전거리미확보,건조,맑음,단일로 - 기타,승용,남,55세,상해없음,승용,여,23세,경상
2018012800100008,2018년 1월 28일 00시,일요일,전라남도 순천시 해룡면,경상사고,0,0,2,0,차대차 - 후진중충돌,안전운전불이행,건조,맑음,교차로 - 교차로부근,승용,남,51세,상해없음,승용,남,20세,경상
2018012800100028,2018년 1월 28일 01시,일요일,전라남도 여수시 봉산동,경상사고,0,0,2,0,차대차 - 추돌,안전운전불이행,건조,맑음,교차로 - 교차로부근,승용,남,25세,상해없음,승용,남,32세,경상
2018012800100029,2018년 1월 28일 01시,일요일,전라남도 여수시 둔덕동,경상사고,0,0,1,0,차대차 - 기타,기타,건조,맑음,단일로 - 기타,승용,남,45세,상해없음,승용,남,29세,기타불명
2018012800100102,2018년 1월 28일 09시,일요일,전라남도 무안군 현경면,사망사고,1,2,0,0,차대차 - 정면충돌,중앙선침범,건조,맑음,단일로 - 기타,화물,남,52세,사망,화물,남,65세,중상
2018012800100119,2018년 1월 28일 10시,일요일,전라남도 영암군 삼호읍,중상사고,0,1,2,0,차대차 - 측면충돌,안전운전불이행,건조,맑음,교차로 - 교차로안,승용,남,25세,경상,승용,남,37세,중상
2018012800100142,2018년 1월 28일 11시,일요일,전라남도 목포시 상동,경상사고,0,0,1,0,차대차 - 측면충돌,안전운전불이행,건조,맑음,단일로 - 기타,승용,남,71세,상해없음,승용,남,70세,경상
2018012800100143,2018년 1월 28일 11시,일요일,전라남도 함평군 함평읍,경상사고,0,0,5,0,차대차 - 측면충돌,안전운전불이행,건조,맑음,교차로 - 교차로안,승용,여,25세,경상,승용,남,37세,경상
2018012800100163,2018년 1월 28일 12시,일요일,전라남도 영광군 백수읍,경상사고,0,0,3,0,차대차 - 추돌,안전운전불이행,건조,맑음,교차로 - 교차로안,승용,여,45세,경상,승용,여,56세,경상
2018012800100245,2018년 1월 28일 16시,일요일,전라남도 영광군 대마면,경상사고,0,0,5,0,차대차 - 추돌,안전운전불이행,건조,맑음,교차로 - 교차로안,승용,남,72세,상해없음,승용,남,36세,경상
2018012800100267,2018년 1월 28일 17시,일요일,전라남도 여수시 소라면,경상사고,0,0,2,0,차대차 - 추돌,안전운전불이행,건조,맑음,교차로 - 교차로부근,화물,남,54세,상해없음,승용,남,62세,상해없음
2018012800100298,2018년 1월 28일 18시,일요일,전라남도 나주시 이창동,경상사고,0,0,2,0,차대차 - 추돌,안전운전불이행,건조,맑음,교차로 - 교차로부근,승용,여,48세,상해없음,승용,남,59세,경상
2018012800100299,2018년 1월 28일 18시,일요일,전라남도 영암군 덕진면,사망사고,1,0,0,0,차량단독 - 도로외이탈 - 추락,안전운전불이행,건조,맑음,단일로 - 기타,원동기,여,79세,사망,,,,
2018012800100368,2018년 1월 28일 21시,일요일,전라남도 순천시 조례동,경상사고,0,0,2,0,차대차 - 측면충돌,안전운전불이행,건조,맑음,교차로 - 교차로안,승용,남,17세,상해없음,승용,여,26세,경상
2018012800100369,2018년 1월 28일 21시,일요일,전라남도 장흥군 장흥읍,경상사고,0,0,1,0,차대차 - 측면충돌,중앙선침범,건조,흐림,교차로 - 교차로부근,화물,남,69세,상해없음,승용,남,58세,상해없음
2018012900100071,2018년 1월 29일 07시,월요일,전라남도 순천시 서면,중상사고,0,2,0,0,차대차 - 정면충돌,중앙선침범,건조,맑음,단일로 - 기타,승용,남,43세,중상,승용,남,34세,중상
2018012900100072,2018년 1월 29일 07시,월요일,전라남도 장성군 서삼면,사망사고,1,0,0,0,차대차 - 정면충돌,안전운전불이행,서리/결빙,눈,단일로 - 기타,화물,남,62세,상해없음,자전거,남,71세,사망
2018012900100073,2018년 1월 29일 07시,월요일,전라남도 장성군 진원면,경상사고,0,0,1,0,차대차 - 측면충돌,신호위반,적설,흐림,교차로 - 교차로안,화물,남,32세,상해없음,승용,남,48세,경상
2018012900100074,2018년 1월 29일 07시,월요일,전라남도 담양군 금성면,부상신고사고,0,0,0,1,차량단독 - 기타,안전운전불이행,적설,눈,단일로 - 기타,화물,남,40세,부상신고,,,,
2018012900100103,2018년 1월 29일 08시,월요일,전라남도 여수시 신기동,경상사고,0,0,1,0,차대차 - 측면충돌,교차로운행방법위반,건조,맑음,교차로 - 교차로안,승용,남,35세,상해없음,승용,여,44세,경상
2018012900100104,2018년 1월 29일 08시,월요일,전라남도 순천시 연향동,경상사고,0,0,3,0,차대차 - 추돌,안전운전불이행,건조,맑음,단일로 - 기타,승용,남,28세,상해없음,승용,남,54세,경상
2018012900100105,2018년 1월 29일 08시,월요일,전라남도 장흥군 용산면,중상사고,0,2,1,0,차대차 - 정면충돌,중앙선침범,서리/결빙,눈,단일로 - 기타,화물,여,53세,경상,승용,여,34세,중상
2018012900100129,2018년 1월 29일 09시,월요일,전라남도 목포시 대양동,경상사고,0,0,1,0,차대차 - 측면충돌,안전운전불이행,적설,기타,교차로 - 교차로안,특수,남,33세,기타불명,승용,여,25세,경상
2018012900100130,2018년 1월 29일 09시,월요일,전라남도 여수시 화장동,경상사고,0,0,1,0,차대차 - 측면충돌,안전운전불이행,건조,맑음,교차로 - 교차로부근,화물,남,37세,상해없음,승용,여,52세,경상
2018012900100131,2018년 1월 29일 09시,월요일,전라남도 고흥군 고흥읍,중상사고,0,1,1,0,차대차 - 측면충돌,교차로운행방법위반,건조,맑음,교차로 - 교차로안,승용,여,42세,경상,승용,남,38세,중상
2018012900100132,2018년 1월 29일 09시,월요일,전라남도 영암군 삼호읍,경상사고,0,0,2,0,차대차 - 측면충돌,안전운전불이행,적설,눈,교차로 - 교차로안,승용,여,55세,경상,화물,남,59세,경상
2018012900100133,2018년 1월 29일 09시,월요일,전라남도 구례군 구례읍,중상사고,0,1,0,0,차대차 - 측면충돌,안전운전불이행,건조,맑음,교차로 - 교차로안,승용,남,53세,상해없음,이륜,여,58세,중상
2018012900100159,2018년 1월 29일 10시,월요일,전라남도 순천시 풍덕동,중상사고,0,1,0,0,차대차 - 기타,안전거리미확보,건조,맑음,교차로 - 교차로안,승용,남,28세,상해없음,자전거,남,83세,중상
2018012900100160,2018년 1월 29일 10시,월요일,전라남도 순천시 조례동,경상사고,0,0,4,0,차대차 - 측면충돌,직진우회전진행방해,건조,맑음,교차로 - 교차로안,승용,여,42세,경상,승용,남,43세,경상
2018012900100161,2018년 1월 29일 10시,월요일,전라남도 순천시 낙안면,경상사고,0,0,5,0,차대차 - 측면충돌,직진우회전진행방해,건조,맑음,교차로 - 교차로안,화물,여,55세,경상,승용,남,48세,경상
2018012900100162,2018년 1월 29일 10시,월요일,전라남도 해남군 화산면,경상사고,0,0,1,0,차량단독 - 전도전복 - 전도,안전운전불이행,서리/결빙,눈,단일로 - 기타,화물,남,34세,상해없음,미분류,미분류,미분류,미분류
2018012900100190,2018년 1월 29일 11시,월요일,전라남도 목포시 용해동,경상사고,0,0,2,0,차대차 - 측면충돌,안전거리미확보,기타,눈,단일로 - 기타,화물,남,51세,상해없음,승용,여,61세,경상
2018012900100191,2018년 1월 29일 11시,월요일,전라남도 여수시 학동,중상사고,0,1,0,0,차대사람 - 횡단중,안전운전불이행,건조,맑음,교차로 - 교차로안,승용,여,26세,상해없음,보행자,남,77세,중상
2018012900100192,2018년 1월 29일 11시,월요일,전라남도 장흥군 관산읍,경상사고,0,0,3,0,차대차 - 측면충돌,안전운전불이행,건조,맑음,교차로 - 교차로안,승용,남,64세,경상,화물,남,75세,경상
2018012900100224,2018년 1월 29일 12시,월요일,전라남도 여수시 학동,경상사고,0,0,1,0,차대사람 - 기타,안전운전불이행,건조,맑음,단일로 - 기타,승용,여,37세,상해없음,보행자,남,60세,경상
2018012900100254,2018년 1월 29일 13시,월요일,전라남도 여수시 월내동,중상사고,0,1,0,0,차대차 - 기타,안전운전불이행,건조,맑음,단일로 - 기타,특수,남,60세,상해없음,특수,남,35세,중상
2018012900100328,2018년 1월 29일 15시,월요일,전라남도 나주시 문평면,경상사고,0,0,3,0,차대차 - 측면충돌,안전운전불이행,건조,맑음,교차로 - 교차로부근,승용,남,77세,경상,화물,남,63세,경상
2018012900100381,2018년 1월 29일 17시,월요일,전라남도 강진군 성전면,중상사고,0,1,1,0,차대차 - 정면충돌,중앙선침범,건조,맑음,단일로 - 기타,승합,남,52세,상해없음,화물,남,51세,경상
2018012900100412,2018년 1월 29일 18시,월요일,전라남도 순천시 장천동,경상사고,0,0,1,0,차대차 - 측면충돌,안전운전불이행,건조,맑음,주차장 - 주차장,승용,남,50세,경상,건설기계,남,64세,상해없음
2018012900100413,2018년 1월 29일 18시,월요일,전라남도 영광군 영광읍,경상사고,0,0,2,0,차대차 - 추돌,안전운전불이행,건조,맑음,단일로 - 기타,승용,남,58세,경상,화물,남,52세,경상