사고번호,사고일시,요일,시군구,사고내용,사망자수,중상자수,경상자수,부상신고자수,사고유형,법규위반,노면상태,기상상태,도로형태,가해운전자 차종,가해운전자 성별,가해운전자 연령,가해운전자 상해정도,피해운전자 차종,피해운전자 성별,피해운전자 연령,피해운전자 상해정도
2018020400100329,2018년 2월 4일 16시,일요일,전라남도 여수시 화양면,중상사고,0,1,0,0,차량단독 - 기타,안전운전불이행,건조,맑음,교차로 - 교차로안,승용,남,59세,상해없음,,,,
2018020400100330,2018년 2월 4일 16시,일요일,전라남도 순천시 행동,경상사고,0,0,2,0,차대차 - 측면충돌,신호위반,건조,맑음,교차로 - 교차로안,승용,남,43세,상해없음,승합,남,62세,경상
2018020400100331,2018년 2월 4일 16시,일요일,전라남도 해남군 산이면,중상사고,0,1,0,0,차대차 - 측면충돌,안전운전불이행,서리/결빙,눈,단일로 - 기타,승용,여,37세,중상,건설기계,남,50세,상해없음
2018020400100390,2018년 2월 4일 18시,일요일,전라남도 여수시 안산동,경상사고,0,0,3,0,차대차 - 추돌,안전운전불이행,건조,맑음,교차로 - 교차로부근,승합,남,37세,상해없음,승용,남,43세,경상
2018020400100391,2018년 2월 4일 18시,일요일,전라남도 광양시 광양읍,경상사고,0,0,1,0,차대차 - 측면충돌,안전운전불이행,건조,맑음,교차로 - 교차로안,자전거,여,57세,경상,승용,남,43세,상해없음
2018020400100421,2018년 2월 4일 19시,일요일,전라남도 광양시 중동,경상사고,0,0,1,0,차대차 - 정면충돌,중앙선침범,건조,맑음,단일로 - 기타,승용,남,28세,상해없음,승용,남,49세,경상
2018020400100477,2018년 2월 4일 21시,일요일,전라남도 목포시 죽교동,경상사고,0,0,1,0,차량단독 - 기타,안전운전불이행,서리/결빙,기타,기타 - 기타,승용,남,20세,상해없음,,,,
2018020400100504,2018년 2월 4일 22시,일요일,전라남도 영광군 대마면,경상사고,0,0,1,0,차대차 - 측면충돌,신호위반,적설,눈,교차로 - 교차로안,승용,남,46세,상해없음,승용,남,30세,경상
2018020400100528,2018년 2월 4일 23시,일요일,전라남도 순천시 조례동,경상사고,0,0,2,0,차대차 - 추돌,안전운전불이행,건조,맑음,단일로 - 기타,승합,남,40세,상해없음,승용,남,55세,경상
2018020500100029,2018년 2월 5일 01시,월요일,전라남도 화순군 청풍면,경상사고,0,0,1,0,차량단독 - 기타,안전운전불이행,서리/결빙,눈,단일로 - 기타,승용,남,60세,상해없음,,,,
2018020500100068,2018년 2월 5일 06시,월요일,전라남도 영암군 삼호읍,경상사고,0,0,1,0,차대차 - 측면충돌,신호위반,적설,눈,교차로 - 교차로안,승용,여,53세,경상,화물,남,59세,상해없음
2018020500100125,2018년 2월 5일 08시,월요일,전라남도 여수시 안산동,중상사고,0,1,0,0,차대사람 - 차도통행중,안전운전불이행,건조,맑음,단일로 - 기타,승용,여,43세,상해없음,보행자,여,16세,중상
2018020500100126,2018년 2월 5일 08시,월요일,전라남도 여수시 학동,경상사고,0,0,3,0,차대차 - 측면충돌,차로위반,건조,맑음,단일로 - 기타,승용,남,80세,경상,승합,여,32세,경상
2018020500100182,2018년 2월 5일 09시,월요일,전라남도 완도군 완도읍,경상사고,0,0,1,0,차대차 - 정면충돌,안전운전불이행,적설,눈,단일로 - 기타,승용,여,23세,상해없음,화물,남,58세,경상
2018020500100221,2018년 2월 5일 10시,월요일,전라남도 순천시 연향동,경상사고,0,0,2,0,차대차 - 측면충돌,직진우회전진행방해,건조,맑음,교차로 - 교차로안,승용,여,60세,경상,승용,여,58세,경상
2018020500100222,2018년 2월 5일 10시,월요일,전라남도 해남군 옥천면,경상사고,0,0,2,0,차량단독 - 전도전복 - 전복,안전운전불이행,서리/결빙,눈,단일로 - 기타,화물,남,35세,경상,미분류,미분류,미분류,미분류
2018020500100223,2018년 2월 5일 10시,월요일,전라남도 영광군 묘량면,중상사고,0,2,1,0,차대사람 - 기타,안전운전불이행,적설,눈,단일로 - 지하차도(도로)내,승용,남,47세,경상,보행자,남,34세,중상
2018020500100224,2018년 2월 5일 10시,월요일,전라남도 담양군 담양읍,경상사고,0,0,1,0,차대차 - 기타,안전운전불이행,건조,맑음,단일로 - 기타,화물,남,80세,상해없음,자전거,여,77세,경상
2018020500100257,2018년 2월 5일 11시,월요일,전라남도 순천시 장천동,경상사고,0,0,1,0,차대사람 - 차도통행중,안전운전불이행,건조,맑음,교차로 - 교차로부근,승용,남,64세,상해없음,보행자,남,53세,경상
2018020500100353,2018년 2월 5일 14시,월요일,전라남도 목포시 호남동,경상사고,0,0,1,0,차대사람 - 기타,안전운전불이행,적설,눈,단일로 - 기타,기타불명,기타불명,미분류,기타불명,보행자,여,17세,경상
2018020500100388,2018년 2월 5일 15시,월요일,전라남도 순천시 동외동,경상사고,0,0,1,0,차대사람 - 횡단중,보행자보호의무위반,건조,맑음,교차로 - 교차로부근,승용,여,52세,상해없음,보행자,남,57세,경상
2018020500100421,2018년 2월 5일 16시,월요일,전라남도 여수시 교동,경상사고,0,0,2,1,차대차 - 측면충돌,안전운전불이행,건조,맑음,교차로 - 교차로안,화물,남,78세,상해없음,승용,여,65세,부상신고
2018020500100422,2018년 2월 5일 16시,월요일,전라남도 여수시 중흥동,경상사고,0,0,1,0,차대차 - 측면충돌,신호위반,건조,맑음,교차로 - 교차로안,건설기계,남,54세,상해없음,특수,남,55세,경상
2018020500100423,2018년 2월 5일 16시,월요일,전라남도 여수시 선원동,중상사고,0,1,1,0,차대차 - 측면충돌,안전운전불이행,건조,맑음,교차로 - 교차로안,승용,남,69세,상해없음,승용,남,66세,경상
2018020500100424,2018년 2월 5일 16시,월요일,전라남도 순천시 풍덕동,경상사고,0,0,1,0,차대사람 - 차도통행중,안전운전불이행,건조,맑음,단일로 - 기타,승용,남,81세,상해없음,보행자,남,68세,경상
2018020500100425,2018년 2월 5일 16시,월요일,전라남도 보성군 벌교읍,중상사고,0,1,0,0,차대사람 - 횡단중,안전운전불이행,건조,맑음,교차로 - 교차로안,승용,남,70세,상해없음,보행자,남,71세,중상
2018020500100426,2018년 2월 5일 16시,월요일,전라남도 광양시 중동,경상사고,0,0,4,0,차대차 - 측면충돌,교차로운행방법위반,건조,맑음,교차로 - 교차로안,승용,남,31세,상해없음,승용,남,65세,경상
2018020500100456,2018년 2월 5일 17시,월요일,전라남도 목포시 용당동,경상사고,0,0,2,0,차대차 - 측면충돌,직진우회전진행방해,적설,눈,교차로 - 교차로안,승합,남,70세,경상,승용,여,52세,경상
2018020500100457,2018년 2월 5일 17시,월요일,전라남도 순천시 서면,경상사고,0,0,2,0,차대차 - 측면충돌,안전운전불이행,건조,맑음,교차로 - 교차로안,승용,남,56세,경상,승용,남,27세,경상
2018020500100458,2018년 2월 5일 17시,월요일,전라남도 고흥군 고흥읍,경상사고,0,0,1,0,차대차 - 측면충돌,직진우회전진행방해,건조,맑음,교차로 - 교차로안,승용,남,72세,경상,승합,남,47세,상해없음
2018020500100497,2018년 2월 5일 18시,월요일,전라남도 여수시 주삼동,경상사고,0,0,1,0,차대차 - 추돌,안전운전불이행,건조,맑음,교차로 - 교차로부근,승용,남,57세,기타불명,화물,남,47세,경상
2018020500100534,2018년 2월 5일 19시,월요일,전라남도 무안군 삼향읍,경상사고,0,0,1,0,차대사람 - 횡단중,신호위반,건조,맑음,교차로 - 교차로횡단보도내,승용,여,49세,상해없음,보행자,여,48세,경상
2018020500100564,2018년 2월 5일 20시,월요일,전라남도 광양시 광영동,경상사고,0,0,1,0,차대차 - 후진중충돌,안전운전불이행,건조,맑음,교차로 - 교차로안,화물,남,65세,상해없음,승용,남,33세,경상
2018020500100618,2018년 2월 5일 22시,월요일,전라남도 무안군 몽탄면,경상사고,0,0,1,0,차량단독 - 기타,안전운전불이행,적설,눈,단일로 - 기타,승합,남,36세,상해없음,,,,
2018020500100632,2018년 2월 5일 23시,월요일,전라남도 순천시 조곡동,경상사고,0,0,1,0,차대차 - 추돌,안전운전불이행,건조,맑음,교차로 - 교차로부근,승용,여,48세,상해없음,승용,남,52세,경상
2018020600100133,2018년 2월 6일 08시,화요일,전라남도 영암군 영암읍,경상사고,0,0,1,0,차량단독 - 공작물충돌,안전운전불이행,서리/결빙,눈,단일로 - 기타,승용,여,36세,경상,,,,
2018020600100175,2018년 2월 6일 09시,화요일,전라남도 순천시 조례동,경상사고,0,0,1,0,차대사람 - 기타,교차로운행방법위반,건조,맑음,교차로 - 교차로안,승용,여,60세,상해없음,보행자,여,61세,경상
2018020600100176,2018년 2월 6일 09시,화요일,전라남도 영암군 도포면,경상사고,0,0,1,0,차량단독 - 도로외이탈 - 기타,안전운전불이행,적설,눈,단일로 - 기타,승용,여,38세,경상,,,,
2018020600100177,2018년 2월 6일 09시,화요일,전라남도 광양시 광양읍,경상사고,0,0,2,0,차대차 - 측면충돌,교차로운행방법위반,건조,맑음,교차로 - 교차로안,승용,여,40세,경상,화물,남,48세,경상
2018020600100204,2018년 2월 6일 10시,화요일,전라남도 여수시 신기동,중상사고,0,1,0,0,차대사람 - 횡단중,안전운전불이행,건조,맑음,교차로 - 교차로부근,승용,여,52세,상해없음,보행자,여,68세,중상
2018020600100205,2018년 2월 6일 10시,화요일,전라남도 영암군 영암읍,중상사고,0,1,0,0,차량단독 - 공작물충돌,안전운전불이행,서리/결빙,눈,단일로 - 기타,승용,남,27세,중상,,,,
2018020600100274,2018년 2월 6일 12시,화요일,전라남도 영암군 삼호읍,경상사고,0,0,2,0,차대차 - 기타,안전운전불이행,서리/결빙,눈,교차로 - 교차로부근,승용,여,29세,상해없음,승용,남,61세,경상
2018020600100305,2018년 2월 6일 13시,화요일,전라남도 영암군 삼호읍,중상사고,0,1,0,0,차대차 - 측면충돌,안전운전불이행,적설,흐림,교차로 - 교차로안,화물,남,49세,상해없음,승용,남,38세,중상
2018020600100344,2018년 2월 6일 14시,화요일,전라남도 무안군 무안읍,경상사고,0,0,1,0,차대차 - 측면충돌,안전운전불이행,적설,맑음,단일로 - 기타,승용,남,60세,상해없음,승용,여,47세,경상
2018020600100373,2018년 2월 6일 15시,화요일,전라남도 광양시 중동,경상사고,0,0,1,0,차대사람 - 횡단중,안전운전불이행,건조,맑음,교차로 - 교차로안,승용,여,49세,상해없음,보행자,남,11세,경상
2018020600100403,2018년 2월 6일 16시,화요일,전라남도 목포시 용해동,경상사고,0,0,3,0,차대차 - 추돌,안전운전불이행,서리/결빙,맑음,단일로 - 터널,승용,남,51세,상해없음,승용,남,63세,경상
2018020600100404,2018년 2월 6일 16시,화요일,전라남도 목포시 용해동,경상사고,0,0,2,0,차대차 - 추돌,안전운전불이행,서리/결빙,맑음,단일로 - 터널,승용,남,53세,경상,승용,여,37세,상해없음
2018020600100437,2018년 2월 6일 17시,화요일,전라남도 순천시 조곡동,중상사고,0,1,0,0,차대차 - 측면충돌,직진우회전진행방해,건조,맑음,교차로 - 교차로안,이륜,남,18세,중상,승용,남,23세,상해없음
2018020600100481,2018년 2월 6일 18시,화요일,전라남도 목포시 산정동,경상사고,0,0,1,0,차대차 - 기타,신호위반,적설,눈,교차로 - 교차로안,승용,여,54세,상해없음,승용,남,61세,경상
2018020600100484,2018년 2월 6일 18시,화요일,전라남도 무안군 현경면,중상사고,0,1,1,0,차대차 - 정면충돌,중앙선침범,서리/결빙,기타,교차로 - 교차로부근,승용,남,38세,상해없음,승용,남,62세,경상
2018020600100520,2018년 2월 6일 19시,화요일,전라남도 여수시 선원동,중상사고,0,1,1,0,차대차 - 측면충돌,안전운전불이행,건조,맑음,교차로 - 교차로안,승용,여,31세,경상,승용,여,51세,중상
2018020600100584,2018년 2월 6일 21시,화요일,전라남도 여수시 선원동,중상사고,0,1,0,0,차대사람 - 횡단중,신호위반,건조,맑음,교차로 - 교차로안,승용,남,24세,상해없음,보행자,남,51세,중상
2018020600100585,2018년 2월 6일 21시,화요일,전라남도 보성군 벌교읍,중상사고,0,1,1,0,차대차 - 측면충돌,교차로운행방법위반,건조,맑음,교차로 - 교차로안,승용,남,39세,중상,승용,남,34세,경상
2018020600100586,2018년 2월 6일 21시,화요일,전라남도 화순군 동면,경상사고,0,0,1,0,차대차 - 측면충돌,교차로운행방법위반,건조,맑음,교차로 - 교차로안,승용,남,30세,경상,화물,남,56세,상해없음
2018020600100618,2018년 2월 6일 22시,화요일,전라남도 여수시 여서동,경상사고,0,0,1,0,차대차 - 측면충돌,안전운전불이행,건조,맑음,교차로 - 교차로부근,승용,남,36세,상해없음,승용,여,36세,경상
2018020600100619,2018년 2월 6일 22시,화요일,전라남도 여수시 학동,경상사고,0,0,2,0,차대차 - 측면충돌,안전운전불이행,건조,맑음,교차로 - 교차로부근,승용,남,63세,상해없음,승용,남,32세,경상
2018020600100620,2018년 2월 6일 22시,화요일,전라남도 해남군 옥천면,경상사고,0,0,2,0,차대차 - 기타,안전운전불이행,젖음/습기,흐림,단일로 - 기타,승용,남,20세,상해없음,승용,남,20세,경상
2018020700100010,2018년 2월 7일 00시,수요일,전라남도 목포시 상동,경상사고,0,0,1,0,차대차 - 추돌,안전운전불이행,적설,눈,단일로 - 기타,승용,남,32세,상해없음,승용,남,50세,경상
2018020700100027,2018년 2월 7일 01시,수요일,전라남도 광양시 광양읍,경상사고,0,0,1,0,차대차 - 추돌,안전운전불이행,건조,맑음,교차로 - 교차로부근,승용,남,35세,상해없음,승용,여,31세,경상
2018020700100035,2018년 2월 7일 02시,수요일,전라남도 나주시 노안면,사망사고,1,0,1,0,차량단독 - 전도전복 - 전도,안전운전불이행,적설,눈,단일로 - 기타,승용,남,21세,사망,미분류,미분류,미분류,미분류
2018020700100054,2018년 2월 7일 04시,수요일,전라남도 목포시 상동,경상사고,0,0,1,0,차대차 - 기타,안전운전불이행,서리/결빙,눈,교차로 - 교차로부근,승용,남,22세,상해없음,승용,남,46세,경상
2018020700100113,2018년 2월 7일 07시,수요일,전라남도 영암군 삼호읍,경상사고,0,0,1,1,차대차 - 추돌,안전운전불이행,서리/결빙,눈,단일로 - 교량,승용,남,33세,상해없음,승용,남,38세,경상
2018020700100194,2018년 2월 7일 09시,수요일,전라남도 신안군 압해읍,중상사고,0,2,2,0,차대차 - 정면충돌,중앙선침범,서리/결빙,흐림,단일로 - 기타,승용,여,56세,중상,승용,남,52세,경상
2018020700100195,2018년 2월 7일 09시,수요일,전라남도 영암군 삼호읍,경상사고,0,0,1,0,차대차 - 추돌,안전운전불이행,서리/결빙,맑음,단일로 - 교량,승용,남,46세,상해없음,승용,여,32세,경상
2018020700100217,2018년 2월 7일 10시,수요일,전라남도 영암군 영암읍,경상사고,0,0,3,0,차대차 - 측면충돌,안전운전불이행,젖음/습기,흐림,교차로 - 교차로안,승용,여,52세,경상,승용,남,55세,경상
2018020700100252,2018년 2월 7일 11시,수요일,전라남도 나주시 산포면,경상사고,0,0,2,0,차대차 - 측면충돌,직진우회전진행방해,건조,맑음,교차로 - 교차로안,승용,여,59세,경상,승용,남,37세,경상
2018020700100278,2018년 2월 7일 12시,수요일,전라남도 여수시 공화동,중상사고,0,1,0,0,차대차 - 측면충돌,안전운전불이행,건조,맑음,교차로 - 교차로안,승합,남,54세,상해없음,이륜,남,68세,중상
2018020700100279,2018년 2월 7일 12시,수요일,전라남도 여수시 소라면,경상사고,0,0,1,0,차대차 - 측면충돌,신호위반,건조,맑음,교차로 - 교차로안,승용,남,35세,상해없음,원동기,남,44세,경상
2018020700100280,2018년 2월 7일 12시,수요일,전라남도 영암군 삼호읍,경상사고,0,0,3,0,차대차 - 추돌,안전운전불이행,건조,맑음,교차로 - 교차로부근,승용,남,36세,상해없음,승용,남,57세,경상
2018020700100281,2018년 2월 7일 12시,수요일,전라남도 완도군 금일읍,경상사고,0,0,1,0,차대사람 - 기타,안전운전불이행,건조,맑음,기타 - 기타,승용,남,62세,상해없음,보행자,여,74세,경상
2018020700100306,2018년 2월 7일 13시,수요일,전라남도 여수시 율촌면,경상사고,0,0,1,0,차대차 - 기타,차로위반,건조,맑음,단일로 - 기타,승용,남,23세,기타불명,승용,남,39세,상해없음
2018020700100307,2018년 2월 7일 13시,수요일,전라남도 해남군 북평면,경상사고,0,0,2,0,차대차 - 기타,교차로운행방법위반,건조,맑음,교차로 - 교차로안,화물,남,34세,경상,화물,남,42세,경상
2018020700100339,2018년 2월 7일 14시,수요일,전라남도 곡성군 곡성읍,경상사고,0,0,1,0,차대차 - 측면충돌,직진우회전진행방해,건조,맑음,교차로 - 교차로안,화물,여,60세,상해없음,승용,남,50세,경상
2018020700100373,2018년 2월 7일 15시,수요일,전라남도 무안군 일로읍,경상사고,0,0,1,0,차대차 - 추돌,교차로운행방법위반,건조,맑음,교차로 - 교차로안,화물,남,58세,상해없음,승용,남,67세,경상
2018020700100445,2018년 2월 7일 17시,수요일,전라남도 목포시 산정동,중상사고,0,1,2,0,차대사람 - 기타,안전운전불이행,적설,맑음,단일로 - 기타,승용,남,32세,상해없음,보행자,여,16세,중상
2018020700100446,2018년 2월 7일 17시,수요일,전라남도 장성군 남면,사망사고,1,0,0,0,차량단독 - 공작물충돌,안전운전불이행,젖음/습기,눈,교차로 - 교차로안,승용,남,62세,사망,,,,
2018020700100447,2018년 2월 7일 17시,수요일,전라남도 담양군 무정면,경상사고,0,0,1,0,차대차 - 추돌,안전거리미확보,건조,맑음,교차로 - 교차로부근,승용,남,58세,상해없음,승용,여,72세,경상
2018020700100448,2018년 2월 7일 17시,수요일,전라남도 광양시 광양읍,경상사고,0,0,1,0,차대차 - 추돌,안전거리미확보,건조,맑음,단일로 - 기타,승용,여,54세,상해없음,승용,남,47세,경상
2018020700100506,2018년 2월 7일 18시,수요일,전라남도 담양군 대전면,경상사고,0,0,1,0,차대차 - 추돌,안전운전불이행,건조,맑음,단일로 - 기타,승용,남,37세,상해없음,승용,남,48세,경상
2018020700100556,2018년 2월 7일 19시,수요일,전라남도 해남군 현산면,중상사고,0,1,0,0,차량단독 - 전도전복 - 전도,안전운전불이행,서리/결빙,눈,단일로 - 기타,승용,남,53세,중상,미분류,미분류,미분류,미분류
2018020700100557,2018년 2월 7일 19시,수요일,전라남도 함평군 나산면,경상사고,0,0,1,0,차대차 - 정면충돌,중앙선침범,건조,맑음,교차로 - 교차로부근,화물,남,59세,상해없음,승용,남,57세,경상
2018020700100558,2018년 2월 7일 19시,수요일,전라남도 구례군 구례읍,경상사고,0,0,1,0,차대차 - 측면충돌,안전운전불이행,건조,맑음,단일로 - 기타,승용,남,51세,상해없음,특수,남,60세,경상
2018020700100603,2018년 2월 7일 20시,수요일,전라남도 영광군 영광읍,경상사고,0,0,2,0,차대차 - 측면충돌,직진우회전진행방해,건조,맑음,교차로 - 교차로안,승용,여,43세,경상,승용,남,30세,경상
2018020700100604,2018년 2월 7일 20시,수요일,전라남도 영광군 영광읍,경상사고,0,0,1,0,차량단독 - 공작물충돌,안전운전불이행,건조,맑음,단일로 - 기타,승용,남,62세,상해없음,,,,
2018020700100668,2018년 2월 7일 22시,수요일,전라남도 여수시 학동,경상사고,0,0,1,0,차대차 - 추돌,안전운전불이행,건조,맑음,교차로 - 교차로부근,승용,남,34세,상해없음,승용,남,55세,경상
2018020800100017,2018년 2월 8일 00시,목요일,전라남도 순천시 가곡동,경상사고,0,0,1,0,차대차 - 추돌,안전운전불이행,건조,맑음,교차로 - 교차로부근,승용,남,52세,상해없음,승용,남,67세,상해없음
2018020800100018,2018년 2월 8일 00시,목요일,전라남도 담양군 수북면,경상사고,0,0,2,0,차량단독 - 공작물충돌,안전운전불이행,건조,맑음,교차로 - 교차로안,승용,남,43세,경상,,,,
2018020800100030,2018년 2월 8일 01시,목요일,전라남도 영암군 삼호읍,경상사고,0,0,2,0,차대차 - 추돌,안전운전불이행,건조,맑음,단일로 - 기타,승용,여,39세,상해없음,승용,남,22세,경상
2018020800100148,2018년 2월 8일 08시,목요일,전라남도 여수시 안산동,경상사고,0,0,2,0,차대차 - 측면충돌,안전운전불이행,건조,맑음,교차로 - 교차로안,승용,여,36세,상해없음,승용,여,42세,경상
2018020800100149,2018년 2월 8일 08시,목요일,전라남도 보성군 벌교읍,중상사고,0,1,0,0,차대차 - 측면충돌,직진우회전진행방해,건조,맑음,교차로 - 교차로안,승합,남,66세,상해없음,이륜,남,58세,중상
2018020800100150,2018년 2월 8일 08시,목요일,전라남도 완도군 노화읍,경상사고,0,0,1,0,차대사람 - 차도통행중,안전운전불이행,건조,맑음,단일로 - 기타,화물,남,70세,상해없음,보행자,여,61세,경상
2018020800100151,2018년 2월 8일 08시,목요일,전라남도 광양시 성황동,경상사고,0,0,2,0,차량단독 - 공작물충돌,안전운전불이행,서리/결빙,맑음,단일로 - 기타,승용,여,41세,경상,,,,
2018020800100198,2018년 2월 8일 09시,목요일,전라남도 여수시 학동,경상사고,0,0,1,0,차대차 - 측면충돌,안전운전불이행,건조,맑음,교차로 - 교차로안,승용,남,62세,상해없음,자전거,남,33세,경상
2018020800100236,2018년 2월 8일 10시,목요일,전라남도 목포시 산정동,경상사고,0,0,1,1,차대차 - 측면충돌,교차로운행방법위반,서리/결빙,맑음,교차로 - 교차로안,승용,여,64세,부상신고,화물,남,55세,경상
2018020800100237,2018년 2월 8일 10시,목요일,전라남도 진도군 진도읍,중상사고,0,1,0,0,차대사람 - 차도통행중,안전운전불이행,건조,맑음,교차로 - 교차로부근,화물,남,77세,상해없음,보행자,여,87세,중상
2018020800100302,2018년 2월 8일 12시,목요일,전라남도 강진군 강진읍,경상사고,0,0,1,0,차대사람 - 횡단중,보행자보호의무위반,건조,맑음,교차로 - 교차로횡단보도내,승용,남,61세,상해없음,보행자,남,9세,경상
2018020800100334,2018년 2월 8일 13시,목요일,전라남도 해남군 해남읍,경상사고,0,0,1,0,차대사람 - 횡단중,안전운전불이행,건조,맑음,단일로 - 기타,승용,남,65세,상해없음,보행자,여,77세,경상
2018020800100368,2018년 2월 8일 14시,목요일,전라남도 완도군 완도읍,경상사고,0,0,2,0,차대차 - 측면충돌,안전운전불이행,건조,맑음,단일로 - 기타,화물,남,68세,상해없음,화물,남,67세,경상
2018020800100465,2018년 2월 8일 16시,목요일,전라남도 담양군 용면,사망사고,1,0,0,0,차량단독 - 공작물충돌,안전운전불이행,서리/결빙,맑음,단일로 - 교량,화물,남,43세,사망,,,,
2018020800100466,2018년 2월 8일 16시,목요일,전라남도 담양군 금성면,중상사고,0,1,1,0,차대차 - 후진중충돌,불법유턴,건조,맑음,단일로 - 기타,건설기계,여,55세,상해없음,승합,남,64세,상해없음
2018020800100467,2018년 2월 8일 16시,목요일,전라남도 광양시 중동,부상신고사고,0,0,0,1,차대차 - 측면충돌,교차로운행방법위반,건조,맑음,교차로 - 교차로안,이륜,남,75세,부상신고,화물,남,40세,상해없음
2018020800100537,2018년 2월 8일 18시,목요일,전라남도 여수시 학동,경상사고,0,0,1,0,차대차 - 측면충돌,차로위반,건조,맑음,교차로 - 교차로부근,승용,남,52세,상해없음,승용,여,47세,경상
2018020800100538,2018년 2월 8일 18시,목요일,전라남도 순천시 송광면,경상사고,0,0,1,0,차대차 - 측면충돌,안전운전불이행,건조,맑음,단일로 - 기타,화물,남,55세,상해없음,승용,남,46세,경상
2018020800100539,2018년 2월 8일 18시,목요일,전라남도 영암군 삼호읍,경상사고,0,0,1,0,차대사람 - 보도통행중,신호위반,건조,맑음,교차로 - 교차로횡단보도내,승용,여,68세,상해없음,보행자,남,7세,경상
2018020800100540,2018년 2월 8일 18시,목요일,전라남도 무안군 삼향읍,경상사고,0,0,1,0,차대차 - 측면충돌,안전운전불이행,건조,맑음,교차로 - 교차로안,승용,여,51세,상해없음,승용,남,65세,경상
2018020800100590,2018년 2월 8일 19시,목요일,전라남도 순천시 조례동,경상사고,0,0,1,0,차대차 - 추돌,안전운전불이행,건조,맑음,단일로 - 기타,화물,남,38세,상해없음,승용,남,38세,경상
2018020800100591,2018년 2월 8일 19시,목요일,전라남도 나주시 남평읍,경상사고,0,0,2,0,차대차 - 측면충돌,직진우회전진행방해,건조,맑음,교차로 - 교차로안,승용,남,55세,상해없음,승용,남,28세,경상
2018020900100038,2018년 2월 9일 01시,금요일,전라남도 장성군 장성읍,중상사고,0,1,1,0,차대차 - 측면충돌,신호위반,건조,맑음,교차로 - 교차로안,화물,남,46세,경상,승용,여,27세,중상
2018020900100069,2018년 2월 9일 05시,금요일,전라남도 광양시 광양읍,부상신고사고,0,0,0,1,차량단독 - 공작물충돌,안전운전불이행,건조,맑음,단일로 - 기타,승합,남,51세,부상신고,,,,
2018020900100100,2018년 2월 9일 07시,금요일,전라남도 화순군 화순읍,경상사고,0,0,1,0,차대차 - 측면충돌,안전운전불이행,건조,맑음,교차로 - 교차로안,승용,남,43세,상해없음,승용,남,25세,경상
2018020900100135,2018년 2월 9일 08시,금요일,전라남도 목포시 산정동,경상사고,0,0,1,0,차대차 - 추돌,안전운전불이행,건조,맑음,단일로 - 기타,승용,남,58세,상해없음,승용,여,41세,경상
2018020900100136,2018년 2월 9일 08시,금요일,전라남도 순천시 해룡면,중상사고,0,2,4,0,차대차 - 측면충돌,교차로운행방법위반,건조,맑음,교차로 - 교차로안,승용,여,42세,경상,승용,남,52세,중상
2018020900100137,2018년 2월 9일 08시,금요일,전라남도 광양시 마동,중상사고,0,2,1,0,차대차 - 측면충돌,신호위반,건조,맑음,교차로 - 교차로안,승용,남,34세,경상,화물,남,60세,중상
2018020900100175,2018년 2월 9일 09시,금요일,전라남도 여수시 여천동,경상사고,0,0,1,0,차대차 - 측면충돌,안전운전불이행,건조,맑음,교차로 - 교차로부근,건설기계,남,61세,상해없음,승용,남,42세,경상
2018020900100176,2018년 2월 9일 09시,금요일,전라남도 무안군 청계면,경상사고,0,0,1,0,차대차 - 기타,안전운전불이행,건조,맑음,교차로 - 교차로안,화물,남,68세,상해없음,승용,남,25세,경상
2018020900100213,2018년 2월 9일 10시,금요일,전라남도 목포시 산정동,경상사고,0,0,3,0,차대차 - 추돌,안전거리미확보,건조,맑음,교차로 - 교차로안,승합,남,51세,상해없음,승용,남,28세,상해없음
2018020900100214,2018년 2월 9일 10시,금요일,전라남도 구례군 마산면,경상사고,0,0,2,0,차대차 - 추돌,안전거리미확보,건조,맑음,교차로 - 교차로안,승용,남,49세,상해없음,화물,남,74세,경상
2018020900100254,2018년 2월 9일 11시,금요일,전라남도 여수시 봉강동,경상사고,0,0,1,0,차대차 - 추돌,안전운전불이행,건조,맑음,교차로 - 교차로부근,화물,남,46세,상해없음,승용,남,35세,경상
2018020900100255,2018년 2월 9일 11시,금요일,전라남도 함평군 함평읍,경상사고,0,0,1,0,차대사람 - 길가장자리구역통행중,안전운전불이행,건조,맑음,단일로 - 기타,승용,여,27세,상해없음,보행자,여,62세,경상
2018020900100287,2018년 2월 9일 12시,금요일,전라남도 목포시 상동,경상사고,0,0,1,0,차대사람 - 횡단중,보행자보호의무위반,건조,맑음,단일로 - 기타,승용,남,28세,상해없음,보행자,여,25세,경상
2018020900100288,2018년 2월 9일 12시,금요일,전라남도 목포시 옥암동,경상사고,0,0,2,0,차대차 - 기타,교차로운행방법위반,건조,맑음,교차로 - 교차로안,화물,남,73세,경상,승용,남,53세,경상
2018020900100289,2018년 2월 9일 12시,금요일,전라남도 여수시 미평동,경상사고,0,0,1,0,차대차 - 측면충돌,신호위반,건조,맑음,교차로 - 교차로안,승용,남,54세,상해없음,승용,남,62세,경상
2018020900100290,2018년 2월 9일 12시,금요일,전라남도 광양시 마동,중상사고,0,1,0,0,차대차 - 측면충돌,직진우회전진행방해,건조,맑음,교차로 - 교차로안,원동기,남,83세,중상,승용,여,47세,상해없음
2018020900100329,2018년 2월 9일 13시,금요일,전라남도 영암군 서호면,경상사고,0,0,1,0,차대차 - 측면충돌,안전운전불이행,건조,맑음,단일로 - 기타,화물,남,77세,상해없음,이륜,남,85세,경상