사고번호,사고일시,요일,시군구,사고내용,사망자수,중상자수,경상자수,부상신고자수,사고유형,법규위반,노면상태,기상상태,도로형태,가해운전자 차종,가해운전자 성별,가해운전자 연령,가해운전자 상해정도,피해운전자 차종,피해운전자 성별,피해운전자 연령,피해운전자 상해정도
2018020900100389,2018년 2월 9일 15시,금요일,전라남도 목포시 산정동,경상사고,0,0,2,0,차대차 - 측면충돌,신호위반,젖음/습기,맑음,교차로 - 교차로안,승용,남,43세,기타불명,승용,남,67세,경상
2018020900100390,2018년 2월 9일 15시,금요일,전라남도 순천시 생목동,경상사고,0,0,1,0,차대차 - 측면충돌,신호위반,건조,맑음,교차로 - 교차로안,승용,여,50세,상해없음,승용,남,25세,경상
2018020900100391,2018년 2월 9일 15시,금요일,전라남도 영암군 신북면,중상사고,0,1,1,0,차대차 - 정면충돌,신호위반,건조,맑음,교차로 - 교차로안,승용,남,66세,경상,화물,남,58세,중상
2018020900100425,2018년 2월 9일 16시,금요일,전라남도 순천시 덕월동,경상사고,0,0,3,0,차대차 - 측면충돌,신호위반,건조,맑음,교차로 - 교차로안,승용,남,71세,상해없음,승용,남,55세,경상
2018020900100467,2018년 2월 9일 17시,금요일,전라남도 목포시 석현동,경상사고,0,0,3,0,차대차 - 측면충돌,안전운전불이행,젖음/습기,흐림,단일로 - 기타,승합,여,56세,경상,화물,남,65세,경상
2018020900100468,2018년 2월 9일 17시,금요일,전라남도 장성군 삼계면,중상사고,0,1,0,0,차대사람 - 기타,안전운전불이행,건조,맑음,단일로 - 기타,화물,여,66세,상해없음,보행자,여,88세,중상
2018020900100469,2018년 2월 9일 17시,금요일,전라남도 광양시 태인동,경상사고,0,0,1,0,차대사람 - 기타,안전운전불이행,건조,맑음,단일로 - 기타,승용,여,52세,상해없음,보행자,남,48세,경상
2018020900100521,2018년 2월 9일 18시,금요일,전라남도 순천시 조례동,경상사고,0,0,15,0,차대차 - 측면충돌,신호위반,건조,맑음,교차로 - 교차로안,승용,여,46세,상해없음,승합,남,61세,경상
2018020900100522,2018년 2월 9일 18시,금요일,전라남도 영암군 신북면,경상사고,0,0,3,0,차대차 - 추돌,안전운전불이행,건조,맑음,교차로 - 교차로부근,승용,남,44세,경상,화물,여,57세,경상
2018020900100523,2018년 2월 9일 18시,금요일,전라남도 영암군 신북면,경상사고,0,0,1,0,차대차 - 추돌,안전운전불이행,건조,맑음,단일로 - 기타,승용,남,40세,상해없음,승용,남,44세,경상
2018020900100584,2018년 2월 9일 19시,금요일,전라남도 목포시 상동,경상사고,0,0,2,0,차대차 - 추돌,안전운전불이행,건조,맑음,단일로 - 기타,승용,남,51세,상해없음,승용,여,39세,경상
2018020900100585,2018년 2월 9일 19시,금요일,전라남도 목포시 석현동,경상사고,0,0,2,0,차대차 - 추돌,안전거리미확보,건조,흐림,교차로 - 교차로부근,승용,남,53세,상해없음,승용,여,51세,경상
2018020900100586,2018년 2월 9일 19시,금요일,전라남도 목포시 옥암동,경상사고,0,0,1,0,차대차 - 후진중충돌,안전운전불이행,젖음/습기,흐림,단일로 - 기타,승용,남,70세,상해없음,화물,남,31세,경상
2018020900100587,2018년 2월 9일 19시,금요일,전라남도 화순군 화순읍,경상사고,0,0,1,0,차대차 - 기타,안전운전불이행,건조,맑음,단일로 - 기타,승용,남,27세,상해없음,이륜,남,33세,경상
2018020900100588,2018년 2월 9일 19시,금요일,전라남도 진도군 진도읍,경상사고,0,0,2,0,차대사람 - 길가장자리구역통행중,기타,건조,맑음,단일로 - 기타,승용,남,51세,상해없음,보행자,여,13세,경상
2018020900100676,2018년 2월 9일 21시,금요일,전라남도 순천시 동외동,중상사고,0,1,0,0,차대사람 - 횡단중,보행자보호의무위반,건조,맑음,단일로 - 기타,승용,남,45세,상해없음,보행자,여,73세,중상
2018020900100677,2018년 2월 9일 21시,금요일,전라남도 보성군 득량면,사망사고,1,0,0,0,차량단독 - 기타,안전운전불이행,건조,맑음,단일로 - 기타,원동기,남,75세,사망,,,,
2018020900100717,2018년 2월 9일 22시,금요일,전라남도 순천시 해룡면,중상사고,0,1,0,0,차대차 - 측면충돌,안전운전불이행,건조,맑음,단일로 - 기타,승용,남,40세,상해없음,이륜,남,21세,중상
2018020900100763,2018년 2월 9일 23시,금요일,전라남도 순천시 조례동,경상사고,0,0,1,0,차대사람 - 길가장자리구역통행중,안전운전불이행,건조,맑음,교차로 - 교차로부근,승용,남,41세,상해없음,보행자,여,21세,경상
2018021000100017,2018년 2월 10일 00시,토요일,전라남도 해남군 해남읍,경상사고,0,0,2,0,차대차 - 측면충돌,과속,건조,맑음,교차로 - 교차로부근,승용,남,29세,상해없음,승용,남,68세,경상
2018021000100121,2018년 2월 10일 06시,토요일,전라남도 순천시 해룡면,중상사고,0,1,0,0,차대차 - 측면충돌,안전운전불이행,건조,맑음,단일로 - 기타,승용,남,31세,중상,화물,남,58세,상해없음
2018021000100131,2018년 2월 10일 07시,토요일,전라남도 순천시 연향동,경상사고,0,0,1,0,차대차 - 측면충돌,안전운전불이행,서리/결빙,눈,교차로 - 교차로부근,승용,여,36세,상해없음,승용,여,32세,경상
2018021000100151,2018년 2월 10일 08시,토요일,전라남도 목포시 산정동,중상사고,0,1,0,0,차대사람 - 횡단중,신호위반,건조,맑음,단일로 - 기타,승용,여,39세,상해없음,보행자,여,39세,중상
2018021000100152,2018년 2월 10일 08시,토요일,전라남도 순천시 황전면,중상사고,0,1,3,0,차대차 - 측면충돌,안전운전불이행,건조,맑음,단일로 - 터널,승용,남,18세,상해없음,승용,남,55세,중상
2018021000100178,2018년 2월 10일 09시,토요일,전라남도 나주시 보산동,경상사고,0,0,1,0,차대차 - 측면충돌,안전운전불이행,건조,맑음,단일로 - 기타,승용,남,65세,상해없음,자전거,남,40세,경상
2018021000100179,2018년 2월 10일 09시,토요일,전라남도 광양시 광양읍,경상사고,0,0,1,0,차량단독 - 공작물충돌,안전운전불이행,건조,맑음,단일로 - 기타,승용,남,25세,경상,,,,
2018021000100203,2018년 2월 10일 10시,토요일,전라남도 여수시 돌산읍,경상사고,0,0,1,0,차대차 - 측면충돌,안전운전불이행,건조,맑음,교차로 - 교차로안,화물,남,62세,상해없음,승합,남,56세,상해없음
2018021000100204,2018년 2월 10일 10시,토요일,전라남도 영광군 영광읍,중상사고,0,1,0,0,차대차 - 기타,직진우회전진행방해,건조,맑음,교차로 - 교차로안,화물,남,41세,상해없음,이륜,남,81세,중상
2018021000100205,2018년 2월 10일 10시,토요일,전라남도 장성군 장성읍,경상사고,0,0,2,0,차대차 - 추돌,안전운전불이행,건조,맑음,단일로 - 기타,승용,남,76세,상해없음,승용,남,26세,경상
2018021000100206,2018년 2월 10일 10시,토요일,전라남도 광양시 옥룡면,중상사고,0,2,0,0,차대차 - 기타,안전운전불이행,건조,맑음,단일로 - 기타,승용,여,46세,상해없음,화물,남,59세,중상
2018021000100257,2018년 2월 10일 12시,토요일,전라남도 여수시 웅천동,경상사고,0,0,2,0,차대차 - 기타,안전운전불이행,건조,맑음,단일로 - 기타,승용,남,70세,상해없음,승용,남,34세,경상
2018021000100258,2018년 2월 10일 12시,토요일,전라남도 여수시 오림동,경상사고,0,0,1,0,차대차 - 측면충돌,안전운전불이행,건조,맑음,단일로 - 기타,승용,여,62세,상해없음,자전거,남,28세,경상
2018021000100259,2018년 2월 10일 12시,토요일,전라남도 순천시 동외동,경상사고,0,0,1,0,차대차 - 측면충돌,안전운전불이행,건조,맑음,단일로 - 기타,이륜,남,76세,경상,화물,남,48세,상해없음
2018021000100277,2018년 2월 10일 13시,토요일,전라남도 목포시 연산동,중상사고,0,6,0,0,차대차 - 추돌,과속,건조,맑음,교차로 - 교차로부근,승용,남,69세,중상,승용,남,43세,중상
2018021000100278,2018년 2월 10일 13시,토요일,전라남도 목포시 상동,경상사고,0,0,1,0,차대차 - 기타,안전운전불이행,건조,맑음,단일로 - 기타,기타불명,기타불명,미분류,기타불명,기타불명,기타불명,미분류,기타불명
2018021000100279,2018년 2월 10일 13시,토요일,전라남도 영암군 삼호읍,경상사고,0,0,1,0,차대차 - 측면충돌,신호위반,건조,맑음,교차로 - 교차로안,승용,남,61세,상해없음,화물,남,48세,경상
2018021000100341,2018년 2월 10일 15시,토요일,전라남도 장흥군 장동면,경상사고,0,0,1,0,차대차 - 추돌,안전운전불이행,건조,맑음,단일로 - 기타,승용,여,59세,상해없음,승용,남,64세,경상
2018021000100367,2018년 2월 10일 16시,토요일,전라남도 순천시 조례동,경상사고,0,0,2,0,차대차 - 추돌,안전운전불이행,건조,맑음,교차로 - 교차로부근,승용,남,53세,상해없음,승용,여,36세,경상
2018021000100368,2018년 2월 10일 16시,토요일,전라남도 해남군 송지면,사망사고,1,0,0,0,차대사람 - 기타,안전운전불이행,건조,맑음,단일로 - 기타,화물,남,61세,상해없음,보행자,남,59세,사망
2018021000100394,2018년 2월 10일 17시,토요일,전라남도 여수시 신기동,중상사고,0,1,0,0,차대사람 - 보도통행중,보행자보호의무위반,건조,맑음,단일로 - 기타,승용,여,34세,기타불명,보행자,여,49세,중상
2018021000100395,2018년 2월 10일 17시,토요일,전라남도 고흥군 도양읍,경상사고,0,0,1,0,차대차 - 정면충돌,중앙선침범,건조,맑음,단일로 - 기타,승용,남,59세,상해없음,승용,남,42세,경상
2018021000100423,2018년 2월 10일 18시,토요일,전라남도 목포시 상동,경상사고,0,0,1,0,차대차 - 기타,안전운전불이행,건조,맑음,단일로 - 기타,승용,남,68세,상해없음,승용,남,64세,경상
2018021000100424,2018년 2월 10일 18시,토요일,전라남도 담양군 담양읍,경상사고,0,0,4,0,차대차 - 추돌,안전운전불이행,젖음/습기,눈,단일로 - 기타,화물,남,42세,상해없음,승용,남,41세,경상
2018021000100468,2018년 2월 10일 19시,토요일,전라남도 광양시 중동,경상사고,0,0,1,0,차대차 - 측면충돌,안전운전불이행,건조,맑음,교차로 - 교차로안,승용,남,52세,상해없음,승합,남,64세,상해없음
2018021000100490,2018년 2월 10일 20시,토요일,전라남도 순천시 왕지동,경상사고,0,0,1,0,차대차 - 측면충돌,안전운전불이행,건조,맑음,단일로 - 기타,승용,남,63세,상해없음,승용,남,25세,상해없음
2018021000100517,2018년 2월 10일 21시,토요일,전라남도 해남군 해남읍,경상사고,0,0,3,0,차대차 - 측면충돌,직진우회전진행방해,건조,맑음,교차로 - 교차로안,승용,남,38세,경상,승용,남,52세,경상
2018021000100518,2018년 2월 10일 21시,토요일,전라남도 광양시 금호동,경상사고,0,0,1,0,차대차 - 추돌,안전운전불이행,건조,맑음,교차로 - 교차로부근,승용,남,49세,상해없음,승용,여,54세,경상
2018021000100519,2018년 2월 10일 21시,토요일,전라남도 광양시 광양읍,중상사고,0,1,2,0,차대차 - 추돌,안전거리미확보,건조,맑음,교차로 - 교차로부근,승용,여,35세,상해없음,승용,남,57세,중상
2018021000100562,2018년 2월 10일 23시,토요일,전라남도 목포시 상동,경상사고,0,0,1,0,차대사람 - 기타,안전운전불이행,건조,맑음,단일로 - 기타,승용,남,17세,상해없음,보행자,여,21세,경상
2018021100100012,2018년 2월 11일 00시,일요일,전라남도 목포시 용해동,경상사고,0,0,1,0,차대차 - 추돌,안전운전불이행,건조,맑음,교차로 - 교차로부근,승합,남,36세,상해없음,승용,남,60세,경상
2018021100100031,2018년 2월 11일 01시,일요일,전라남도 목포시 옥암동,경상사고,0,0,1,0,차대차 - 추돌,안전운전불이행,건조,맑음,단일로 - 기타,승용,남,34세,상해없음,승용,남,48세,경상
2018021100100046,2018년 2월 11일 02시,일요일,전라남도 여수시 안산동,경상사고,0,0,3,0,차대차 - 추돌,안전운전불이행,건조,맑음,교차로 - 교차로부근,승용,여,35세,상해없음,승용,남,32세,경상
2018021100100070,2018년 2월 11일 04시,일요일,전라남도 목포시 산정동,사망사고,1,0,0,0,차대사람 - 차도통행중,안전운전불이행,건조,맑음,단일로 - 기타,승용,남,31세,상해없음,보행자,남,57세,사망
2018021100100092,2018년 2월 11일 06시,일요일,전라남도 순천시 동외동,경상사고,0,0,1,0,차대차 - 측면충돌,교차로운행방법위반,서리/결빙,눈,교차로 - 교차로안,승용,남,73세,상해없음,승용,여,53세,경상
2018021100100093,2018년 2월 11일 06시,일요일,전라남도 광양시 중동,경상사고,0,0,2,0,차대차 - 추돌,안전운전불이행,적설,눈,교차로 - 교차로부근,승용,남,22세,상해없음,승용,남,60세,경상
2018021100100185,2018년 2월 11일 12시,일요일,전라남도 목포시 용해동,경상사고,0,0,1,0,차대사람 - 기타,안전운전불이행,건조,맑음,단일로 - 기타,승용,여,56세,상해없음,보행자,남,11세,경상
2018021100100186,2018년 2월 11일 12시,일요일,전라남도 여수시 만흥동,경상사고,0,0,2,0,차대차 - 추돌,기타,건조,맑음,단일로 - 고가도로위,승용,남,38세,상해없음,승용,남,30세,경상
2018021100100210,2018년 2월 11일 13시,일요일,전라남도 나주시 안창동,경상사고,0,0,4,0,차대차 - 측면충돌,중앙선침범,건조,맑음,단일로 - 기타,승용,남,71세,경상,승합,남,46세,경상
2018021100100335,2018년 2월 11일 18시,일요일,전라남도 순천시 풍덕동,경상사고,0,0,1,0,차대차 - 측면충돌,직진우회전진행방해,건조,맑음,교차로 - 교차로안,승용,남,26세,상해없음,승용,남,33세,경상
2018021100100336,2018년 2월 11일 18시,일요일,전라남도 광양시 광영동,부상신고사고,0,0,0,2,차대차 - 측면충돌,교차로운행방법위반,건조,맑음,교차로 - 교차로안,이륜,남,13세,부상신고,승용,여,55세,상해없음
2018021100100396,2018년 2월 11일 20시,일요일,전라남도 목포시 용당동,경상사고,0,0,2,0,차대차 - 추돌,안전거리미확보,적설,눈,단일로 - 기타,승용,남,18세,상해없음,승용,여,38세,경상
2018021100100397,2018년 2월 11일 20시,일요일,전라남도 순천시 연향동,중상사고,0,1,0,0,차대차 - 측면충돌,안전운전불이행,젖음/습기,눈,교차로 - 교차로부근,이륜,남,41세,상해없음,이륜,남,17세,중상
2018021100100425,2018년 2월 11일 21시,일요일,전라남도 목포시 상동,경상사고,0,0,1,0,차대차 - 기타,차로위반,적설,눈,교차로 - 교차로부근,승용,남,39세,상해없음,이륜,남,16세,경상
2018021100100426,2018년 2월 11일 21시,일요일,전라남도 순천시 장천동,경상사고,0,0,1,0,차대사람 - 횡단중,안전운전불이행,젖음/습기,눈,교차로 - 교차로안,승용,남,55세,상해없음,보행자,남,69세,경상
2018021100100427,2018년 2월 11일 21시,일요일,전라남도 화순군 한천면,경상사고,0,0,3,0,차대차 - 측면충돌,안전운전불이행,서리/결빙,눈,단일로 - 교량,승용,남,37세,경상,화물,남,35세,경상
2018021100100472,2018년 2월 11일 23시,일요일,전라남도 강진군 군동면,경상사고,0,0,1,1,차대차 - 추돌,안전운전불이행,서리/결빙,눈,교차로 - 교차로부근,화물,남,49세,부상신고,화물,남,53세,경상
2018021200100007,2018년 2월 12일 00시,월요일,전라남도 순천시 연향동,경상사고,0,0,1,0,차대차 - 측면충돌,교차로운행방법위반,서리/결빙,맑음,교차로 - 교차로안,승용,남,28세,상해없음,승용,남,28세,경상
2018021200100022,2018년 2월 12일 01시,월요일,전라남도 광양시 광양읍,사망사고,1,0,0,0,차대차 - 측면충돌,과속,젖음/습기,눈,교차로 - 교차로안,승용,남,25세,상해없음,승용,남,46세,사망
2018021200100040,2018년 2월 12일 03시,월요일,전라남도 목포시 옥암동,경상사고,0,0,2,0,차대차 - 기타,안전운전불이행,서리/결빙,눈,교차로 - 교차로부근,승용,남,20세,상해없음,승용,남,49세,경상
2018021200100055,2018년 2월 12일 05시,월요일,전라남도 영암군 삼호읍,중상사고,0,1,1,0,차대사람 - 기타,중앙선침범,서리/결빙,눈,단일로 - 기타,승용,남,68세,상해없음,보행자,남,68세,중상
2018021200100064,2018년 2월 12일 06시,월요일,전라남도 영암군 삼호읍,경상사고,0,0,1,0,차대차 - 측면충돌,신호위반,서리/결빙,눈,교차로 - 교차로안,화물,남,44세,상해없음,승용,남,38세,경상
2018021200100079,2018년 2월 12일 07시,월요일,전라남도 나주시 봉황면,경상사고,0,0,3,0,차대차 - 측면충돌,안전운전불이행,서리/결빙,눈,교차로 - 교차로부근,승용,남,50세,상해없음,승합,남,52세,경상
2018021200100080,2018년 2월 12일 07시,월요일,전라남도 보성군 미력면,경상사고,0,0,1,0,차량단독 - 도로외이탈 - 기타,안전운전불이행,적설,눈,단일로 - 기타,화물,남,25세,경상,,,,
2018021200100081,2018년 2월 12일 07시,월요일,전라남도 영암군 금정면,경상사고,0,0,1,0,차량단독 - 공작물충돌,안전운전불이행,서리/결빙,눈,단일로 - 기타,승용,남,43세,경상,,,,
2018021200100122,2018년 2월 12일 08시,월요일,전라남도 여수시 둔덕동,경상사고,0,0,1,0,차대차 - 추돌,안전운전불이행,건조,맑음,단일로 - 기타,승용,남,28세,상해없음,승용,여,35세,경상
2018021200100123,2018년 2월 12일 08시,월요일,전라남도 함평군 학교면,경상사고,0,0,2,0,차대차 - 기타,안전운전불이행,적설,눈,교차로 - 교차로부근,승용,여,45세,경상,승용,남,42세,경상
2018021200100171,2018년 2월 12일 09시,월요일,전라남도 여수시 충무동,중상사고,0,1,0,0,차대사람 - 횡단중,안전운전불이행,건조,맑음,교차로 - 교차로안,화물,남,66세,상해없음,보행자,여,87세,중상
2018021200100172,2018년 2월 12일 09시,월요일,전라남도 여수시 미평동,경상사고,0,0,1,0,차대차 - 추돌,안전운전불이행,건조,흐림,교차로 - 교차로부근,승용,여,51세,상해없음,승용,여,52세,경상
2018021200100173,2018년 2월 12일 09시,월요일,전라남도 화순군 이양면,경상사고,0,0,2,0,차대차 - 측면충돌,안전운전불이행,서리/결빙,눈,단일로 - 기타,승용,여,59세,경상,화물,남,62세,상해없음
2018021200100174,2018년 2월 12일 09시,월요일,전라남도 영암군 영암읍,경상사고,0,0,1,0,차대차 - 기타,안전운전불이행,서리/결빙,눈,주차장 - 주차장,승용,여,63세,경상,화물,남,47세,기타불명
2018021200100175,2018년 2월 12일 09시,월요일,전라남도 영암군 영암읍,경상사고,0,0,1,0,차대차 - 추돌,안전운전불이행,서리/결빙,눈,교차로 - 교차로부근,승용,남,70세,상해없음,승용,여,33세,상해없음
2018021200100211,2018년 2월 12일 10시,월요일,전라남도 영광군 법성면,경상사고,0,0,1,0,차대차 - 측면충돌,안전운전불이행,적설,눈,단일로 - 기타,화물,남,66세,상해없음,승용,남,48세,기타불명
2018021200100242,2018년 2월 12일 11시,월요일,전라남도 담양군 담양읍,경상사고,0,0,1,0,차대사람 - 횡단중,안전운전불이행,젖음/습기,눈,단일로 - 기타,승용,남,67세,상해없음,보행자,여,49세,경상
2018021200100243,2018년 2월 12일 11시,월요일,전라남도 무안군 일로읍,경상사고,0,0,1,0,차대차 - 기타,중앙선침범,건조,맑음,기타 - 기타,화물,남,63세,상해없음,승용,남,68세,경상
2018021200100317,2018년 2월 12일 13시,월요일,전라남도 순천시 매곡동,경상사고,0,0,2,0,차대차 - 측면충돌,직진우회전진행방해,건조,맑음,교차로 - 교차로안,승용,남,26세,상해없음,승용,여,52세,경상
2018021200100401,2018년 2월 12일 15시,월요일,전라남도 순천시 조례동,경상사고,0,0,2,0,차대차 - 기타,기타,건조,맑음,단일로 - 터널,화물,남,50세,경상,승용,여,55세,경상
2018021200100402,2018년 2월 12일 15시,월요일,전라남도 화순군 화순읍,경상사고,0,0,1,0,차대사람 - 기타,보행자보호의무위반,젖음/습기,눈,단일로 - 기타,승용,여,61세,상해없음,보행자,남,12세,경상
2018021200100403,2018년 2월 12일 15시,월요일,전라남도 영암군 신북면,중상사고,0,1,0,0,차대차 - 측면충돌,안전운전불이행,건조,맑음,교차로 - 교차로안,화물,남,66세,상해없음,원동기,남,75세,중상
2018021200100450,2018년 2월 12일 16시,월요일,전라남도 목포시 호남동,경상사고,0,0,1,0,차대차 - 측면충돌,교차로운행방법위반,건조,맑음,교차로 - 교차로안,승용,여,58세,경상,승용,남,73세,상해없음
2018021200100451,2018년 2월 12일 16시,월요일,전라남도 목포시 연산동,경상사고,0,0,1,0,차대사람 - 횡단중,안전운전불이행,건조,맑음,단일로 - 기타,기타불명,기타불명,미분류,기타불명,보행자,여,17세,경상
2018021200100453,2018년 2월 12일 16시,월요일,전라남도 진도군 군내면,중상사고,0,2,1,0,차대차 - 측면충돌,신호위반,젖음/습기,눈,교차로 - 교차로안,승합,남,63세,상해없음,승합,남,24세,중상
2018021200100492,2018년 2월 12일 17시,월요일,전라남도 여수시 군자동,중상사고,0,1,0,0,차대사람 - 횡단중,보행자보호의무위반,건조,맑음,교차로 - 교차로부근,승용,남,28세,상해없음,보행자,여,55세,중상
2018021200100493,2018년 2월 12일 17시,월요일,전라남도 장성군 장성읍,경상사고,0,0,1,0,차대차 - 측면충돌,안전운전불이행,서리/결빙,눈,단일로 - 터널,화물,남,58세,상해없음,승용,여,48세,경상
2018021200100556,2018년 2월 12일 18시,월요일,전라남도 담양군 담양읍,경상사고,0,0,1,0,차량단독 - 공작물충돌,안전운전불이행,적설,눈,교차로 - 교차로부근,승용,여,50세,경상,,,,
2018021200100611,2018년 2월 12일 19시,월요일,전라남도 담양군 담양읍,경상사고,0,0,1,0,차대사람 - 횡단중,신호위반,서리/결빙,눈,교차로 - 교차로부근,승용,여,45세,상해없음,보행자,여,50세,경상
2018021200100658,2018년 2월 12일 20시,월요일,전라남도 보성군 벌교읍,경상사고,0,0,5,0,차대차 - 측면충돌,안전운전불이행,적설,눈,단일로 - 기타,화물,남,67세,경상,화물,남,71세,상해없음
2018021200100727,2018년 2월 12일 22시,월요일,전라남도 여수시 학동,중상사고,0,1,0,0,차대차 - 측면충돌,안전거리미확보,건조,맑음,단일로 - 기타,이륜,남,35세,중상,승용,여,49세,상해없음
2018021200100756,2018년 2월 12일 23시,월요일,전라남도 순천시 황전면,중상사고,0,1,0,0,차량단독 - 기타,안전운전불이행,서리/결빙,눈,단일로 - 기타,화물,남,22세,중상,,,,
2018021200100757,2018년 2월 12일 23시,월요일,전라남도 순천시 동외동,경상사고,0,0,2,0,차대차 - 기타,불법유턴,건조,맑음,단일로 - 기타,승용,남,43세,상해없음,승용,남,46세,상해없음
2018021200100758,2018년 2월 12일 23시,월요일,전라남도 나주시 이창동,경상사고,0,0,1,0,차량단독 - 기타,안전운전불이행,건조,흐림,단일로 - 고가도로위,승용,남,57세,경상,,,,
2018021200100759,2018년 2월 12일 23시,월요일,전라남도 광양시 중동,경상사고,0,0,2,0,차대차 - 추돌,안전운전불이행,젖음/습기,흐림,교차로 - 교차로부근,승용,남,47세,경상,승용,남,30세,경상
2018021300100019,2018년 2월 13일 00시,화요일,전라남도 영광군 영광읍,경상사고,0,0,1,0,차량단독 - 공작물충돌,안전운전불이행,건조,맑음,단일로 - 기타,승용,여,31세,경상,,,,
2018021300100020,2018년 2월 13일 00시,화요일,전라남도 영광군 영광읍,사망사고,1,0,0,0,차량단독 - 공작물충돌,안전운전불이행,건조,맑음,단일로 - 기타,승용,남,49세,사망,,,,
2018021300100053,2018년 2월 13일 02시,화요일,전라남도 순천시 연향동,경상사고,0,0,6,0,차대차 - 측면충돌,신호위반,건조,맑음,교차로 - 교차로횡단보도내,승용,남,45세,상해없음,승용,남,43세,경상
2018021300100104,2018년 2월 13일 06시,화요일,전라남도 목포시 옥암동,경상사고,0,0,1,0,차대차 - 측면충돌,차로위반,건조,기타,단일로 - 기타,화물,남,65세,상해없음,승용,남,36세,경상
2018021300100206,2018년 2월 13일 09시,화요일,전라남도 완도군 노화읍,사망사고,1,0,0,0,차대사람 - 횡단중,안전운전불이행,건조,맑음,단일로 - 기타,화물,남,49세,상해없음,보행자,남,79세,사망
2018021300100365,2018년 2월 13일 13시,화요일,전라남도 목포시 상동,경상사고,0,0,6,0,차대차 - 기타,차로위반,건조,맑음,단일로 - 기타,승용,여,58세,경상,승합,남,56세,경상
2018021300100366,2018년 2월 13일 13시,화요일,전라남도 순천시 조례동,경상사고,0,0,1,0,차대사람 - 횡단중,안전운전불이행,건조,맑음,교차로 - 교차로부근,화물,남,45세,상해없음,보행자,남,22세,경상
2018021300100402,2018년 2월 13일 14시,화요일,전라남도 여수시 웅천동,경상사고,0,0,2,0,차대차 - 측면충돌,교차로운행방법위반,건조,맑음,교차로 - 교차로안,건설기계,남,46세,상해없음,승용,여,57세,경상
2018021300100403,2018년 2월 13일 14시,화요일,전라남도 고흥군 점암면,경상사고,0,0,1,0,차량단독 - 기타,안전운전불이행,건조,맑음,단일로 - 기타,승용,남,82세,경상,,,,
2018021300100404,2018년 2월 13일 14시,화요일,전라남도 해남군 북평면,중상사고,0,1,0,0,차대차 - 정면충돌,기타,건조,맑음,단일로 - 기타,화물,남,58세,상해없음,승용,남,31세,중상
2018021300100453,2018년 2월 13일 15시,화요일,전라남도 순천시 연향동,중상사고,0,1,0,0,차대사람 - 차도통행중,안전운전불이행,건조,맑음,단일로 - 기타,승용,여,58세,상해없음,보행자,남,60세,중상
2018021300100454,2018년 2월 13일 15시,화요일,전라남도 화순군 도곡면,경상사고,0,0,2,0,차대차 - 측면충돌,교차로운행방법위반,건조,맑음,교차로 - 교차로안,승용,남,65세,경상,화물,남,44세,경상
2018021300100503,2018년 2월 13일 16시,화요일,전라남도 장흥군 장흥읍,중상사고,0,1,1,0,차대차 - 측면충돌,신호위반,건조,맑음,교차로 - 교차로안,승합,남,64세,상해없음,화물,남,61세,경상
2018021300100504,2018년 2월 13일 16시,화요일,전라남도 무안군 삼향읍,경상사고,0,0,2,0,차대차 - 측면충돌,신호위반,건조,맑음,교차로 - 교차로안,승용,남,76세,상해없음,승용,남,45세,경상
2018021300100560,2018년 2월 13일 17시,화요일,전라남도 여수시 평여동,경상사고,0,0,1,0,차대차 - 추돌,안전운전불이행,건조,맑음,교차로 - 교차로부근,승용,남,57세,상해없음,승용,남,36세,경상
2018021300100613,2018년 2월 13일 18시,화요일,전라남도 순천시 인제동,경상사고,0,0,2,0,차대차 - 추돌,안전거리미확보,건조,맑음,교차로 - 교차로부근,승용,남,44세,상해없음,승용,남,71세,경상
2018021300100674,2018년 2월 13일 19시,화요일,전라남도 여수시 국동,경상사고,0,0,2,0,차대차 - 측면충돌,중앙선침범,건조,맑음,단일로 - 기타,승용,남,78세,상해없음,승용,남,38세,경상
2018021300100675,2018년 2월 13일 19시,화요일,전라남도 여수시 선원동,중상사고,0,1,0,0,차대차 - 정면충돌,신호위반,건조,맑음,단일로 - 기타,이륜,남,23세,상해없음,이륜,남,35세,중상
2018021300100676,2018년 2월 13일 19시,화요일,전라남도 순천시 장천동,경상사고,0,0,2,0,차대차 - 측면충돌,안전운전불이행,건조,맑음,교차로 - 교차로안,승용,여,52세,경상,승용,여,28세,경상
2018021300100677,2018년 2월 13일 19시,화요일,전라남도 순천시 풍덕동,중상사고,0,1,0,0,차대차 - 추돌,안전운전불이행,건조,맑음,교차로 - 교차로부근,승용,남,55세,상해없음,승용,여,35세,중상
2018021300100678,2018년 2월 13일 19시,화요일,전라남도 순천시 오천동,중상사고,0,1,0,0,차대차 - 측면충돌,안전운전불이행,건조,맑음,교차로 - 교차로부근,승용,남,63세,상해없음,원동기,남,49세,중상
2018021300100712,2018년 2월 13일 20시,화요일,전라남도 순천시 해룡면,중상사고,0,1,0,0,차대차 - 측면충돌,안전거리미확보,건조,맑음,단일로 - 기타,화물,남,48세,상해없음,승용,여,52세,중상
2018021400100027,2018년 2월 14일 00시,수요일,전라남도 목포시 상동,경상사고,0,0,1,0,차대차 - 추돌,안전운전불이행,건조,흐림,단일로 - 기타,승용,여,37세,상해없음,승용,남,28세,경상
2018021400100028,2018년 2월 14일 00시,수요일,전라남도 광양시 중동,경상사고,0,0,1,0,차대차 - 추돌,안전운전불이행,건조,맑음,교차로 - 교차로부근,승용,남,31세,상해없음,승용,남,27세,경상