사고번호,사고일시,요일,시군구,사고내용,사망자수,중상자수,경상자수,부상신고자수,사고유형,법규위반,노면상태,기상상태,도로형태,가해운전자 차종,가해운전자 성별,가해운전자 연령,가해운전자 상해정도,피해운전자 차종,피해운전자 성별,피해운전자 연령,피해운전자 상해정도
2018021400100057,2018년 2월 14일 01시,수요일,전라남도 목포시 상동,경상사고,0,0,1,0,차대사람 - 기타,안전운전불이행,건조,기타,단일로 - 기타,승용,남,56세,상해없음,보행자,남,34세,경상
2018021400100072,2018년 2월 14일 02시,수요일,전라남도 목포시 산정동,중상사고,0,1,0,0,차대사람 - 기타,안전운전불이행,건조,기타,단일로 - 기타,승용,남,31세,상해없음,보행자,남,61세,중상
2018021400100134,2018년 2월 14일 07시,수요일,전라남도 고흥군 과역면,경상사고,0,0,1,0,차대사람 - 횡단중,안전운전불이행,건조,맑음,단일로 - 기타,화물,남,57세,상해없음,보행자,여,71세,경상
2018021400100260,2018년 2월 14일 11시,수요일,전라남도 고흥군 포두면,중상사고,0,1,1,0,차대차 - 측면충돌,중앙선침범,건조,맑음,단일로 - 기타,화물,남,71세,상해없음,승용,여,47세,중상
2018021400100294,2018년 2월 14일 12시,수요일,전라남도 광양시 중동,경상사고,0,0,1,0,차대차 - 측면충돌,직진우회전진행방해,건조,맑음,교차로 - 교차로안,승용,남,70세,상해없음,이륜,남,76세,경상
2018021400100321,2018년 2월 14일 13시,수요일,전라남도 여수시 화장동,경상사고,0,0,2,0,차대차 - 측면충돌,교차로운행방법위반,건조,맑음,교차로 - 교차로안,승용,남,64세,상해없음,승용,남,44세,경상
2018021400100322,2018년 2월 14일 13시,수요일,전라남도 강진군 성전면,경상사고,0,0,2,0,차대차 - 기타,안전운전불이행,건조,맑음,단일로 - 기타,승용,여,51세,상해없음,승합,남,67세,경상
2018021400100344,2018년 2월 14일 14시,수요일,전라남도 목포시 옥암동,경상사고,0,0,1,0,차대사람 - 기타,보행자보호의무위반,건조,맑음,단일로 - 기타,승용,여,38세,상해없음,보행자,여,8세,경상
2018021400100345,2018년 2월 14일 14시,수요일,전라남도 여수시 교동,경상사고,0,0,1,0,차대차 - 측면충돌,차로위반,건조,맑음,교차로 - 교차로부근,이륜,남,75세,경상,승용,여,31세,상해없음
2018021400100346,2018년 2월 14일 14시,수요일,전라남도 광양시 중동,경상사고,0,0,1,0,차대차 - 측면충돌,교차로운행방법위반,건조,맑음,교차로 - 교차로안,승용,남,23세,상해없음,승용,여,48세,경상
2018021400100387,2018년 2월 14일 15시,수요일,전라남도 여수시 웅천동,중상사고,0,1,0,0,차량단독 - 기타,안전운전불이행,건조,맑음,단일로 - 기타,승합,남,54세,상해없음,,,,
2018021400100388,2018년 2월 14일 15시,수요일,전라남도 여수시 미평동,경상사고,0,0,1,0,차대차 - 추돌,안전운전불이행,건조,맑음,단일로 - 기타,승용,여,65세,상해없음,승용,남,57세,상해없음
2018021400100389,2018년 2월 14일 15시,수요일,전라남도 완도군 완도읍,부상신고사고,0,0,0,1,차량단독 - 전도전복 - 전도,안전운전불이행,건조,맑음,교차로 - 교차로안,이륜,남,26세,부상신고,미분류,미분류,미분류,미분류
2018021400100435,2018년 2월 14일 16시,수요일,전라남도 나주시 용산동,중상사고,0,1,0,0,차대차 - 측면충돌,직진우회전진행방해,건조,맑음,교차로 - 교차로안,승용,남,71세,상해없음,원동기,남,61세,중상
2018021400100479,2018년 2월 14일 17시,수요일,전라남도 목포시 용당동,경상사고,0,0,1,0,차대사람 - 횡단중,중앙선침범,건조,맑음,교차로 - 교차로횡단보도내,화물,남,36세,상해없음,보행자,남,34세,경상
2018021400100480,2018년 2월 14일 17시,수요일,전라남도 고흥군 고흥읍,중상사고,0,1,1,0,차대차 - 측면충돌,교차로운행방법위반,건조,맑음,교차로 - 교차로안,화물,남,44세,경상,승용,남,31세,중상
2018021400100522,2018년 2월 14일 18시,수요일,전라남도 목포시 상동,경상사고,0,0,1,0,차대차 - 기타,교차로운행방법위반,건조,맑음,교차로 - 교차로안,승용,남,42세,상해없음,승용,남,45세,상해없음
2018021400100578,2018년 2월 14일 19시,수요일,전라남도 목포시 산정동,경상사고,0,0,1,0,차대사람 - 기타,보행자보호의무위반,건조,맑음,단일로 - 기타,기타불명,기타불명,미분류,기타불명,보행자,남,57세,경상
2018021400100579,2018년 2월 14일 19시,수요일,전라남도 여수시 학동,경상사고,0,0,5,0,차대차 - 추돌,안전운전불이행,건조,맑음,교차로 - 교차로부근,승용,남,54세,상해없음,승용,남,69세,경상
2018021400100580,2018년 2월 14일 19시,수요일,전라남도 순천시 서면,경상사고,0,0,1,0,차대차 - 추돌,안전거리미확보,건조,맑음,단일로 - 기타,승용,여,18세,상해없음,승용,여,23세,경상
2018021400100581,2018년 2월 14일 19시,수요일,전라남도 나주시 평산동,경상사고,0,0,2,0,차대차 - 추돌,안전거리미확보,기타,맑음,단일로 - 기타,화물,남,34세,상해없음,승용,남,51세,경상
2018021400100582,2018년 2월 14일 19시,수요일,전라남도 장성군 북이면,경상사고,0,0,1,0,차량단독 - 전도전복 - 전도,안전운전불이행,젖음/습기,맑음,단일로 - 기타,원동기,남,62세,경상,미분류,미분류,미분류,미분류
2018021400100628,2018년 2월 14일 20시,수요일,전라남도 여수시 만흥동,경상사고,0,0,2,0,차대차 - 측면충돌,안전거리미확보,건조,맑음,단일로 - 기타,승용,남,38세,상해없음,승용,남,36세,경상
2018021400100666,2018년 2월 14일 21시,수요일,전라남도 목포시 용해동,경상사고,0,0,1,0,차대차 - 기타,안전운전불이행,건조,맑음,단일로 - 기타,승용,남,41세,상해없음,승용,남,38세,경상
2018021400100667,2018년 2월 14일 21시,수요일,전라남도 영암군 덕진면,경상사고,0,0,4,0,차대차 - 추돌,안전운전불이행,건조,맑음,교차로 - 교차로부근,승용,남,72세,상해없음,승용,남,52세,경상
2018021400100706,2018년 2월 14일 22시,수요일,전라남도 목포시 연산동,중상사고,0,1,0,0,차대사람 - 차도통행중,안전운전불이행,건조,흐림,교차로 - 교차로횡단보도내,승합,남,49세,상해없음,보행자,남,62세,중상
2018021400100707,2018년 2월 14일 22시,수요일,전라남도 여수시 안산동,경상사고,0,0,1,0,차대사람 - 기타,안전운전불이행,건조,맑음,교차로 - 교차로부근,승용,남,38세,상해없음,보행자,남,53세,경상
2018021400100736,2018년 2월 14일 23시,수요일,전라남도 광양시 중동,경상사고,0,0,1,0,차대차 - 기타,직진우회전진행방해,건조,맑음,교차로 - 교차로안,승용,남,37세,상해없음,이륜,남,55세,경상
2018021500100012,2018년 2월 15일 00시,목요일,전라남도 순천시 조례동,경상사고,0,0,1,0,차대차 - 측면충돌,안전운전불이행,건조,맑음,교차로 - 교차로부근,승용,여,60세,상해없음,승용,남,41세,경상
2018021500100131,2018년 2월 15일 08시,목요일,전라남도 담양군 담양읍,경상사고,0,0,2,0,차대차 - 측면충돌,기타,건조,맑음,교차로 - 교차로안,승용,남,26세,경상,승용,여,65세,경상
2018021500100143,2018년 2월 15일 09시,목요일,전라남도 목포시 상동,경상사고,0,0,1,0,차대차 - 추돌,안전운전불이행,건조,맑음,단일로 - 기타,승용,여,55세,상해없음,승용,남,59세,경상
2018021500100144,2018년 2월 15일 09시,목요일,전라남도 고흥군 도화면,중상사고,0,1,0,0,차대사람 - 길가장자리구역통행중,안전운전불이행,건조,맑음,단일로 - 기타,승용,남,58세,상해없음,보행자,남,71세,중상
2018021500100145,2018년 2월 15일 09시,목요일,전라남도 광양시 진월면,경상사고,0,0,1,0,차대차 - 측면충돌,중앙선침범,건조,맑음,교차로 - 교차로부근,건설기계,남,26세,상해없음,승용,남,46세,상해없음
2018021500100160,2018년 2월 15일 10시,목요일,전라남도 여수시 고소동,중상사고,0,1,0,0,차대사람 - 횡단중,보행자보호의무위반,건조,맑음,교차로 - 교차로횡단보도내,승용,남,39세,상해없음,보행자,남,85세,중상
2018021500100161,2018년 2월 15일 10시,목요일,전라남도 보성군 벌교읍,경상사고,0,0,1,0,차대차 - 측면충돌,안전운전불이행,건조,맑음,교차로 - 교차로안,승용,여,54세,상해없음,이륜,남,73세,경상
2018021500100162,2018년 2월 15일 10시,목요일,전라남도 무안군 몽탄면,경상사고,0,0,1,0,차대차 - 정면충돌,중앙선침범,건조,맑음,교차로 - 교차로부근,승용,남,58세,상해없음,승용,남,80세,경상
2018021500100216,2018년 2월 15일 12시,목요일,전라남도 여수시 돌산읍,경상사고,0,0,1,0,차대차 - 후진중충돌,안전운전불이행,건조,맑음,단일로 - 기타,화물,남,54세,상해없음,승용,여,54세,경상
2018021500100217,2018년 2월 15일 12시,목요일,전라남도 장흥군 관산읍,중상사고,0,1,0,0,차량단독 - 전도전복 - 전도,안전운전불이행,건조,맑음,단일로 - 기타,이륜,남,76세,중상,미분류,미분류,미분류,미분류
2018021500100218,2018년 2월 15일 12시,목요일,전라남도 영광군 묘량면,경상사고,0,0,1,0,차대차 - 측면충돌,안전운전불이행,건조,맑음,단일로 - 기타,화물,남,53세,상해없음,승용,남,36세,경상
2018021500100219,2018년 2월 15일 12시,목요일,전라남도 영암군 영암읍,경상사고,0,0,2,0,차대차 - 측면충돌,안전운전불이행,건조,맑음,교차로 - 교차로안,승용,남,42세,경상,승용,남,65세,경상
2018021500100243,2018년 2월 15일 13시,목요일,전라남도 목포시 용해동,경상사고,0,0,1,0,차대차 - 측면충돌,직진우회전진행방해,건조,맑음,교차로 - 교차로안,승용,여,56세,상해없음,승용,남,52세,경상
2018021500100244,2018년 2월 15일 13시,목요일,전라남도 보성군 보성읍,경상사고,0,0,1,0,차량단독 - 공작물충돌,안전운전불이행,건조,맑음,교차로 - 교차로부근,화물,남,34세,경상,,,,
2018021500100279,2018년 2월 15일 15시,목요일,전라남도 완도군 약산면,중상사고,0,1,0,0,차대차 - 추돌,안전운전불이행,건조,맑음,단일로 - 기타,화물,남,50세,상해없음,승용,남,56세,중상
2018021500100333,2018년 2월 15일 18시,목요일,전라남도 목포시 석현동,경상사고,0,0,1,0,차대차 - 측면충돌,안전운전불이행,건조,맑음,교차로 - 교차로안,승용,남,28세,경상,승합,남,65세,상해없음
2018021500100334,2018년 2월 15일 18시,목요일,전라남도 장성군 진원면,경상사고,0,0,2,0,차대차 - 기타,교차로운행방법위반,건조,맑음,교차로 - 교차로안,승용,남,38세,경상,화물,남,59세,경상
2018021500100351,2018년 2월 15일 19시,목요일,전라남도 곡성군 삼기면,중상사고,0,1,0,0,차대차 - 추돌,안전운전불이행,젖음/습기,맑음,단일로 - 기타,승용,여,45세,상해없음,농기계,남,43세,중상
2018021500100375,2018년 2월 15일 20시,목요일,전라남도 나주시 중앙동,경상사고,0,0,2,0,차대차 - 측면충돌,신호위반,건조,맑음,교차로 - 교차로안,승용,남,55세,상해없음,승용,남,19세,경상
2018021500100376,2018년 2월 15일 20시,목요일,전라남도 나주시 금천면,중상사고,0,1,0,1,차대차 - 정면충돌,중앙선침범,건조,맑음,단일로 - 기타,승용,남,47세,부상신고,승용,남,51세,중상
2018021500100377,2018년 2월 15일 20시,목요일,전라남도 무안군 삼향읍,경상사고,0,0,1,0,차대차 - 기타,안전거리미확보,건조,맑음,단일로 - 기타,승용,남,22세,상해없음,승용,남,29세,경상
2018021500100396,2018년 2월 15일 21시,목요일,전라남도 순천시 오천동,경상사고,0,0,2,0,차대차 - 기타,안전운전불이행,건조,맑음,교차로 - 교차로부근,승용,남,53세,상해없음,승용,남,34세,경상
2018021500100397,2018년 2월 15일 21시,목요일,전라남도 장흥군 장흥읍,경상사고,0,0,4,0,차대차 - 측면충돌,안전운전불이행,건조,맑음,단일로 - 기타,승용,여,51세,경상,승용,여,54세,경상
2018021500100422,2018년 2월 15일 22시,목요일,전라남도 해남군 해남읍,경상사고,0,0,1,0,차대차 - 기타,신호위반,건조,맑음,교차로 - 교차로안,승용,남,46세,상해없음,승용,여,30세,경상
2018021500100423,2018년 2월 15일 22시,목요일,전라남도 강진군 강진읍,경상사고,0,0,3,0,차대차 - 측면충돌,직진우회전진행방해,건조,맑음,교차로 - 교차로안,승합,남,38세,상해없음,승용,남,29세,경상
2018021600100004,2018년 2월 16일 00시,금요일,전라남도 광양시 중동,중상사고,0,1,3,0,차대차 - 측면충돌,교차로운행방법위반,건조,맑음,교차로 - 교차로안,승용,남,34세,경상,승용,여,45세,경상
2018021600100025,2018년 2월 16일 03시,금요일,전라남도 나주시 남평읍,중상사고,0,1,1,0,차대차 - 추돌,안전운전불이행,건조,맑음,단일로 - 기타,승용,남,59세,중상,승용,남,52세,경상
2018021600100064,2018년 2월 16일 09시,금요일,전라남도 광양시 중동,경상사고,0,0,2,0,차량단독 - 공작물충돌,안전운전불이행,건조,맑음,교차로 - 교차로안,승용,남,19세,상해없음,,,,
2018021600100078,2018년 2월 16일 10시,금요일,전라남도 여수시 학동,경상사고,0,0,1,0,차대차 - 측면충돌,안전운전불이행,건조,맑음,단일로 - 기타,승용,남,63세,상해없음,승용,남,45세,상해없음
2018021600100095,2018년 2월 16일 11시,금요일,전라남도 나주시 왕곡면,경상사고,0,0,1,0,차대차 - 추돌,안전거리미확보,건조,맑음,단일로 - 기타,승용,남,37세,상해없음,승용,여,45세,경상
2018021600100143,2018년 2월 16일 13시,금요일,전라남도 함평군 월야면,중상사고,0,2,0,0,차대차 - 기타,안전운전불이행,건조,맑음,단일로 - 기타,승용,남,68세,중상,승용,여,36세,상해없음
2018021600100144,2018년 2월 16일 13시,금요일,전라남도 강진군 대구면,중상사고,0,1,4,0,차대차 - 기타,직진우회전진행방해,건조,맑음,교차로 - 교차로안,승용,남,57세,상해없음,승용,남,32세,경상
2018021600100185,2018년 2월 16일 15시,금요일,전라남도 담양군 담양읍,경상사고,0,0,7,0,차대차 - 측면충돌,직진우회전진행방해,건조,맑음,교차로 - 교차로안,승용,남,26세,경상,승용,남,52세,경상
2018021600100186,2018년 2월 16일 15시,금요일,전라남도 담양군 담양읍,경상사고,0,0,3,0,차대차 - 측면충돌,불법유턴,건조,맑음,교차로 - 교차로안,승용,남,35세,상해없음,승용,여,24세,경상
2018021600100210,2018년 2월 16일 16시,금요일,전라남도 목포시 용당동,경상사고,0,0,5,0,차대차 - 기타,안전운전불이행,건조,맑음,교차로 - 교차로안,승용,남,61세,경상,승용,남,47세,경상
2018021600100211,2018년 2월 16일 16시,금요일,전라남도 순천시 주암면,경상사고,0,0,2,0,차대차 - 추돌,안전운전불이행,건조,맑음,단일로 - 기타,승용,남,34세,상해없음,승용,남,59세,경상
2018021600100252,2018년 2월 16일 18시,금요일,전라남도 목포시 상동,경상사고,0,0,2,0,차대차 - 측면충돌,기타,건조,맑음,단일로 - 고가도로위,화물,남,49세,기타불명,승용,남,40세,경상
2018021600100253,2018년 2월 16일 18시,금요일,전라남도 순천시 왕지동,경상사고,0,0,1,0,차대차 - 측면충돌,안전운전불이행,건조,맑음,단일로 - 기타,승용,여,39세,상해없음,승용,여,30세,경상
2018021600100291,2018년 2월 16일 20시,금요일,전라남도 여수시 종화동,경상사고,0,0,1,0,차대사람 - 길가장자리구역통행중,안전운전불이행,건조,맑음,단일로 - 기타,승용,남,26세,상해없음,보행자,여,70세,경상
2018021600100292,2018년 2월 16일 20시,금요일,전라남도 순천시 조례동,중상사고,0,1,0,0,차대사람 - 차도통행중,안전운전불이행,건조,맑음,단일로 - 기타,원동기,남,21세,상해없음,보행자,여,25세,중상
2018021600100293,2018년 2월 16일 20시,금요일,전라남도 영암군 시종면,경상사고,0,0,2,0,차대차 - 추돌,안전운전불이행,건조,맑음,단일로 - 기타,승용,남,51세,경상,화물,남,67세,기타불명
2018021600100322,2018년 2월 16일 22시,금요일,전라남도 순천시 장천동,경상사고,0,0,1,0,차대차 - 측면충돌,신호위반,건조,맑음,교차로 - 교차로안,승용,남,23세,상해없음,승용,남,43세,경상
2018021600100323,2018년 2월 16일 22시,금요일,전라남도 강진군 강진읍,경상사고,0,0,1,0,차대사람 - 기타,안전운전불이행,건조,흐림,단일로 - 기타,승용,남,31세,상해없음,보행자,여,61세,경상
2018021600100340,2018년 2월 16일 23시,금요일,전라남도 여수시 웅천동,경상사고,0,0,3,0,차대차 - 측면충돌,신호위반,건조,맑음,교차로 - 교차로안,승용,남,62세,상해없음,승용,남,37세,경상
2018021700100008,2018년 2월 17일 00시,토요일,전라남도 고흥군 풍양면,중상사고,0,1,0,0,차대차 - 기타,안전운전불이행,건조,맑음,단일로 - 기타,승용,남,62세,중상,승용,남,44세,상해없음
2018021700100009,2018년 2월 17일 00시,토요일,전라남도 진도군 진도읍,경상사고,0,0,1,0,차대사람 - 횡단중,안전운전불이행,건조,맑음,단일로 - 기타,승용,여,51세,상해없음,보행자,남,37세,경상
2018021700100010,2018년 2월 17일 00시,토요일,전라남도 광양시 중동,중상사고,0,1,0,0,차대차 - 측면충돌,중앙선침범,건조,맑음,교차로 - 교차로부근,승용,남,52세,상해없음,이륜,남,68세,중상
2018021700100021,2018년 2월 17일 01시,토요일,전라남도 순천시 조례동,중상사고,0,1,0,0,차대사람 - 차도통행중,안전운전불이행,건조,맑음,교차로 - 교차로안,승용,남,43세,상해없음,보행자,남,43세,중상
2018021700100043,2018년 2월 17일 03시,토요일,전라남도 순천시 조례동,경상사고,0,0,5,0,차대차 - 측면충돌,신호위반,건조,맑음,교차로 - 교차로안,승용,남,66세,경상,승용,남,66세,경상
2018021700100053,2018년 2월 17일 04시,토요일,전라남도 순천시 조례동,경상사고,0,0,1,0,차대사람 - 기타,안전운전불이행,건조,맑음,교차로 - 교차로안,승용,남,58세,상해없음,보행자,남,26세,경상
2018021700100084,2018년 2월 17일 09시,토요일,전라남도 순천시 해룡면,중상사고,0,2,0,0,차대차 - 측면충돌,직진우회전진행방해,건조,맑음,교차로 - 교차로안,승용,여,52세,기타불명,승용,여,50세,중상
2018021700100100,2018년 2월 17일 10시,토요일,전라남도 나주시 왕곡면,중상사고,0,1,0,0,차대차 - 추돌,안전운전불이행,건조,맑음,단일로 - 기타,승용,남,49세,상해없음,승용,남,43세,중상
2018021700100109,2018년 2월 17일 11시,토요일,전라남도 강진군 성전면,경상사고,0,0,2,0,차대차 - 기타,안전운전불이행,건조,맑음,단일로 - 기타,승용,남,23세,경상,승용,여,44세,경상
2018021700100110,2018년 2월 17일 11시,토요일,전라남도 담양군 담양읍,부상신고사고,0,0,0,1,차대차 - 측면충돌,교차로운행방법위반,건조,맑음,교차로 - 교차로안,화물,남,62세,상해없음,승용,남,24세,상해없음
2018021700100124,2018년 2월 17일 12시,토요일,전라남도 나주시 금천면,경상사고,0,0,1,0,차대차 - 추돌,안전거리미확보,건조,맑음,단일로 - 기타,승용,남,68세,상해없음,승용,여,47세,경상
2018021700100125,2018년 2월 17일 12시,토요일,전라남도 보성군 조성면,부상신고사고,0,0,0,1,차대차 - 측면충돌,안전거리미확보,건조,맑음,단일로 - 기타,승용,남,61세,상해없음,화물,남,48세,상해없음
2018021700100141,2018년 2월 17일 13시,토요일,전라남도 장흥군 장흥읍,경상사고,0,0,1,0,차대차 - 측면충돌,안전운전불이행,건조,맑음,주차장 - 주차장,승용,남,29세,상해없음,승용,남,41세,경상
2018021700100142,2018년 2월 17일 13시,토요일,전라남도 영암군 덕진면,경상사고,0,0,1,0,차대차 - 추돌,안전운전불이행,건조,맑음,교차로 - 교차로부근,화물,남,29세,상해없음,화물,남,63세,경상
2018021700100143,2018년 2월 17일 13시,토요일,전라남도 강진군 강진읍,경상사고,0,0,2,0,차대차 - 기타,안전운전불이행,건조,맑음,교차로 - 교차로안,화물,남,62세,상해없음,승용,남,24세,경상
2018021700100162,2018년 2월 17일 14시,토요일,전라남도 보성군 조성면,부상신고사고,0,0,0,1,차량단독 - 도로외이탈 - 추락,안전운전불이행,건조,맑음,단일로 - 기타,농기계,남,66세,부상신고,,,,
2018021700100182,2018년 2월 17일 15시,토요일,전라남도 고흥군 대서면,중상사고,0,1,3,0,차대차 - 측면충돌,안전운전불이행,건조,맑음,단일로 - 기타,화물,남,60세,상해없음,승용,남,42세,경상
2018021700100183,2018년 2월 17일 15시,토요일,전라남도 담양군 담양읍,부상신고사고,0,0,0,1,차량단독 - 공작물충돌,안전운전불이행,건조,맑음,단일로 - 기타,승용,남,51세,부상신고,,,,
2018021700100231,2018년 2월 17일 17시,토요일,전라남도 순천시 해룡면,경상사고,0,0,5,0,차대차 - 측면충돌,안전운전불이행,건조,맑음,기타 - 기타,승용,남,41세,상해없음,승용,여,31세,경상
2018021700100232,2018년 2월 17일 17시,토요일,전라남도 장흥군 유치면,경상사고,0,0,1,0,차대차 - 정면충돌,중앙선침범,건조,맑음,단일로 - 기타,화물,남,69세,상해없음,승용,여,36세,경상
2018021700100247,2018년 2월 17일 18시,토요일,전라남도 순천시 동외동,중상사고,0,1,0,0,차대사람 - 횡단중,보행자보호의무위반,건조,맑음,단일로 - 기타,승용,남,75세,상해없음,보행자,여,83세,중상
2018021700100277,2018년 2월 17일 19시,토요일,전라남도 순천시 매곡동,중상사고,0,1,0,0,차대사람 - 횡단중,보행자보호의무위반,건조,맑음,교차로 - 교차로횡단보도내,승용,남,26세,상해없음,보행자,여,76세,중상
2018021700100313,2018년 2월 17일 20시,토요일,전라남도 영광군 묘량면,중상사고,0,1,1,0,차량단독 - 공작물충돌,안전운전불이행,건조,맑음,단일로 - 기타,승용,남,31세,중상,,,,
2018021700100314,2018년 2월 17일 20시,토요일,전라남도 담양군 담양읍,경상사고,0,0,2,0,차대차 - 추돌,안전운전불이행,건조,맑음,단일로 - 기타,승용,남,36세,상해없음,화물,남,55세,경상
2018021700100361,2018년 2월 17일 22시,토요일,전라남도 순천시 연향동,경상사고,0,0,7,0,차대차 - 측면충돌,신호위반,건조,맑음,교차로 - 교차로안,승용,여,57세,상해없음,승용,남,22세,경상
2018021700100362,2018년 2월 17일 22시,토요일,전라남도 영광군 백수읍,중상사고,0,1,0,0,차량단독 - 공작물충돌,안전운전불이행,건조,맑음,단일로 - 기타,승용,남,35세,중상,,,,
2018021800100009,2018년 2월 18일 00시,일요일,전라남도 목포시 옥암동,경상사고,0,0,2,0,차대차 - 추돌,안전운전불이행,건조,맑음,단일로 - 기타,승용,남,49세,상해없음,승용,남,55세,경상
2018021800100038,2018년 2월 18일 02시,일요일,전라남도 목포시 용해동,경상사고,0,0,1,0,차대사람 - 횡단중,안전운전불이행,건조,맑음,단일로 - 기타,승용,남,58세,상해없음,보행자,남,25세,경상
2018021800100039,2018년 2월 18일 02시,일요일,전라남도 목포시 용당동,경상사고,0,0,1,0,차대차 - 측면충돌,안전운전불이행,건조,맑음,단일로 - 기타,승용,남,62세,상해없음,승용,남,36세,경상
2018021800100050,2018년 2월 18일 03시,일요일,전라남도 순천시 연향동,경상사고,0,0,1,0,차대사람 - 차도통행중,안전운전불이행,건조,맑음,교차로 - 교차로안,승용,남,21세,상해없음,보행자,여,31세,경상
2018021800100121,2018년 2월 18일 11시,일요일,전라남도 강진군 대구면,중상사고,0,1,0,0,차대차 - 측면충돌,교차로운행방법위반,건조,맑음,교차로 - 교차로안,승용,남,75세,상해없음,자전거,남,69세,중상
2018021800100141,2018년 2월 18일 12시,일요일,전라남도 보성군 조성면,중상사고,0,1,0,0,차대차 - 측면충돌,안전거리미확보,건조,맑음,단일로 - 기타,승용,여,54세,상해없음,이륜,남,75세,중상
2018021800100168,2018년 2월 18일 14시,일요일,전라남도 여수시 충무동,경상사고,0,0,1,0,차대차 - 측면충돌,직진우회전진행방해,건조,맑음,교차로 - 교차로안,이륜,남,71세,경상,승용,남,23세,상해없음
2018021800100229,2018년 2월 18일 17시,일요일,전라남도 광양시 금호동,중상사고,0,1,1,0,차대차 - 측면충돌,교차로운행방법위반,건조,맑음,교차로 - 교차로안,승용,남,52세,중상,기타불명,남,36세,경상
2018021800100242,2018년 2월 18일 18시,일요일,전라남도 나주시 남평읍,경상사고,0,0,1,0,차대차 - 추돌,안전운전불이행,건조,맑음,단일로 - 기타,승합,기타불명,미분류,기타불명,승용,남,48세,경상
2018021800100263,2018년 2월 18일 19시,일요일,전라남도 함평군 함평읍,경상사고,0,0,3,0,차대차 - 추돌,안전운전불이행,건조,맑음,단일로 - 교량,승용,남,62세,경상,승용,남,53세,경상
2018021800100293,2018년 2월 18일 20시,일요일,전라남도 담양군 대덕면,경상사고,0,0,2,0,차대차 - 추돌,안전운전불이행,건조,맑음,단일로 - 기타,승용,남,23세,상해없음,승용,남,53세,경상
2018021800100312,2018년 2월 18일 21시,일요일,전라남도 목포시 옥암동,경상사고,0,0,2,0,차대차 - 추돌,안전운전불이행,건조,맑음,단일로 - 기타,승용,남,41세,상해없음,승용,남,53세,경상
2018021800100331,2018년 2월 18일 22시,일요일,전라남도 함평군 월야면,경상사고,0,0,2,1,차대차 - 기타,중앙선침범,건조,맑음,단일로 - 기타,승용,여,36세,부상신고,승용,남,42세,경상
2018021800100340,2018년 2월 18일 23시,일요일,전라남도 목포시 용해동,중상사고,0,1,3,0,차대차 - 추돌,안전운전불이행,건조,맑음,교차로 - 교차로부근,승합,남,56세,상해없음,승용,남,42세,중상
2018021800100341,2018년 2월 18일 23시,일요일,전라남도 순천시 연향동,경상사고,0,0,1,0,차대차 - 측면충돌,안전운전불이행,건조,맑음,교차로 - 교차로부근,승용,남,51세,상해없음,승합,남,45세,경상
2018021900100032,2018년 2월 19일 04시,월요일,전라남도 영암군 미암면,경상사고,0,0,1,0,차량단독 - 공작물충돌,안전운전불이행,건조,맑음,단일로 - 기타,승합,남,52세,경상,,,,
2018021900100054,2018년 2월 19일 06시,월요일,전라남도 여수시 신기동,경상사고,0,0,1,0,차대차 - 측면충돌,직진우회전진행방해,건조,맑음,교차로 - 교차로안,승용,남,36세,상해없음,승용,남,55세,경상
2018021900100106,2018년 2월 19일 09시,월요일,전라남도 해남군 화산면,중상사고,0,1,0,0,차대사람 - 횡단중,안전운전불이행,건조,맑음,단일로 - 기타,화물,남,46세,상해없음,보행자,여,46세,중상
2018021900100129,2018년 2월 19일 10시,월요일,전라남도 영암군 삼호읍,중상사고,0,1,0,0,차량단독 - 공작물충돌,안전운전불이행,건조,맑음,단일로 - 기타,승용,남,56세,중상,,,,
2018021900100130,2018년 2월 19일 10시,월요일,전라남도 무안군 운남면,중상사고,0,1,0,0,차량단독 - 전도전복 - 전도,안전운전불이행,건조,맑음,단일로 - 기타,이륜,여,75세,중상,미분류,미분류,미분류,미분류
2018021900100179,2018년 2월 19일 12시,월요일,전라남도 나주시 삼영동,중상사고,0,1,0,0,차대차 - 측면충돌,신호위반,건조,맑음,교차로 - 교차로안,원동기,남,82세,중상,승합,남,27세,상해없음
2018021900100180,2018년 2월 19일 12시,월요일,전라남도 해남군 해남읍,경상사고,0,0,1,0,차대차 - 측면충돌,안전운전불이행,건조,맑음,교차로 - 교차로안,승용,여,42세,기타불명,화물,남,48세,경상
2018021900100283,2018년 2월 19일 16시,월요일,전라남도 여수시 충무동,경상사고,0,0,1,0,차대차 - 측면충돌,안전운전불이행,건조,맑음,단일로 - 기타,승용,여,72세,상해없음,자전거,남,73세,경상
2018021900100284,2018년 2월 19일 16시,월요일,전라남도 구례군 용방면,사망사고,1,0,0,0,차량단독 - 기타,안전운전불이행,건조,맑음,단일로 - 기타,사륜오토바이(ATV),여,78세,사망,,,,
2018021900100306,2018년 2월 19일 17시,월요일,전라남도 여수시 월하동,경상사고,0,0,1,0,차대차 - 측면충돌,안전운전불이행,건조,맑음,단일로 - 기타,특수,남,37세,상해없음,승용,남,73세,상해없음
2018021900100307,2018년 2월 19일 17시,월요일,전라남도 순천시 장천동,경상사고,0,0,1,0,차대차 - 기타,안전운전불이행,건조,맑음,교차로 - 교차로부근,승용,남,22세,상해없음,승용,남,25세,경상