사고번호,사고일시,요일,시군구,사고내용,사망자수,중상자수,경상자수,부상신고자수,사고유형,법규위반,노면상태,기상상태,도로형태,가해운전자 차종,가해운전자 성별,가해운전자 연령,가해운전자 상해정도,피해운전자 차종,피해운전자 성별,피해운전자 연령,피해운전자 상해정도
2018021900100352,2018년 2월 19일 18시,월요일,전라남도 나주시 산포면,경상사고,0,0,1,0,차량단독 - 공작물충돌,안전운전불이행,건조,맑음,단일로 - 기타,승용,남,37세,경상,,,,
2018021900100391,2018년 2월 19일 19시,월요일,전라남도 무안군 현경면,경상사고,0,0,2,0,차대차 - 추돌,안전운전불이행,건조,맑음,단일로 - 기타,승용,남,41세,상해없음,승용,남,31세,경상
2018021900100392,2018년 2월 19일 19시,월요일,전라남도 무안군 현경면,경상사고,0,0,1,0,차대차 - 정면충돌,중앙선침범,건조,맑음,단일로 - 기타,승용,남,42세,상해없음,승용,남,56세,경상
2018021900100429,2018년 2월 19일 20시,월요일,전라남도 목포시 석현동,경상사고,0,0,1,0,차대차 - 기타,안전운전불이행,건조,맑음,단일로 - 기타,승용,남,44세,상해없음,승용,남,48세,경상
2018021900100430,2018년 2월 19일 20시,월요일,전라남도 순천시 장천동,경상사고,0,0,1,0,차대사람 - 횡단중,보행자보호의무위반,건조,맑음,단일로 - 기타,승용,남,24세,상해없음,보행자,여,28세,경상
2018021900100431,2018년 2월 19일 20시,월요일,전라남도 영광군 영광읍,경상사고,0,0,1,0,차대차 - 추돌,안전운전불이행,건조,맑음,단일로 - 기타,승용,남,46세,기타불명,화물,남,52세,경상
2018021900100458,2018년 2월 19일 21시,월요일,전라남도 순천시 서면,경상사고,0,0,1,0,차대차 - 측면충돌,안전운전불이행,건조,맑음,단일로 - 기타,승용,남,54세,상해없음,승용,남,25세,경상
2018021900100512,2018년 2월 19일 23시,월요일,전라남도 진도군 군내면,중상사고,0,1,0,0,차대사람 - 횡단중,안전운전불이행,건조,맑음,단일로 - 기타,승용,남,45세,상해없음,보행자,남,53세,중상
2018022000100011,2018년 2월 20일 00시,화요일,전라남도 완도군 고금면,경상사고,0,0,1,0,차량단독 - 기타,안전운전불이행,건조,맑음,단일로 - 기타,승용,남,58세,상해없음,,,,
2018022000100025,2018년 2월 20일 01시,화요일,전라남도 여수시 화장동,경상사고,0,0,1,0,차대차 - 측면충돌,기타,건조,맑음,교차로 - 교차로부근,승용,남,50세,상해없음,승용,남,38세,경상
2018022000100109,2018년 2월 20일 07시,화요일,전라남도 영암군 학산면,중상사고,0,1,0,0,차대사람 - 횡단중,안전운전불이행,건조,맑음,교차로 - 교차로부근,승용,남,45세,상해없음,보행자,여,74세,중상
2018022000100110,2018년 2월 20일 07시,화요일,전라남도 담양군 담양읍,경상사고,0,0,1,0,차대차 - 기타,중앙선침범,건조,맑음,단일로 - 기타,승용,남,53세,상해없음,건설기계,남,60세,경상
2018022000100133,2018년 2월 20일 08시,화요일,전라남도 나주시 동수동,경상사고,0,0,2,0,차대차 - 측면충돌,직진우회전진행방해,건조,맑음,교차로 - 교차로안,승용,여,43세,경상,승용,여,46세,경상
2018022000100134,2018년 2월 20일 08시,화요일,전라남도 영암군 학산면,경상사고,0,0,1,0,차대차 - 측면충돌,신호위반,건조,맑음,교차로 - 교차로안,화물,남,52세,상해없음,화물,남,48세,경상
2018022000100153,2018년 2월 20일 09시,화요일,전라남도 광양시 중동,중상사고,0,1,0,0,차대차 - 측면충돌,교차로운행방법위반,건조,맑음,교차로 - 교차로안,승용,남,72세,상해없음,원동기,남,72세,중상
2018022000100180,2018년 2월 20일 10시,화요일,전라남도 고흥군 포두면,경상사고,0,0,1,0,차대차 - 추돌,안전운전불이행,건조,맑음,교차로 - 교차로안,승용,남,74세,상해없음,승용,여,51세,경상
2018022000100181,2018년 2월 20일 10시,화요일,전라남도 구례군 구례읍,경상사고,0,0,2,0,차대차 - 정면충돌,중앙선침범,건조,맑음,단일로 - 기타,승용,여,67세,경상,승용,남,69세,경상
2018022000100208,2018년 2월 20일 11시,화요일,전라남도 담양군 담양읍,경상사고,0,0,1,0,차대차 - 추돌,안전거리미확보,건조,맑음,단일로 - 기타,승합,여,39세,상해없음,승용,여,39세,경상
2018022000100236,2018년 2월 20일 12시,화요일,전라남도 여수시 신월동,부상신고사고,0,0,0,1,차대차 - 추돌,안전운전불이행,건조,맑음,교차로 - 교차로부근,이륜,남,79세,부상신고,승용,남,50세,상해없음
2018022000100237,2018년 2월 20일 12시,화요일,전라남도 여수시 국동,경상사고,0,0,1,0,차대차 - 측면충돌,신호위반,건조,맑음,교차로 - 교차로안,승용,남,75세,상해없음,승용,여,42세,경상
2018022000100238,2018년 2월 20일 12시,화요일,전라남도 무안군 일로읍,경상사고,0,0,2,0,차대차 - 측면충돌,신호위반,건조,맑음,교차로 - 교차로안,승용,여,55세,상해없음,승용,남,36세,경상
2018022000100259,2018년 2월 20일 13시,화요일,전라남도 목포시 석현동,경상사고,0,0,2,0,차대차 - 측면충돌,안전운전불이행,건조,맑음,교차로 - 교차로부근,승용,남,78세,상해없음,승용,남,45세,경상
2018022000100260,2018년 2월 20일 13시,화요일,전라남도 여수시 학동,중상사고,0,1,0,0,차대사람 - 횡단중,안전운전불이행,건조,맑음,단일로 - 기타,승용,남,25세,상해없음,보행자,여,65세,중상
2018022000100261,2018년 2월 20일 13시,화요일,전라남도 고흥군 도양읍,경상사고,0,0,1,0,차대차 - 측면충돌,중앙선침범,건조,맑음,교차로 - 교차로안,화물,남,18세,상해없음,이륜,남,69세,경상
2018022000100262,2018년 2월 20일 13시,화요일,전라남도 해남군 문내면,경상사고,0,0,2,0,차대차 - 기타,안전운전불이행,건조,맑음,교차로 - 교차로부근,승용,여,63세,상해없음,이륜,남,78세,경상
2018022000100287,2018년 2월 20일 14시,화요일,전라남도 광양시 금호동,경상사고,0,0,2,0,차대차 - 측면충돌,안전운전불이행,건조,맑음,교차로 - 교차로안,승용,여,60세,경상,건설기계,남,30세,경상
2018022000100315,2018년 2월 20일 15시,화요일,전라남도 여수시 학동,경상사고,0,0,1,0,차대사람 - 횡단중,안전운전불이행,건조,맑음,교차로 - 교차로부근,승용,남,48세,상해없음,보행자,남,58세,경상
2018022000100364,2018년 2월 20일 17시,화요일,전라남도 무안군 청계면,중상사고,0,1,0,0,차대차 - 측면충돌,안전운전불이행,건조,맑음,단일로 - 기타,승용,여,39세,상해없음,이륜,남,54세,중상
2018022000100365,2018년 2월 20일 17시,화요일,전라남도 광양시 금호동,중상사고,0,1,1,0,차대차 - 추돌,안전운전불이행,건조,맑음,단일로 - 기타,화물,남,51세,경상,승합,남,56세,상해없음
2018022000100417,2018년 2월 20일 19시,화요일,전라남도 보성군 벌교읍,경상사고,0,0,1,0,차대차 - 기타,안전운전불이행,건조,맑음,교차로 - 교차로안,승용,남,64세,상해없음,화물,여,58세,경상
2018022000100438,2018년 2월 20일 20시,화요일,전라남도 완도군 완도읍,경상사고,0,0,2,0,차대차 - 측면충돌,교차로운행방법위반,건조,맑음,교차로 - 교차로안,승용,여,29세,상해없음,승합,남,55세,경상
2018022100100054,2018년 2월 21일 06시,수요일,전라남도 나주시 금천면,경상사고,0,0,1,0,차대차 - 정면충돌,신호위반,건조,맑음,교차로 - 교차로안,승용,남,34세,상해없음,화물,남,63세,경상
2018022100100088,2018년 2월 21일 08시,수요일,전라남도 순천시 남정동,경상사고,0,0,2,0,차대차 - 측면충돌,신호위반,건조,맑음,교차로 - 교차로안,승용,남,68세,상해없음,승용,남,48세,경상
2018022100100111,2018년 2월 21일 09시,수요일,전라남도 여수시 소라면,경상사고,0,0,1,0,차대차 - 측면충돌,안전운전불이행,건조,맑음,단일로 - 기타,화물,남,55세,상해없음,승합,남,56세,경상
2018022100100135,2018년 2월 21일 10시,수요일,전라남도 나주시 왕곡면,경상사고,0,0,3,0,차대차 - 측면충돌,중앙선침범,건조,맑음,단일로 - 기타,승용,남,62세,경상,건설기계,남,62세,경상
2018022100100136,2018년 2월 21일 10시,수요일,전라남도 보성군 벌교읍,경상사고,0,0,1,0,차대사람 - 기타,안전운전불이행,건조,맑음,주차장 - 주차장,화물,남,36세,상해없음,보행자,남,72세,경상
2018022100100156,2018년 2월 21일 11시,수요일,전라남도 광양시 중동,경상사고,0,0,1,0,차대차 - 추돌,안전거리미확보,건조,맑음,교차로 - 교차로부근,승용,남,41세,상해없음,승용,여,44세,경상
2018022100100182,2018년 2월 21일 12시,수요일,전라남도 목포시 산정동,중상사고,0,1,0,0,차대차 - 기타,중앙선침범,건조,맑음,단일로 - 기타,이륜,남,83세,상해없음,승용,남,58세,상해없음
2018022100100183,2018년 2월 21일 12시,수요일,전라남도 나주시 금천면,경상사고,0,0,3,0,차대차 - 측면충돌,중앙선침범,건조,맑음,단일로 - 기타,승용,남,51세,상해없음,승용,남,33세,경상
2018022100100204,2018년 2월 21일 13시,수요일,전라남도 순천시 연향동,경상사고,0,0,1,0,차대차 - 측면충돌,중앙선침범,건조,맑음,기타 - 기타,승합,남,73세,상해없음,승용,남,34세,경상
2018022100100231,2018년 2월 21일 14시,수요일,전라남도 함평군 학교면,경상사고,0,0,3,0,차대차 - 추돌,안전운전불이행,건조,맑음,교차로 - 교차로부근,화물,남,31세,경상,승용,남,66세,경상
2018022100100259,2018년 2월 21일 15시,수요일,전라남도 목포시 상동,중상사고,0,1,0,0,차대사람 - 기타,안전운전불이행,건조,맑음,단일로 - 기타,승용,남,57세,상해없음,보행자,남,82세,중상
2018022100100260,2018년 2월 21일 15시,수요일,전라남도 장성군 장성읍,경상사고,0,0,1,0,차대차 - 측면충돌,안전운전불이행,건조,맑음,교차로 - 교차로안,화물,남,41세,상해없음,화물,남,57세,경상
2018022100100289,2018년 2월 21일 16시,수요일,전라남도 목포시 옥암동,경상사고,0,0,2,0,차대차 - 기타,차로위반,건조,맑음,단일로 - 기타,승용,남,38세,상해없음,승용,남,22세,경상
2018022100100308,2018년 2월 21일 17시,수요일,전라남도 목포시 옥암동,경상사고,0,0,2,0,차대차 - 측면충돌,직진우회전진행방해,건조,맑음,교차로 - 교차로안,승용,남,22세,경상,화물,남,43세,경상
2018022100100309,2018년 2월 21일 17시,수요일,전라남도 여수시 남산동,경상사고,0,0,2,0,차대차 - 후진중충돌,안전운전불이행,건조,맑음,단일로 - 기타,화물,남,62세,상해없음,승용,남,35세,경상
2018022100100310,2018년 2월 21일 17시,수요일,전라남도 완도군 완도읍,경상사고,0,0,1,0,차대차 - 측면충돌,안전운전불이행,건조,맑음,교차로 - 교차로안,화물,남,45세,기타불명,승합,남,55세,경상
2018022100100332,2018년 2월 21일 18시,수요일,전라남도 목포시 용해동,경상사고,0,0,2,0,차대차 - 기타,신호위반,건조,맑음,교차로 - 교차로부근,이륜,남,16세,경상,승합,남,61세,상해없음
2018022100100333,2018년 2월 21일 18시,수요일,전라남도 목포시 산정동,경상사고,0,0,3,0,차대차 - 측면충돌,교차로운행방법위반,건조,맑음,교차로 - 교차로안,승용,남,39세,경상,승용,남,28세,경상
2018022100100334,2018년 2월 21일 18시,수요일,전라남도 광양시 광양읍,경상사고,0,0,1,0,차대차 - 측면충돌,교차로운행방법위반,건조,맑음,교차로 - 교차로안,승용,남,60세,상해없음,승용,남,30세,경상
2018022100100454,2018년 2월 21일 22시,수요일,전라남도 여수시 국동,중상사고,0,1,0,0,차대사람 - 횡단중,안전운전불이행,건조,맑음,단일로 - 기타,승용,남,61세,상해없음,보행자,남,70세,중상
2018022200100016,2018년 2월 22일 00시,목요일,전라남도 순천시 풍덕동,경상사고,0,0,3,0,차대차 - 측면충돌,안전운전불이행,건조,맑음,교차로 - 교차로안,승용,남,31세,상해없음,승용,남,59세,경상
2018022200100150,2018년 2월 22일 09시,목요일,전라남도 여수시 학동,경상사고,0,0,1,0,차대사람 - 차도통행중,안전운전불이행,건조,맑음,단일로 - 기타,승용,남,56세,상해없음,보행자,남,37세,경상
2018022200100151,2018년 2월 22일 09시,목요일,전라남도 여수시 소호동,경상사고,0,0,1,0,차대차 - 측면충돌,신호위반,건조,맑음,교차로 - 교차로안,승용,여,44세,상해없음,승용,여,43세,경상
2018022200100152,2018년 2월 22일 09시,목요일,전라남도 순천시 조곡동,경상사고,0,0,1,0,차대사람 - 횡단중,안전운전불이행,건조,맑음,교차로 - 교차로안,승용,여,25세,상해없음,보행자,여,81세,경상
2018022200100153,2018년 2월 22일 09시,목요일,전라남도 무안군 삼향읍,사망사고,1,0,0,0,차대사람 - 횡단중,안전운전불이행,건조,맑음,단일로 - 기타,승용,남,28세,상해없음,보행자,여,70세,사망
2018022200100178,2018년 2월 22일 10시,목요일,전라남도 영광군 군서면,중상사고,0,1,1,0,차대차 - 정면충돌,교차로운행방법위반,건조,맑음,교차로 - 교차로안,승용,여,58세,경상,화물,남,73세,중상
2018022200100179,2018년 2월 22일 10시,목요일,전라남도 영암군 영암읍,경상사고,0,0,1,0,차대사람 - 길가장자리구역통행중,안전운전불이행,건조,맑음,교차로 - 교차로안,승합,남,65세,상해없음,보행자,여,81세,경상
2018022200100209,2018년 2월 22일 11시,목요일,전라남도 나주시 성북동,경상사고,0,0,1,0,차대사람 - 횡단중,안전운전불이행,건조,맑음,교차로 - 교차로안,승용,남,45세,상해없음,보행자,남,78세,경상
2018022200100210,2018년 2월 22일 11시,목요일,전라남도 장흥군 회진면,중상사고,0,1,0,0,차량단독 - 전도전복 - 전도,안전운전불이행,건조,맑음,단일로 - 기타,농기계,남,75세,중상,미분류,미분류,미분류,미분류
2018022200100244,2018년 2월 22일 12시,목요일,전라남도 여수시 공화동,경상사고,0,0,3,0,차대차 - 정면충돌,중앙선침범,건조,맑음,교차로 - 교차로부근,승용,여,31세,상해없음,승용,여,39세,경상
2018022200100245,2018년 2월 22일 12시,목요일,전라남도 해남군 황산면,사망사고,1,0,0,0,차대차 - 측면충돌,직진우회전진행방해,건조,맑음,교차로 - 교차로안,화물,남,72세,상해없음,이륜,남,75세,사망
2018022200100267,2018년 2월 22일 13시,목요일,전라남도 순천시 연향동,경상사고,0,0,1,0,차대사람 - 차도통행중,안전운전불이행,건조,맑음,단일로 - 기타,승용,여,48세,상해없음,보행자,남,45세,경상
2018022200100268,2018년 2월 22일 13시,목요일,전라남도 화순군 화순읍,중상사고,0,1,0,0,차대사람 - 횡단중,보행자보호의무위반,건조,맑음,교차로 - 교차로횡단보도내,승용,여,53세,상해없음,보행자,여,68세,중상
2018022200100297,2018년 2월 22일 14시,목요일,전라남도 여수시 미평동,경상사고,0,0,1,0,차대사람 - 횡단중,안전운전불이행,건조,맑음,교차로 - 교차로안,승용,남,63세,상해없음,보행자,여,60세,경상
2018022200100298,2018년 2월 22일 14시,목요일,전라남도 해남군 해남읍,중상사고,0,1,1,0,차대차 - 기타,안전운전불이행,건조,맑음,교차로 - 교차로부근,화물,남,46세,상해없음,이륜,여,47세,경상
2018022200100327,2018년 2월 22일 15시,목요일,전라남도 목포시 산정동,중상사고,0,1,0,0,차대차 - 측면충돌,직진우회전진행방해,건조,맑음,교차로 - 교차로안,화물,남,32세,상해없음,이륜,남,75세,중상
2018022200100328,2018년 2월 22일 15시,목요일,전라남도 여수시 선원동,경상사고,0,0,1,0,차대사람 - 기타,안전운전불이행,건조,맑음,교차로 - 교차로부근,승용,여,48세,상해없음,보행자,여,68세,경상
2018022200100329,2018년 2월 22일 15시,목요일,전라남도 순천시 해룡면,경상사고,0,0,1,0,차대차 - 추돌,안전운전불이행,건조,맑음,단일로 - 기타,승용,여,49세,경상,화물,남,53세,상해없음
2018022200100373,2018년 2월 22일 17시,목요일,전라남도 광양시 금호동,경상사고,0,0,1,0,차대차 - 측면충돌,안전운전불이행,건조,맑음,교차로 - 교차로안,특수,남,48세,상해없음,승용,남,59세,경상
2018022200100412,2018년 2월 22일 18시,목요일,전라남도 보성군 보성읍,경상사고,0,0,2,0,차대차 - 측면충돌,기타,건조,맑음,교차로 - 교차로안,승용,남,43세,경상,승용,남,59세,상해없음
2018022200100450,2018년 2월 22일 19시,목요일,전라남도 광양시 광양읍,경상사고,0,0,4,0,차대차 - 측면충돌,안전운전불이행,건조,맑음,교차로 - 교차로안,승용,여,27세,상해없음,승용,여,35세,경상
2018022200100482,2018년 2월 22일 20시,목요일,전라남도 목포시 상동,경상사고,0,0,2,0,차대차 - 측면충돌,교차로운행방법위반,건조,맑음,교차로 - 교차로안,승용,남,16세,상해없음,승용,남,49세,경상
2018022200100512,2018년 2월 22일 21시,목요일,전라남도 목포시 옥암동,경상사고,0,0,1,0,차대차 - 추돌,안전운전불이행,건조,맑음,교차로 - 교차로부근,승용,남,51세,상해없음,승용,남,35세,경상
2018022300100047,2018년 2월 23일 02시,금요일,전라남도 광양시 중동,중상사고,0,1,0,0,차대사람 - 보도통행중,안전운전불이행,건조,맑음,단일로 - 기타,화물,남,44세,상해없음,보행자,여,38세,중상
2018022300100055,2018년 2월 23일 03시,금요일,전라남도 목포시 상동,경상사고,0,0,1,0,차대사람 - 기타,안전운전불이행,건조,맑음,단일로 - 기타,승용,남,19세,상해없음,보행자,남,19세,경상
2018022300100092,2018년 2월 23일 06시,금요일,전라남도 목포시 연산동,경상사고,0,0,1,0,차대차 - 측면충돌,교차로운행방법위반,건조,맑음,교차로 - 교차로안,화물,남,57세,상해없음,화물,남,32세,경상
2018022300100093,2018년 2월 23일 06시,금요일,전라남도 여수시 평여동,경상사고,0,0,2,0,차대차 - 추돌,안전운전불이행,건조,맑음,교차로 - 교차로부근,승용,남,26세,상해없음,승용,여,48세,경상
2018022300100151,2018년 2월 23일 08시,금요일,전라남도 함평군 나산면,중상사고,0,1,1,0,차대차 - 측면충돌,직진우회전진행방해,건조,맑음,교차로 - 교차로안,승용,여,24세,상해없음,화물,남,47세,경상
2018022300100152,2018년 2월 23일 08시,금요일,전라남도 무안군 해제면,경상사고,0,0,2,0,차대차 - 기타,중앙선침범,건조,흐림,단일로 - 기타,기타불명,기타불명,미분류,기타불명,승용,남,75세,경상
2018022300100188,2018년 2월 23일 09시,금요일,전라남도 목포시 상동,중상사고,0,1,2,0,차대차 - 측면충돌,안전운전불이행,건조,맑음,단일로 - 기타,승용,남,60세,중상,승용,남,48세,경상
2018022300100189,2018년 2월 23일 09시,금요일,전라남도 장흥군 장흥읍,중상사고,0,1,1,0,차대차 - 측면충돌,교차로운행방법위반,건조,맑음,교차로 - 교차로안,화물,남,76세,중상,화물,남,61세,경상
2018022300100190,2018년 2월 23일 09시,금요일,전라남도 고흥군 고흥읍,중상사고,0,1,0,0,차대사람 - 길가장자리구역통행중,안전운전불이행,건조,맑음,단일로 - 기타,화물,남,67세,상해없음,보행자,여,59세,중상
2018022300100258,2018년 2월 23일 11시,금요일,전라남도 목포시 용당동,중상사고,0,2,1,0,차대사람 - 횡단중,안전운전불이행,건조,맑음,단일로 - 기타,승용,남,70세,상해없음,보행자,남,73세,중상
2018022300100259,2018년 2월 23일 11시,금요일,전라남도 여수시 여서동,경상사고,0,0,1,0,차대차 - 측면충돌,차로위반,건조,맑음,교차로 - 교차로부근,승용,여,28세,상해없음,승용,남,30세,상해없음
2018022300100260,2018년 2월 23일 11시,금요일,전라남도 여수시 학동,경상사고,0,0,1,0,차대차 - 추돌,안전운전불이행,건조,맑음,단일로 - 기타,승용,여,60세,상해없음,승용,여,41세,경상
2018022300100285,2018년 2월 23일 12시,금요일,전라남도 광양시 광양읍,경상사고,0,0,1,0,차대차 - 측면충돌,안전거리미확보,건조,맑음,단일로 - 기타,건설기계,남,50세,상해없음,승용,남,68세,경상
2018022300100308,2018년 2월 23일 13시,금요일,전라남도 장흥군 장흥읍,경상사고,0,0,2,0,차대차 - 측면충돌,직진우회전진행방해,건조,맑음,교차로 - 교차로안,승용,남,29세,경상,화물,남,30세,경상
2018022300100326,2018년 2월 23일 14시,금요일,전라남도 완도군 완도읍,경상사고,0,0,2,0,차대차 - 측면충돌,교차로운행방법위반,건조,맑음,교차로 - 교차로안,승용,남,63세,상해없음,승용,여,67세,경상
2018022300100348,2018년 2월 23일 15시,금요일,전라남도 고흥군 도화면,중상사고,0,1,0,0,차량단독 - 공작물충돌,안전운전불이행,건조,맑음,단일로 - 기타,화물,남,62세,상해없음,,,,
2018022300100407,2018년 2월 23일 17시,금요일,전라남도 담양군 월산면,중상사고,0,1,0,0,차대차 - 기타,신호위반,건조,맑음,교차로 - 교차로안,승용,여,19세,상해없음,승용,남,42세,중상
2018022300100436,2018년 2월 23일 18시,금요일,전라남도 목포시 상동,경상사고,0,0,2,0,차대사람 - 기타,안전운전불이행,건조,맑음,단일로 - 기타,승용,남,65세,상해없음,보행자,남,67세,경상
2018022300100437,2018년 2월 23일 18시,금요일,전라남도 신안군 임자면,경상사고,0,0,1,0,차대차 - 측면충돌,중앙선침범,건조,맑음,단일로 - 기타,승용,남,62세,상해없음,승용,남,57세,상해없음
2018022300100438,2018년 2월 23일 18시,금요일,전라남도 영암군 미암면,중상사고,0,1,0,0,차량단독 - 공작물충돌,안전운전불이행,건조,맑음,단일로 - 교량,화물,남,67세,중상,,,,
2018022300100480,2018년 2월 23일 19시,금요일,전라남도 목포시 용당동,중상사고,0,1,0,0,차대사람 - 횡단중,안전운전불이행,건조,맑음,단일로 - 기타,승용,여,66세,상해없음,보행자,남,70세,중상
2018022300100481,2018년 2월 23일 19시,금요일,전라남도 순천시 해룡면,중상사고,0,1,0,0,차대사람 - 횡단중,안전운전불이행,건조,맑음,단일로 - 기타,이륜,남,19세,상해없음,보행자,남,49세,중상
2018022300100482,2018년 2월 23일 19시,금요일,전라남도 담양군 창평면,경상사고,0,0,2,0,차대차 - 기타,직진우회전진행방해,건조,맑음,교차로 - 교차로안,화물,남,52세,상해없음,승용,남,34세,경상
2018022300100483,2018년 2월 23일 19시,금요일,전라남도 광양시 중동,중상사고,0,1,4,0,차대차 - 측면충돌,교차로운행방법위반,건조,맑음,교차로 - 교차로안,승용,남,60세,경상,승용,남,26세,중상
2018022300100628,2018년 2월 23일 23시,금요일,전라남도 목포시 용해동,경상사고,0,0,1,0,차대차 - 기타,안전운전불이행,건조,맑음,단일로 - 기타,기타불명,기타불명,미분류,기타불명,원동기,남,17세,경상
2018022300100629,2018년 2월 23일 23시,금요일,전라남도 나주시 빛가람동,경상사고,0,0,1,0,차대사람 - 횡단중,보행자보호의무위반,건조,맑음,교차로 - 교차로횡단보도내,승용,남,25세,상해없음,보행자,남,28세,경상
2018022300100630,2018년 2월 23일 23시,금요일,전라남도 담양군 담양읍,중상사고,0,1,0,0,차량단독 - 전도전복 - 전도,안전운전불이행,건조,맑음,교차로 - 교차로안,원동기,남,49세,중상,미분류,미분류,미분류,미분류
2018022400100034,2018년 2월 24일 01시,토요일,전라남도 고흥군 금산면,중상사고,0,1,0,0,차량단독 - 공작물충돌,안전운전불이행,건조,맑음,단일로 - 기타,승용,남,16세,상해없음,,,,
2018022400100043,2018년 2월 24일 02시,토요일,전라남도 목포시 산정동,경상사고,0,0,1,0,차량단독 - 기타,안전운전불이행,건조,맑음,단일로 - 기타,승용,남,54세,상해없음,,,,
2018022400100044,2018년 2월 24일 02시,토요일,전라남도 여수시 돌산읍,경상사고,0,0,1,0,차대차 - 측면충돌,교차로운행방법위반,건조,맑음,교차로 - 교차로안,승용,남,44세,상해없음,승용,남,31세,경상
2018022400100115,2018년 2월 24일 07시,토요일,전라남도 영암군 신북면,경상사고,0,0,1,0,차대차 - 측면충돌,중앙선침범,건조,맑음,교차로 - 교차로안,이륜,남,61세,경상,승용,남,51세,상해없음
2018022400100126,2018년 2월 24일 08시,토요일,전라남도 강진군 강진읍,경상사고,0,0,1,0,차대차 - 측면충돌,교차로운행방법위반,건조,맑음,교차로 - 교차로안,승용,남,71세,경상,승용,남,63세,상해없음
2018022400100144,2018년 2월 24일 09시,토요일,전라남도 목포시 연산동,중상사고,0,1,0,0,차대차 - 기타,차로위반,건조,맑음,교차로 - 교차로부근,승용,남,56세,상해없음,화물,남,65세,상해없음
2018022400100172,2018년 2월 24일 10시,토요일,전라남도 보성군 벌교읍,경상사고,0,0,1,0,차대차 - 측면충돌,안전거리미확보,건조,맑음,단일로 - 기타,승용,남,87세,상해없음,이륜,남,72세,경상
2018022400100173,2018년 2월 24일 10시,토요일,전라남도 곡성군 곡성읍,중상사고,0,1,0,0,차대사람 - 기타,안전운전불이행,건조,맑음,교차로 - 교차로부근,화물,남,63세,상해없음,보행자,여,72세,중상
2018022400100174,2018년 2월 24일 10시,토요일,전라남도 완도군 완도읍,중상사고,0,1,0,0,차대사람 - 기타,안전운전불이행,건조,맑음,단일로 - 기타,승용,여,63세,상해없음,보행자,여,79세,중상
2018022400100228,2018년 2월 24일 12시,토요일,전라남도 광양시 광양읍,부상신고사고,0,0,0,1,차대차 - 측면충돌,교차로운행방법위반,건조,맑음,교차로 - 교차로안,승용,여,22세,상해없음,이륜,남,81세,부상신고
2018022400100254,2018년 2월 24일 13시,토요일,전라남도 목포시 용당동,경상사고,0,0,1,0,차대차 - 기타,안전운전불이행,건조,맑음,단일로 - 기타,자전거,남,18세,경상,자전거,남,18세,상해없음
2018022400100255,2018년 2월 24일 13시,토요일,전라남도 담양군 고서면,경상사고,0,0,3,0,차대차 - 추돌,안전운전불이행,건조,맑음,교차로 - 교차로부근,승용,남,40세,경상,승용,남,26세,경상
2018022400100305,2018년 2월 24일 15시,토요일,전라남도 보성군 회천면,경상사고,0,0,2,0,차대차 - 측면충돌,안전운전불이행,건조,맑음,교차로 - 교차로안,화물,남,82세,상해없음,화물,남,62세,경상
2018022400100336,2018년 2월 24일 16시,토요일,전라남도 여수시 소라면,사망사고,1,0,0,0,차량단독 - 공작물충돌,안전운전불이행,건조,맑음,단일로 - 기타,승용,남,66세,사망,,,,
2018022400100337,2018년 2월 24일 16시,토요일,전라남도 여수시 덕충동,경상사고,0,0,4,0,차대차 - 측면충돌,안전운전불이행,건조,맑음,단일로 - 기타,승용,여,47세,경상,승용,남,52세,경상
2018022400100338,2018년 2월 24일 16시,토요일,전라남도 나주시 석현동,경상사고,0,0,1,0,차량단독 - 공작물충돌,안전운전불이행,건조,맑음,교차로 - 교차로부근,승용,여,64세,경상,,,,
2018022400100339,2018년 2월 24일 16시,토요일,전라남도 강진군 마량면,중상사고,0,1,1,0,차대차 - 기타,직진우회전진행방해,건조,맑음,교차로 - 교차로안,승용,여,55세,상해없음,승용,남,64세,상해없음
2018022400100385,2018년 2월 24일 18시,토요일,전라남도 목포시 상동,경상사고,0,0,1,0,차대차 - 기타,안전운전불이행,건조,맑음,교차로 - 교차로부근,승용,남,53세,상해없음,승용,남,51세,경상
2018022400100386,2018년 2월 24일 18시,토요일,전라남도 순천시 조례동,경상사고,0,0,2,0,차대차 - 측면충돌,안전거리미확보,건조,맑음,교차로 - 교차로부근,승용,남,50세,상해없음,승용,남,62세,경상
2018022400100387,2018년 2월 24일 18시,토요일,전라남도 나주시 빛가람동,중상사고,0,1,1,0,차대차 - 기타,교차로운행방법위반,건조,흐림,교차로 - 교차로안,승용,남,67세,경상,원동기,남,19세,중상
2018022400100388,2018년 2월 24일 18시,토요일,전라남도 보성군 벌교읍,부상신고사고,0,0,0,1,차대차 - 측면충돌,안전운전불이행,건조,맑음,교차로 - 교차로부근,이륜,남,71세,부상신고,승용,남,61세,상해없음
2018022400100417,2018년 2월 24일 19시,토요일,전라남도 순천시 덕암동,중상사고,0,2,2,0,차대차 - 측면충돌,직진우회전진행방해,건조,맑음,교차로 - 교차로안,승용,남,22세,중상,승용,여,41세,경상