사고번호,사고일시,요일,시군구,사고내용,사망자수,중상자수,경상자수,부상신고자수,사고유형,법규위반,노면상태,기상상태,도로형태,가해운전자 차종,가해운전자 성별,가해운전자 연령,가해운전자 상해정도,피해운전자 차종,피해운전자 성별,피해운전자 연령,피해운전자 상해정도
2018031700100497,2018년 3월 17일 19시,토요일,전라남도 함평군 해보면,중상사고,0,1,0,0,차대사람 - 횡단중,과속,건조,맑음,교차로 - 교차로안,승용,남,52세,상해없음,보행자,남,48세,중상
2018031700100537,2018년 3월 17일 20시,토요일,전라남도 함평군 나산면,사망사고,1,0,0,0,차대사람 - 횡단중,안전운전불이행,건조,맑음,단일로 - 기타,승용,여,61세,상해없음,보행자,여,64세,사망
2018031700100617,2018년 3월 17일 23시,토요일,전라남도 목포시 상동,경상사고,0,0,1,0,차대차 - 측면충돌,직진우회전진행방해,건조,맑음,교차로 - 교차로안,승용,남,48세,상해없음,승용,여,49세,경상
2018031800100076,2018년 3월 18일 06시,일요일,전라남도 여수시 웅천동,중상사고,0,1,0,0,차대차 - 측면충돌,신호위반,건조,맑음,교차로 - 교차로안,화물,남,72세,중상,승합,남,43세,상해없음
2018031800100140,2018년 3월 18일 11시,일요일,전라남도 구례군 산동면,경상사고,0,0,1,0,차대차 - 추돌,안전운전불이행,건조,맑음,단일로 - 기타,승용,남,56세,상해없음,화물,남,58세,상해없음
2018031800100156,2018년 3월 18일 12시,일요일,전라남도 장흥군 장흥읍,경상사고,0,0,1,0,차대차 - 기타,안전운전불이행,건조,맑음,기타 - 기타,승용,남,29세,상해없음,자전거,남,81세,경상
2018031800100200,2018년 3월 18일 14시,일요일,전라남도 나주시 남평읍,경상사고,0,0,2,0,차대차 - 기타,안전운전불이행,건조,맑음,단일로 - 기타,건설기계,남,53세,상해없음,승합,남,34세,상해없음
2018031800100201,2018년 3월 18일 14시,일요일,전라남도 구례군 간전면,중상사고,0,1,0,0,차대사람 - 길가장자리구역통행중,안전운전불이행,건조,흐림,단일로 - 기타,승용,남,45세,상해없음,보행자,남,53세,중상
2018031800100264,2018년 3월 18일 16시,일요일,전라남도 목포시 산정동,경상사고,0,0,1,0,차대차 - 기타,교차로운행방법위반,건조,맑음,교차로 - 교차로안,승용,남,26세,상해없음,승용,남,51세,경상
2018031800100286,2018년 3월 18일 17시,일요일,전라남도 순천시 승주읍,중상사고,0,1,0,0,차대차 - 기타,안전운전불이행,젖음/습기,비,단일로 - 기타,이륜,남,56세,중상,화물,남,61세,상해없음
2018031800100316,2018년 3월 18일 18시,일요일,전라남도 목포시 석현동,경상사고,0,0,1,0,차대차 - 기타,교차로운행방법위반,건조,맑음,교차로 - 교차로안,승용,남,78세,상해없음,이륜,남,25세,경상
2018031800100317,2018년 3월 18일 18시,일요일,전라남도 강진군 군동면,경상사고,0,0,3,0,차대차 - 정면충돌,중앙선침범,젖음/습기,비,단일로 - 기타,승용,여,61세,상해없음,승용,여,48세,경상
2018031800100352,2018년 3월 18일 19시,일요일,전라남도 목포시 상동,경상사고,0,0,4,0,차대차 - 기타,교차로운행방법위반,건조,맑음,교차로 - 교차로안,화물,남,38세,경상,승용,남,29세,경상
2018031800100381,2018년 3월 18일 20시,일요일,전라남도 고흥군 풍양면,부상신고사고,0,0,0,1,차량단독 - 공작물충돌,안전운전불이행,젖음/습기,비,단일로 - 기타,승용,여,39세,부상신고,,,,
2018031800100413,2018년 3월 18일 21시,일요일,전라남도 목포시 산정동,경상사고,0,0,4,0,차대차 - 추돌,안전운전불이행,건조,맑음,단일로 - 기타,승용,남,23세,상해없음,승용,여,20세,경상
2018031800100445,2018년 3월 18일 22시,일요일,전라남도 여수시 화장동,경상사고,0,0,5,0,차대차 - 측면충돌,안전운전불이행,젖음/습기,비,교차로 - 교차로안,승용,남,28세,경상,승합,남,45세,경상
2018031800100446,2018년 3월 18일 22시,일요일,전라남도 순천시 인제동,경상사고,0,0,1,0,차대차 - 추돌,안전운전불이행,건조,맑음,교차로 - 교차로안,승용,남,48세,상해없음,승용,남,25세,경상
2018031800100447,2018년 3월 18일 22시,일요일,전라남도 광양시 중동,경상사고,0,0,1,0,차대차 - 측면충돌,신호위반,젖음/습기,비,교차로 - 교차로안,특수,남,53세,상해없음,승용,여,36세,경상
2018031800100468,2018년 3월 18일 23시,일요일,전라남도 목포시 용당동,중상사고,0,1,0,0,차대사람 - 기타,안전운전불이행,건조,맑음,단일로 - 기타,승용,남,51세,상해없음,보행자,남,47세,중상
2018031900100006,2018년 3월 19일 00시,월요일,전라남도 화순군 화순읍,경상사고,0,0,1,0,차대차 - 측면충돌,안전운전불이행,젖음/습기,비,단일로 - 기타,승용,남,56세,경상,화물,남,45세,기타불명
2018031900100027,2018년 3월 19일 02시,월요일,전라남도 장성군 북하면,사망사고,1,0,0,0,차량단독 - 공작물충돌,안전운전불이행,젖음/습기,비,교차로 - 교차로안,승용,남,42세,사망,,,,
2018031900100059,2018년 3월 19일 06시,월요일,전라남도 보성군 벌교읍,중상사고,0,1,0,0,차대사람 - 횡단중,안전운전불이행,젖음/습기,비,주차장 - 주차장,승용,남,43세,상해없음,보행자,여,75세,중상
2018031900100080,2018년 3월 19일 07시,월요일,전라남도 목포시 상동,경상사고,0,0,2,0,차대차 - 기타,교차로운행방법위반,건조,맑음,교차로 - 교차로안,화물,남,54세,상해없음,승용,남,47세,경상
2018031900100081,2018년 3월 19일 07시,월요일,전라남도 목포시 용해동,경상사고,0,0,1,0,차대차 - 기타,안전운전불이행,건조,맑음,교차로 - 교차로횡단보도내,승합,남,69세,상해없음,자전거,남,53세,경상
2018031900100082,2018년 3월 19일 07시,월요일,전라남도 순천시 연향동,중상사고,0,1,2,0,차대차 - 측면충돌,신호위반,젖음/습기,비,교차로 - 교차로안,특수,남,55세,상해없음,승용,남,44세,경상
2018031900100201,2018년 3월 19일 11시,월요일,전라남도 순천시 연향동,경상사고,0,0,1,0,차대차 - 기타,안전운전불이행,건조,맑음,단일로 - 기타,화물,남,56세,상해없음,이륜,남,74세,경상
2018031900100225,2018년 3월 19일 12시,월요일,전라남도 여수시 평여동,경상사고,0,0,3,0,차대차 - 측면충돌,중앙선침범,젖음/습기,비,단일로 - 기타,화물,남,65세,경상,승용,남,41세,경상
2018031900100246,2018년 3월 19일 13시,월요일,전라남도 목포시 대성동,경상사고,0,0,1,0,차대사람 - 차도통행중,안전운전불이행,건조,맑음,단일로 - 기타,승용,여,45세,상해없음,보행자,여,64세,경상
2018031900100273,2018년 3월 19일 14시,월요일,전라남도 화순군 화순읍,중상사고,0,1,0,0,차대사람 - 횡단중,안전운전불이행,젖음/습기,비,교차로 - 교차로안,승용,여,52세,상해없음,보행자,여,77세,중상
2018031900100274,2018년 3월 19일 14시,월요일,전라남도 강진군 도암면,경상사고,0,0,2,0,차량단독 - 기타,안전운전불이행,젖음/습기,비,단일로 - 기타,화물,여,55세,경상,,,,
2018031900100297,2018년 3월 19일 15시,월요일,전라남도 영광군 군서면,사망사고,1,1,0,0,차대차 - 정면충돌,중앙선침범,젖음/습기,비,단일로 - 기타,화물,남,78세,사망,승용,남,59세,중상
2018031900100298,2018년 3월 19일 15시,월요일,전라남도 광양시 중동,경상사고,0,0,1,0,차대차 - 측면충돌,신호위반,건조,맑음,교차로 - 교차로안,승용,남,44세,상해없음,승용,여,42세,경상
2018031900100332,2018년 3월 19일 16시,월요일,전라남도 영암군 삼호읍,경상사고,0,0,2,0,차대차 - 추돌,안전운전불이행,젖음/습기,비,교차로 - 교차로부근,화물,남,56세,상해없음,승용,남,43세,경상
2018031900100369,2018년 3월 19일 17시,월요일,전라남도 목포시 상동,경상사고,0,0,1,0,차대차 - 기타,안전운전불이행,젖음/습기,비,단일로 - 기타,승용,남,54세,상해없음,이륜,남,27세,경상
2018031900100370,2018년 3월 19일 17시,월요일,전라남도 완도군 완도읍,중상사고,0,1,0,0,차대차 - 측면충돌,안전운전불이행,젖음/습기,비,단일로 - 기타,승용,남,37세,기타불명,이륜,남,60세,중상
2018031900100401,2018년 3월 19일 18시,월요일,전라남도 목포시 옥암동,경상사고,0,0,4,0,차대차 - 측면충돌,직진우회전진행방해,젖음/습기,비,교차로 - 교차로안,승용,여,22세,경상,승용,여,22세,경상
2018031900100441,2018년 3월 19일 19시,월요일,전라남도 순천시 해룡면,중상사고,0,1,1,0,차대차 - 측면충돌,중앙선침범,건조,맑음,단일로 - 기타,승용,남,33세,경상,승용,여,35세,중상
2018031900100442,2018년 3월 19일 19시,월요일,전라남도 화순군 화순읍,중상사고,0,1,0,0,차대사람 - 횡단중,보행자보호의무위반,젖음/습기,비,단일로 - 기타,승용,여,52세,상해없음,보행자,남,59세,중상
2018031900100490,2018년 3월 19일 20시,월요일,전라남도 장성군 남면,경상사고,0,0,1,0,차대차 - 추돌,안전거리미확보,건조,맑음,단일로 - 기타,승합,남,57세,상해없음,승용,남,49세,경상
2018031900100524,2018년 3월 19일 21시,월요일,전라남도 영광군 묘량면,중상사고,0,1,0,0,차대차 - 측면충돌,안전운전불이행,젖음/습기,흐림,교차로 - 교차로안,화물,남,43세,상해없음,승용,여,41세,중상
2018032000100020,2018년 3월 20일 02시,화요일,전라남도 목포시 상동,경상사고,0,0,2,0,차대차 - 추돌,안전운전불이행,건조,맑음,단일로 - 기타,승용,남,35세,상해없음,승용,남,20세,경상
2018032000100027,2018년 3월 20일 03시,화요일,전라남도 목포시 상동,경상사고,0,0,1,0,차량단독 - 기타,안전운전불이행,건조,맑음,단일로 - 기타,승용,남,21세,상해없음,,,,
2018032000100034,2018년 3월 20일 04시,화요일,전라남도 순천시 승주읍,경상사고,0,0,1,0,차대차 - 추돌,안전운전불이행,건조,맑음,단일로 - 기타,승용,남,32세,상해없음,화물,남,64세,경상
2018032000100056,2018년 3월 20일 06시,화요일,전라남도 목포시 용해동,경상사고,0,0,1,0,차대사람 - 기타,안전운전불이행,건조,맑음,교차로 - 교차로안,승합,남,73세,상해없음,보행자,남,57세,경상
2018032000100057,2018년 3월 20일 06시,화요일,전라남도 순천시 별량면,경상사고,0,0,1,0,차대사람 - 횡단중,안전운전불이행,젖음/습기,비,교차로 - 교차로안,승용,남,26세,상해없음,보행자,여,81세,경상
2018032000100077,2018년 3월 20일 07시,화요일,전라남도 여수시 여서동,중상사고,0,1,0,0,차대사람 - 횡단중,보행자보호의무위반,건조,맑음,단일로 - 기타,승용,남,60세,상해없음,보행자,남,60세,중상
2018032000100112,2018년 3월 20일 08시,화요일,전라남도 목포시 상동,경상사고,0,0,2,0,차대차 - 측면충돌,기타,건조,맑음,교차로 - 교차로안,승용,남,25세,경상,화물,남,28세,경상
2018032000100142,2018년 3월 20일 09시,화요일,전라남도 목포시 상동,경상사고,0,0,3,0,차대차 - 측면충돌,직진우회전진행방해,젖음/습기,흐림,교차로 - 교차로안,승용,여,46세,경상,승용,남,35세,상해없음
2018032000100143,2018년 3월 20일 09시,화요일,전라남도 나주시 남평읍,경상사고,0,0,2,0,차대차 - 기타,안전운전불이행,건조,맑음,단일로 - 기타,이륜,남,84세,경상,승합,남,33세,상해없음
2018032000100180,2018년 3월 20일 10시,화요일,전라남도 완도군 완도읍,경상사고,0,0,1,0,차대사람 - 기타,안전운전불이행,건조,흐림,주차장 - 주차장,승용,남,39세,상해없음,보행자,남,33세,경상
2018032000100203,2018년 3월 20일 11시,화요일,전라남도 광양시 중동,중상사고,0,1,0,0,차대차 - 측면충돌,안전운전불이행,건조,맑음,단일로 - 기타,승용,여,44세,상해없음,이륜,남,81세,중상
2018032000100204,2018년 3월 20일 11시,화요일,전라남도 구례군 구례읍,부상신고사고,0,0,0,1,차대차 - 정면충돌,중앙선침범,건조,맑음,단일로 - 기타,사륜오토바이(ATV),남,79세,부상신고,화물,남,71세,상해없음
2018032000100240,2018년 3월 20일 12시,화요일,전라남도 영암군 금정면,경상사고,0,0,2,0,차대차 - 정면충돌,안전운전불이행,건조,맑음,교차로 - 교차로부근,승용,여,27세,경상,화물,남,57세,경상
2018032000100283,2018년 3월 20일 14시,화요일,전라남도 나주시 남평읍,경상사고,0,0,1,0,차대사람 - 횡단중,안전운전불이행,건조,맑음,교차로 - 교차로안,승용,남,52세,상해없음,보행자,여,77세,경상
2018032000100339,2018년 3월 20일 16시,화요일,전라남도 순천시 조례동,경상사고,0,0,1,0,차대차 - 추돌,안전운전불이행,건조,맑음,교차로 - 교차로부근,승용,남,22세,상해없음,승용,남,26세,경상
2018032000100415,2018년 3월 20일 18시,화요일,전라남도 무안군 운남면,중상사고,0,1,0,0,차대차 - 추돌,안전운전불이행,젖음/습기,비,단일로 - 기타,승용,여,53세,상해없음,농기계,남,44세,중상
2018032000100416,2018년 3월 20일 18시,화요일,전라남도 구례군 간전면,경상사고,0,0,1,1,차대차 - 측면충돌,교차로운행방법위반,건조,맑음,교차로 - 교차로안,승용,여,53세,상해없음,승용,남,45세,경상
2018032000100454,2018년 3월 20일 19시,화요일,전라남도 목포시 용해동,경상사고,0,0,1,0,차대차 - 기타,안전운전불이행,젖음/습기,비,단일로 - 기타,승합,남,72세,상해없음,화물,남,43세,경상
2018032000100455,2018년 3월 20일 19시,화요일,전라남도 순천시 인월동,중상사고,0,4,4,0,차대차 - 측면충돌,신호위반,젖음/습기,흐림,교차로 - 교차로안,화물,남,49세,중상,승합,남,41세,경상
2018032000100456,2018년 3월 20일 19시,화요일,전라남도 영암군 신북면,경상사고,0,0,4,0,차대차 - 추돌,안전운전불이행,젖음/습기,비,교차로 - 교차로부근,화물,남,63세,상해없음,화물,남,50세,경상
2018032000100488,2018년 3월 20일 20시,화요일,전라남도 목포시 상동,경상사고,0,0,1,0,차대차 - 기타,안전운전불이행,젖음/습기,비,단일로 - 기타,승용,남,38세,경상,승용,남,57세,상해없음
2018032000100489,2018년 3월 20일 20시,화요일,전라남도 순천시 해룡면,경상사고,0,0,1,0,차대차 - 측면충돌,직진우회전진행방해,젖음/습기,비,교차로 - 교차로안,승용,여,56세,상해없음,승용,여,45세,경상
2018032000100490,2018년 3월 20일 20시,화요일,전라남도 무안군 삼향읍,경상사고,0,0,2,0,차대차 - 측면충돌,교차로운행방법위반,젖음/습기,비,교차로 - 교차로안,승용,여,28세,상해없음,승용,남,39세,경상
2018032000100521,2018년 3월 20일 21시,화요일,전라남도 목포시 상동,경상사고,0,0,1,0,차대사람 - 횡단중,보행자보호의무위반,젖음/습기,비,단일로 - 기타,승용,남,56세,상해없음,보행자,남,58세,경상
2018032000100522,2018년 3월 20일 21시,화요일,전라남도 순천시 연향동,경상사고,0,0,1,0,차대차 - 추돌,안전운전불이행,젖음/습기,비,단일로 - 기타,승용,남,28세,상해없음,승용,여,45세,경상
2018032000100523,2018년 3월 20일 21시,화요일,전라남도 나주시 동강면,중상사고,0,1,0,0,차량단독 - 도로외이탈 - 추락,안전운전불이행,젖음/습기,비,단일로 - 기타,화물,남,58세,중상,,,,
2018032000100579,2018년 3월 20일 23시,화요일,전라남도 여수시 문수동,경상사고,0,0,1,0,차대사람 - 차도통행중,안전운전불이행,건조,맑음,교차로 - 교차로안,승합,남,38세,상해없음,보행자,남,30세,경상
2018032000100580,2018년 3월 20일 23시,화요일,전라남도 여수시 학동,경상사고,0,0,1,0,차대사람 - 횡단중,안전운전불이행,젖음/습기,비,교차로 - 교차로안,승용,남,54세,상해없음,보행자,남,30세,경상
2018032100100012,2018년 3월 21일 00시,수요일,전라남도 여수시 선원동,중상사고,0,1,1,0,차대차 - 추돌,안전운전불이행,젖음/습기,비,단일로 - 기타,승용,남,30세,상해없음,승용,남,42세,경상
2018032100100057,2018년 3월 21일 05시,수요일,전라남도 순천시 연향동,경상사고,0,0,3,0,차대차 - 측면충돌,안전운전불이행,젖음/습기,비,교차로 - 교차로안,승합,남,44세,경상,승용,여,23세,경상
2018032100100119,2018년 3월 21일 08시,수요일,전라남도 목포시 산정동,경상사고,0,0,3,0,차대차 - 기타,안전운전불이행,기타,기타,단일로 - 기타,승용,남,34세,상해없음,승용,여,40세,경상
2018032100100120,2018년 3월 21일 08시,수요일,전라남도 장흥군 장흥읍,경상사고,0,0,1,0,차대차 - 측면충돌,안전운전불이행,젖음/습기,눈,교차로 - 교차로안,승용,여,43세,상해없음,승용,여,39세,경상
2018032100100121,2018년 3월 21일 08시,수요일,전라남도 해남군 마산면,중상사고,0,2,2,0,차대차 - 측면충돌,신호위반,젖음/습기,비,교차로 - 교차로안,승용,여,24세,경상,승합,여,66세,중상
2018032100100122,2018년 3월 21일 08시,수요일,전라남도 광양시 성황동,중상사고,0,1,0,0,차대차 - 정면충돌,안전운전불이행,건조,맑음,교차로 - 교차로안,승용,남,56세,상해없음,승용,여,27세,중상
2018032100100153,2018년 3월 21일 09시,수요일,전라남도 보성군 벌교읍,중상사고,0,1,0,0,차량단독 - 전도전복 - 전도,안전운전불이행,서리/결빙,눈,단일로 - 기타,승용,남,56세,중상,미분류,미분류,미분류,미분류
2018032100100202,2018년 3월 21일 11시,수요일,전라남도 순천시 연향동,경상사고,0,0,1,0,차대차 - 기타,중앙선침범,젖음/습기,비,단일로 - 기타,승용,남,46세,상해없음,원동기,남,37세,경상
2018032100100203,2018년 3월 21일 11시,수요일,전라남도 장흥군 장흥읍,중상사고,0,1,0,0,차대차 - 측면충돌,안전운전불이행,젖음/습기,비,교차로 - 교차로안,화물,남,59세,상해없음,자전거,남,48세,중상
2018032100100213,2018년 3월 21일 12시,수요일,전라남도 순천시 황전면,경상사고,0,0,1,0,차대차 - 측면충돌,중앙선침범,젖음/습기,비,단일로 - 지하차도(도로)내,승용,여,52세,상해없음,건설기계,남,37세,경상
2018032100100214,2018년 3월 21일 12시,수요일,전라남도 광양시 옥곡면,경상사고,0,0,2,0,차대차 - 측면충돌,직진우회전진행방해,젖음/습기,비,교차로 - 교차로안,화물,남,53세,경상,화물,남,34세,경상
2018032100100235,2018년 3월 21일 13시,수요일,전라남도 해남군 옥천면,사망사고,1,0,0,0,차량단독 - 기타,안전운전불이행,적설,비,단일로 - 기타,승용,남,76세,사망,,,,
2018032100100236,2018년 3월 21일 13시,수요일,전라남도 영암군 영암읍,경상사고,0,0,5,0,차대차 - 측면충돌,안전운전불이행,젖음/습기,비,교차로 - 교차로안,승용,남,25세,경상,승용,남,51세,상해없음
2018032100100296,2018년 3월 21일 15시,수요일,전라남도 영암군 삼호읍,경상사고,0,0,1,0,차대차 - 추돌,안전운전불이행,건조,맑음,교차로 - 교차로부근,승용,남,32세,상해없음,승용,여,50세,경상
2018032100100297,2018년 3월 21일 15시,수요일,전라남도 광양시 중동,경상사고,0,0,1,0,차대차 - 측면충돌,안전운전불이행,젖음/습기,비,교차로 - 교차로부근,승용,남,69세,상해없음,화물,여,58세,경상
2018032100100331,2018년 3월 21일 16시,수요일,전라남도 화순군 동면,경상사고,0,0,1,0,차대차 - 측면충돌,불법유턴,건조,맑음,단일로 - 기타,화물,남,58세,상해없음,승용,여,26세,경상
2018032100100366,2018년 3월 21일 17시,수요일,전라남도 해남군 해남읍,경상사고,0,0,1,0,차대사람 - 기타,안전운전불이행,젖음/습기,흐림,미분류 - 미분류,화물,여,50세,상해없음,보행자,남,27세,경상
2018032100100397,2018년 3월 21일 18시,수요일,전라남도 목포시 상동,경상사고,0,0,2,0,차대차 - 기타,안전운전불이행,젖음/습기,흐림,교차로 - 교차로부근,승용,기타불명,미분류,기타불명,승용,남,36세,경상
2018032100100435,2018년 3월 21일 19시,수요일,전라남도 목포시 상동,경상사고,0,0,1,0,차대차 - 추돌,안전운전불이행,건조,맑음,단일로 - 기타,승용,여,32세,상해없음,승용,여,29세,경상
2018032100100436,2018년 3월 21일 19시,수요일,전라남도 나주시 이창동,경상사고,0,0,1,0,차대차 - 추돌,안전운전불이행,젖음/습기,비,단일로 - 기타,승용,남,25세,상해없음,승합,남,58세,경상
2018032100100437,2018년 3월 21일 19시,수요일,전라남도 장성군 남면,경상사고,0,0,2,0,차대차 - 추돌,안전거리미확보,건조,맑음,단일로 - 기타,승용,남,47세,경상,승용,남,50세,상해없음
2018032100100510,2018년 3월 21일 21시,수요일,전라남도 목포시 상동,경상사고,0,0,1,0,차대차 - 기타,안전운전불이행,건조,맑음,단일로 - 기타,승용,여,49세,상해없음,승용,남,32세,경상
2018032100100511,2018년 3월 21일 21시,수요일,전라남도 순천시 연향동,경상사고,0,0,2,0,차대차 - 측면충돌,안전거리미확보,건조,맑음,단일로 - 기타,승용,남,40세,상해없음,승용,남,39세,경상
2018032100100537,2018년 3월 21일 22시,수요일,전라남도 목포시 옥암동,경상사고,0,0,3,0,차대차 - 기타,교차로운행방법위반,건조,맑음,교차로 - 교차로안,승용,남,47세,상해없음,승용,남,46세,경상
2018032100100538,2018년 3월 21일 22시,수요일,전라남도 여수시 미평동,중상사고,0,1,0,0,차대사람 - 횡단중,안전운전불이행,건조,맑음,교차로 - 교차로안,승용,남,32세,상해없음,보행자,남,54세,중상
2018032100100572,2018년 3월 21일 23시,수요일,전라남도 화순군 화순읍,경상사고,0,0,1,0,차대사람 - 보도통행중,안전운전불이행,건조,맑음,교차로 - 교차로부근,승용,남,57세,상해없음,보행자,남,59세,경상
2018032200100008,2018년 3월 22일 00시,목요일,전라남도 순천시 연향동,경상사고,0,0,1,0,차대차 - 측면충돌,신호위반,건조,맑음,교차로 - 교차로안,승용,남,27세,상해없음,승용,남,52세,경상
2018032200100109,2018년 3월 22일 07시,목요일,전라남도 담양군 무정면,경상사고,0,0,1,0,차대차 - 정면충돌,교차로운행방법위반,건조,맑음,교차로 - 교차로안,승용,남,47세,기타불명,승용,남,35세,경상
2018032200100154,2018년 3월 22일 08시,목요일,전라남도 순천시 조례동,경상사고,0,0,1,0,차대차 - 측면충돌,안전운전불이행,건조,맑음,교차로 - 교차로안,승용,남,43세,상해없음,자전거,남,14세,경상
2018032200100184,2018년 3월 22일 09시,목요일,전라남도 순천시 서면,중상사고,0,2,0,0,차대차 - 측면충돌,안전운전불이행,건조,맑음,단일로 - 기타,승용,남,66세,상해없음,승용,여,61세,중상
2018032200100185,2018년 3월 22일 09시,목요일,전라남도 광양시 태인동,중상사고,0,1,0,0,차대차 - 정면충돌,안전운전불이행,건조,맑음,단일로 - 기타,이륜,남,77세,중상,화물,남,46세,상해없음
2018032200100265,2018년 3월 22일 12시,목요일,전라남도 영암군 덕진면,경상사고,0,0,3,0,차대차 - 측면충돌,신호위반,건조,맑음,교차로 - 교차로안,화물,남,48세,상해없음,승용,남,57세,경상
2018032200100321,2018년 3월 22일 14시,목요일,전라남도 여수시 웅천동,중상사고,0,1,2,0,차대차 - 측면충돌,신호위반,건조,맑음,교차로 - 교차로안,승합,남,36세,기타불명,승용,남,30세,경상
2018032200100345,2018년 3월 22일 15시,목요일,전라남도 순천시 서면,경상사고,0,0,1,0,차대차 - 추돌,안전거리미확보,건조,맑음,단일로 - 기타,승용,여,48세,상해없음,승용,여,44세,경상
2018032200100346,2018년 3월 22일 15시,목요일,전라남도 나주시 왕곡면,경상사고,0,0,2,0,차대차 - 측면충돌,안전운전불이행,건조,맑음,교차로 - 교차로부근,화물,남,73세,상해없음,화물,남,33세,경상
2018032200100347,2018년 3월 22일 15시,목요일,전라남도 장성군 장성읍,경상사고,0,0,2,0,차대차 - 측면충돌,직진우회전진행방해,건조,맑음,교차로 - 교차로안,승용,여,56세,경상,승용,여,59세,경상
2018032200100370,2018년 3월 22일 16시,목요일,전라남도 보성군 득량면,중상사고,0,1,0,0,차량단독 - 기타,안전운전불이행,건조,맑음,단일로 - 기타,농기계,남,78세,중상,,,,
2018032200100371,2018년 3월 22일 16시,목요일,전라남도 담양군 대전면,경상사고,0,0,2,0,차대차 - 측면충돌,신호위반,건조,맑음,교차로 - 교차로안,화물,남,82세,상해없음,화물,남,37세,경상
2018032200100372,2018년 3월 22일 16시,목요일,전라남도 담양군 무정면,중상사고,0,1,2,0,차대차 - 추돌,안전운전불이행,건조,맑음,단일로 - 기타,승용,남,67세,상해없음,화물,남,74세,경상
2018032200100404,2018년 3월 22일 17시,목요일,전라남도 해남군 해남읍,경상사고,0,0,3,0,차대차 - 측면충돌,직진우회전진행방해,건조,맑음,교차로 - 교차로안,승용,남,54세,상해없음,승용,남,35세,경상
2018032200100457,2018년 3월 22일 18시,목요일,전라남도 영광군 영광읍,경상사고,0,0,1,0,차대사람 - 기타,안전운전불이행,건조,맑음,단일로 - 기타,승용,남,45세,상해없음,보행자,여,58세,경상
2018032200100497,2018년 3월 22일 19시,목요일,전라남도 여수시 봉산동,경상사고,0,0,1,0,차대차 - 측면충돌,신호위반,건조,맑음,교차로 - 교차로안,승용,남,31세,기타불명,승용,여,73세,경상
2018032200100498,2018년 3월 22일 19시,목요일,전라남도 여수시 미평동,경상사고,0,0,1,0,차대사람 - 횡단중,안전운전불이행,건조,맑음,교차로 - 교차로횡단보도내,승용,남,56세,상해없음,보행자,남,64세,경상
2018032200100499,2018년 3월 22일 19시,목요일,전라남도 함평군 학교면,경상사고,0,0,1,1,차대차 - 측면충돌,교차로운행방법위반,건조,맑음,교차로 - 교차로안,화물,남,57세,부상신고,승용,여,47세,경상
2018032200100529,2018년 3월 22일 20시,목요일,전라남도 목포시 옥암동,경상사고,0,0,1,0,차대차 - 기타,안전운전불이행,건조,맑음,단일로 - 기타,이륜,남,25세,상해없음,승용,여,37세,경상
2018032200100545,2018년 3월 22일 21시,목요일,전라남도 순천시 연향동,경상사고,0,0,1,0,차대차 - 측면충돌,안전운전불이행,건조,맑음,교차로 - 교차로부근,기타불명,기타불명,미분류,기타불명,승합,남,52세,상해없음
2018032200100571,2018년 3월 22일 22시,목요일,전라남도 여수시 여서동,경상사고,0,0,1,0,차대차 - 추돌,안전운전불이행,건조,맑음,단일로 - 기타,승합,남,57세,상해없음,화물,남,48세,경상
2018032300100026,2018년 3월 23일 02시,금요일,전라남도 목포시 죽교동,경상사고,0,0,1,0,차대차 - 측면충돌,안전운전불이행,건조,맑음,단일로 - 기타,화물,여,41세,상해없음,화물,남,54세,경상
2018032300100061,2018년 3월 23일 06시,금요일,전라남도 영암군 삼호읍,경상사고,0,0,1,0,차대차 - 측면충돌,안전운전불이행,건조,맑음,교차로 - 교차로안,승용,남,48세,상해없음,승용,남,58세,경상
2018032300100154,2018년 3월 23일 09시,금요일,전라남도 여수시 소호동,중상사고,0,1,0,0,차대차 - 측면충돌,안전거리미확보,건조,맑음,단일로 - 기타,승용,여,48세,상해없음,이륜,남,41세,중상
2018032300100176,2018년 3월 23일 10시,금요일,전라남도 순천시 주암면,중상사고,0,1,0,0,차대사람 - 차도통행중,안전운전불이행,건조,맑음,교차로 - 교차로안,화물,남,38세,상해없음,보행자,여,67세,중상
2018032300100177,2018년 3월 23일 10시,금요일,전라남도 광양시 광양읍,중상사고,0,2,1,0,차대차 - 추돌,안전운전불이행,건조,맑음,교차로 - 교차로부근,이륜,남,45세,중상,승용,여,53세,경상
2018032300100205,2018년 3월 23일 11시,금요일,전라남도 곡성군 입면,중상사고,0,1,0,0,차대차 - 측면충돌,안전운전불이행,건조,맑음,교차로 - 교차로부근,화물,남,35세,상해없음,원동기,여,80세,중상
2018032300100233,2018년 3월 23일 12시,금요일,전라남도 목포시 상동,경상사고,0,0,2,0,차대차 - 기타,안전운전불이행,건조,맑음,단일로 - 기타,승용,남,33세,경상,승용,남,46세,경상
2018032300100234,2018년 3월 23일 12시,금요일,전라남도 여수시 학동,경상사고,0,0,1,0,차대차 - 측면충돌,신호위반,건조,맑음,교차로 - 교차로안,승용,남,60세,상해없음,승용,여,28세,경상