사고번호,사고일시,요일,시군구,사고내용,사망자수,중상자수,경상자수,부상신고자수,사고유형,법규위반,노면상태,기상상태,도로형태,가해운전자 차종,가해운전자 성별,가해운전자 연령,가해운전자 상해정도,피해운전자 차종,피해운전자 성별,피해운전자 연령,피해운전자 상해정도
2018032300100235,2018년 3월 23일 12시,금요일,전라남도 나주시 봉황면,경상사고,0,0,2,0,차대차 - 측면충돌,교차로운행방법위반,건조,맑음,교차로 - 교차로안,화물,남,45세,상해없음,원동기,남,46세,경상
2018032300100284,2018년 3월 23일 14시,금요일,전라남도 목포시 연산동,경상사고,0,0,1,0,차대차 - 기타,안전운전불이행,건조,맑음,교차로 - 교차로부근,화물,남,44세,상해없음,승용,남,34세,경상
2018032300100285,2018년 3월 23일 14시,금요일,전라남도 여수시 안산동,경상사고,0,0,1,0,차대차 - 추돌,안전운전불이행,건조,맑음,교차로 - 교차로부근,승용,남,27세,상해없음,승합,여,39세,경상
2018032300100286,2018년 3월 23일 14시,금요일,전라남도 보성군 노동면,경상사고,0,0,1,0,차량단독 - 공작물충돌,안전운전불이행,건조,맑음,단일로 - 기타,승용,남,37세,경상,,,,
2018032300100317,2018년 3월 23일 15시,금요일,전라남도 목포시 대양동,중상사고,0,2,1,0,차대차 - 추돌,과속,건조,맑음,단일로 - 기타,승용,남,55세,상해없음,화물,남,63세,경상
2018032300100318,2018년 3월 23일 15시,금요일,전라남도 보성군 벌교읍,경상사고,0,0,3,0,차대차 - 후진중충돌,안전운전불이행,건조,맑음,단일로 - 기타,화물,남,78세,상해없음,승용,남,76세,경상
2018032300100354,2018년 3월 23일 16시,금요일,전라남도 목포시 석현동,경상사고,0,0,2,0,차대차 - 측면충돌,안전운전불이행,건조,맑음,교차로 - 교차로안,승용,남,58세,상해없음,승용,여,47세,경상
2018032300100355,2018년 3월 23일 16시,금요일,전라남도 여수시 문수동,경상사고,0,0,1,0,차대차 - 기타,차로위반,건조,맑음,교차로 - 교차로부근,승용,여,48세,상해없음,승용,남,39세,상해없음
2018032300100356,2018년 3월 23일 16시,금요일,전라남도 장흥군 장흥읍,중상사고,0,1,0,0,차량단독 - 기타,안전운전불이행,건조,맑음,단일로 - 교량,이륜,남,76세,중상,,,,
2018032300100357,2018년 3월 23일 16시,금요일,전라남도 곡성군 겸면,경상사고,0,0,2,0,차대차 - 측면충돌,안전운전불이행,건조,맑음,단일로 - 기타,승용,남,77세,경상,승용,여,58세,경상
2018032300100358,2018년 3월 23일 16시,금요일,전라남도 광양시 중동,경상사고,0,0,1,0,차대차 - 측면충돌,교차로운행방법위반,건조,맑음,교차로 - 교차로안,승용,여,55세,상해없음,승용,남,36세,경상
2018032300100405,2018년 3월 23일 17시,금요일,전라남도 나주시 금천면,경상사고,0,0,2,1,차대차 - 측면충돌,안전운전불이행,건조,맑음,단일로 - 기타,승용,남,46세,부상신고,승용,여,58세,경상
2018032300100406,2018년 3월 23일 17시,금요일,전라남도 보성군 회천면,경상사고,0,0,3,0,차대차 - 측면충돌,신호위반,건조,맑음,교차로 - 교차로안,화물,남,46세,상해없음,승합,남,63세,경상
2018032300100407,2018년 3월 23일 17시,금요일,전라남도 무안군 삼향읍,경상사고,0,0,1,0,차대사람 - 차도통행중,안전운전불이행,건조,맑음,기타 - 기타,승용,남,39세,상해없음,보행자,남,5세,경상
2018032300100408,2018년 3월 23일 17시,금요일,전라남도 광양시 광양읍,경상사고,0,0,2,0,차대차 - 측면충돌,교차로운행방법위반,건조,맑음,교차로 - 교차로안,승용,여,45세,경상,승용,여,32세,경상
2018032300100446,2018년 3월 23일 18시,금요일,전라남도 나주시 남평읍,경상사고,0,0,1,0,차대차 - 측면충돌,교차로운행방법위반,건조,맑음,교차로 - 교차로안,화물,남,66세,상해없음,승용,여,28세,경상
2018032300100488,2018년 3월 23일 19시,금요일,전라남도 무안군 무안읍,경상사고,0,0,1,0,차대차 - 기타,안전운전불이행,건조,맑음,단일로 - 기타,기타불명,기타불명,미분류,기타불명,승용,여,57세,상해없음
2018032300100489,2018년 3월 23일 19시,금요일,전라남도 강진군 강진읍,중상사고,0,1,2,0,차대차 - 측면충돌,안전거리미확보,건조,맑음,단일로 - 기타,승용,남,44세,중상,승용,남,42세,경상
2018032300100490,2018년 3월 23일 19시,금요일,전라남도 광양시 도이동,경상사고,0,0,2,0,차대차 - 측면충돌,신호위반,건조,맑음,교차로 - 교차로안,승용,남,66세,경상,승용,남,32세,경상
2018032300100526,2018년 3월 23일 20시,금요일,전라남도 광양시 광양읍,경상사고,0,0,1,0,차대차 - 측면충돌,교차로운행방법위반,건조,맑음,교차로 - 교차로안,승용,여,59세,경상,승용,여,52세,상해없음
2018032300100607,2018년 3월 23일 23시,금요일,전라남도 여수시 오림동,사망사고,2,0,0,0,차대차 - 측면충돌,신호위반,건조,맑음,교차로 - 교차로안,이륜,남,18세,사망,승용,남,58세,상해없음
2018032400100071,2018년 3월 24일 04시,토요일,전라남도 광양시 중동,경상사고,0,0,1,0,차대사람 - 차도통행중,안전운전불이행,건조,맑음,단일로 - 기타,승용,남,26세,상해없음,보행자,남,36세,경상
2018032400100133,2018년 3월 24일 09시,토요일,전라남도 장흥군 장흥읍,중상사고,0,1,0,0,차량단독 - 공작물충돌,안전운전불이행,건조,맑음,단일로 - 기타,특수,남,36세,중상,,,,
2018032400100134,2018년 3월 24일 09시,토요일,전라남도 무안군 청계면,중상사고,0,2,0,0,차대차 - 추돌,안전거리미확보,건조,맑음,교차로 - 교차로부근,이륜,남,58세,중상,승용,여,29세,상해없음
2018032400100157,2018년 3월 24일 10시,토요일,전라남도 순천시 조례동,중상사고,0,1,0,0,차대사람 - 차도통행중,안전운전불이행,건조,맑음,단일로 - 기타,승용,남,23세,상해없음,보행자,여,19세,중상
2018032400100182,2018년 3월 24일 11시,토요일,전라남도 목포시 석현동,경상사고,0,0,3,0,차대차 - 측면충돌,안전운전불이행,건조,맑음,단일로 - 기타,승용,여,28세,경상,승용,남,52세,경상
2018032400100183,2018년 3월 24일 11시,토요일,전라남도 순천시 인제동,경상사고,0,0,2,0,차대차 - 후진중충돌,안전운전불이행,건조,맑음,단일로 - 기타,승용,여,40세,경상,승용,남,22세,경상
2018032400100184,2018년 3월 24일 11시,토요일,전라남도 영암군 신북면,경상사고,0,0,2,0,차대차 - 측면충돌,안전운전불이행,건조,맑음,교차로 - 교차로안,승용,남,45세,경상,화물,남,79세,경상
2018032400100219,2018년 3월 24일 12시,토요일,전라남도 나주시 산포면,중상사고,0,1,0,0,차대사람 - 차도통행중,안전운전불이행,건조,맑음,교차로 - 교차로안,승용,남,57세,상해없음,보행자,여,78세,중상
2018032400100220,2018년 3월 24일 12시,토요일,전라남도 영광군 영광읍,경상사고,0,0,1,0,차대차 - 측면충돌,교차로운행방법위반,건조,맑음,교차로 - 교차로안,승용,남,45세,상해없음,이륜,남,39세,경상
2018032400100221,2018년 3월 24일 12시,토요일,전라남도 담양군 가사문학면,경상사고,0,0,1,0,차대사람 - 횡단중,안전운전불이행,건조,맑음,교차로 - 교차로안,승용,남,22세,상해없음,보행자,남,60세,경상
2018032400100222,2018년 3월 24일 12시,토요일,전라남도 무안군 청계면,경상사고,0,0,3,0,차대차 - 추돌,안전운전불이행,건조,맑음,교차로 - 교차로부근,승합,남,75세,상해없음,승용,남,57세,경상
2018032400100247,2018년 3월 24일 13시,토요일,전라남도 목포시 죽교동,경상사고,0,0,1,0,차대차 - 측면충돌,중앙선침범,건조,맑음,단일로 - 기타,승용,남,66세,상해없음,승용,여,28세,경상
2018032400100285,2018년 3월 24일 14시,토요일,전라남도 장흥군 관산읍,중상사고,0,1,0,0,차량단독 - 도로외이탈 - 기타,안전운전불이행,건조,맑음,단일로 - 기타,화물,남,60세,중상,,,,
2018032400100310,2018년 3월 24일 15시,토요일,전라남도 순천시 서면,중상사고,0,1,2,1,차대차 - 추돌,안전운전불이행,건조,맑음,교차로 - 교차로부근,승용,여,58세,상해없음,승용,남,49세,중상
2018032400100311,2018년 3월 24일 15시,토요일,전라남도 영암군 영암읍,경상사고,0,0,2,0,차대차 - 추돌,안전거리미확보,건조,맑음,단일로 - 기타,승용,남,59세,경상,승용,남,55세,경상
2018032400100312,2018년 3월 24일 15시,토요일,전라남도 장성군 북이면,경상사고,0,0,1,0,차대차 - 측면충돌,교차로운행방법위반,건조,맑음,교차로 - 교차로안,승용,남,68세,상해없음,화물,남,51세,상해없음
2018032400100341,2018년 3월 24일 16시,토요일,전라남도 목포시 산정동,중상사고,0,2,1,0,차대차 - 측면충돌,과속,건조,맑음,단일로 - 기타,승용,남,25세,경상,승용,여,57세,중상
2018032400100342,2018년 3월 24일 16시,토요일,전라남도 순천시 오천동,경상사고,0,0,1,0,차대사람 - 차도통행중,안전운전불이행,건조,맑음,단일로 - 기타,승용,여,33세,상해없음,보행자,여,7세,경상
2018032400100343,2018년 3월 24일 16시,토요일,전라남도 나주시 송월동,경상사고,0,0,1,0,차대차 - 추돌,안전거리미확보,건조,맑음,교차로 - 교차로부근,화물,남,66세,상해없음,화물,여,57세,경상
2018032400100344,2018년 3월 24일 16시,토요일,전라남도 광양시 중동,경상사고,0,0,3,0,차대차 - 추돌,안전거리미확보,건조,맑음,교차로 - 교차로안,승용,남,71세,상해없음,승용,남,50세,경상
2018032400100412,2018년 3월 24일 18시,토요일,전라남도 목포시 옥암동,경상사고,0,0,1,0,차대차 - 측면충돌,안전운전불이행,건조,맑음,교차로 - 교차로부근,승용,여,54세,상해없음,승용,남,70세,상해없음
2018032400100444,2018년 3월 24일 19시,토요일,전라남도 여수시 공화동,중상사고,0,1,0,0,차대차 - 측면충돌,교차로운행방법위반,건조,맑음,교차로 - 교차로안,승용,남,55세,상해없음,원동기,남,23세,중상
2018032400100483,2018년 3월 24일 20시,토요일,전라남도 나주시 남평읍,경상사고,0,0,3,0,차대차 - 측면충돌,중앙선침범,건조,맑음,단일로 - 기타,승용,남,61세,상해없음,승용,남,31세,경상
2018032400100533,2018년 3월 24일 22시,토요일,전라남도 해남군 화원면,중상사고,0,1,0,0,차량단독 - 공작물충돌,안전운전불이행,건조,맑음,단일로 - 기타,화물,남,55세,중상,,,,
2018032400100543,2018년 3월 24일 23시,토요일,전라남도 목포시 죽교동,중상사고,0,1,1,0,차량단독 - 공작물충돌,안전운전불이행,건조,맑음,단일로 - 기타,승용,남,20세,경상,,,,
2018032500100009,2018년 3월 25일 00시,일요일,전라남도 해남군 해남읍,경상사고,0,0,1,0,차대사람 - 기타,안전운전불이행,건조,맑음,교차로 - 교차로안,승용,남,30세,상해없음,보행자,남,30세,경상
2018032500100037,2018년 3월 25일 03시,일요일,전라남도 진도군 진도읍,경상사고,0,0,1,0,차대차 - 기타,안전운전불이행,건조,맑음,단일로 - 기타,이륜,남,41세,경상,승용,여,30세,상해없음
2018032500100050,2018년 3월 25일 05시,일요일,전라남도 여수시 연등동,경상사고,0,0,2,0,차대차 - 추돌,안전운전불이행,건조,맑음,단일로 - 기타,승용,남,34세,상해없음,승용,남,47세,경상
2018032500100077,2018년 3월 25일 08시,일요일,전라남도 보성군 벌교읍,중상사고,0,1,0,0,차대차 - 측면충돌,안전운전불이행,건조,맑음,교차로 - 교차로안,승용,여,47세,상해없음,이륜,남,49세,중상
2018032500100089,2018년 3월 25일 09시,일요일,전라남도 여수시 소라면,경상사고,0,0,1,1,차대차 - 추돌,안전운전불이행,건조,맑음,단일로 - 기타,승용,여,53세,경상,화물,남,53세,부상신고
2018032500100104,2018년 3월 25일 10시,일요일,전라남도 나주시 이창동,경상사고,0,0,1,0,차대사람 - 기타,안전운전불이행,건조,맑음,단일로 - 기타,화물,남,60세,상해없음,보행자,여,85세,경상
2018032500100105,2018년 3월 25일 10시,일요일,전라남도 영암군 신북면,경상사고,0,0,2,0,차대차 - 추돌,안전운전불이행,건조,맑음,단일로 - 기타,승용,남,36세,상해없음,승용,남,71세,경상
2018032500100150,2018년 3월 25일 12시,일요일,전라남도 나주시 송월동,중상사고,0,1,1,0,차대차 - 측면충돌,신호위반,건조,맑음,교차로 - 교차로안,승용,여,45세,상해없음,승용,남,55세,중상
2018032500100151,2018년 3월 25일 12시,일요일,전라남도 담양군 담양읍,중상사고,0,1,0,0,차대차 - 기타,안전운전불이행,건조,맑음,교차로 - 교차로부근,원동기,남,76세,중상,승합,남,51세,상해없음
2018032500100152,2018년 3월 25일 12시,일요일,전라남도 광양시 광양읍,중상사고,0,1,0,0,차대사람 - 횡단중,중앙선침범,건조,맑음,기타 - 기타,화물,남,51세,상해없음,보행자,남,72세,중상
2018032500100173,2018년 3월 25일 13시,일요일,전라남도 영암군 삼호읍,중상사고,0,1,0,0,차대차 - 기타,안전운전불이행,건조,맑음,단일로 - 기타,이륜,남,19세,중상,승용,남,48세,상해없음
2018032500100230,2018년 3월 25일 15시,일요일,전라남도 무안군 망운면,사망사고,1,0,1,0,차대차 - 기타,안전운전불이행,건조,맑음,기타 - 기타,화물,남,68세,상해없음,이륜,남,61세,경상
2018032500100259,2018년 3월 25일 16시,일요일,전라남도 순천시 인제동,경상사고,0,0,1,0,차대차 - 측면충돌,안전운전불이행,건조,맑음,단일로 - 기타,승용,남,53세,상해없음,승용,남,41세,경상
2018032500100260,2018년 3월 25일 16시,일요일,전라남도 강진군 군동면,경상사고,0,0,2,0,차대차 - 기타,중앙선침범,건조,맑음,단일로 - 기타,승용,여,53세,상해없음,승용,남,33세,상해없음
2018032500100261,2018년 3월 25일 16시,일요일,전라남도 광양시 광양읍,경상사고,0,0,2,1,차량단독 - 공작물충돌,안전운전불이행,건조,맑음,단일로 - 기타,승용,여,44세,부상신고,,,,
2018032500100287,2018년 3월 25일 17시,일요일,전라남도 장흥군 장흥읍,경상사고,0,0,1,0,차대차 - 측면충돌,안전운전불이행,건조,맑음,교차로 - 교차로안,승용,여,52세,상해없음,승용,남,38세,상해없음
2018032500100335,2018년 3월 25일 19시,일요일,전라남도 목포시 연산동,경상사고,0,0,2,0,차대차 - 측면충돌,직진우회전진행방해,건조,맑음,교차로 - 교차로안,승용,남,60세,경상,특수,남,23세,경상
2018032500100336,2018년 3월 25일 19시,일요일,전라남도 여수시 학동,경상사고,0,0,4,0,차대차 - 추돌,안전운전불이행,건조,맑음,단일로 - 기타,승용,남,56세,상해없음,승용,여,34세,경상
2018032500100337,2018년 3월 25일 19시,일요일,전라남도 장흥군 관산읍,경상사고,0,0,3,0,차대차 - 측면충돌,안전운전불이행,건조,맑음,단일로 - 기타,승용,여,45세,상해없음,화물,남,36세,상해없음
2018032500100338,2018년 3월 25일 19시,일요일,전라남도 영암군 삼호읍,경상사고,0,0,2,0,차대차 - 추돌,안전운전불이행,건조,맑음,교차로 - 교차로부근,승용,남,30세,상해없음,승용,남,32세,경상
2018032500100393,2018년 3월 25일 21시,일요일,전라남도 목포시 온금동,중상사고,0,2,2,0,차대차 - 측면충돌,중앙선침범,기타,안개,단일로 - 기타,화물,남,51세,중상,승용,남,52세,경상
2018032500100394,2018년 3월 25일 21시,일요일,전라남도 영광군 불갑면,사망사고,1,0,0,0,차대사람 - 횡단중,안전운전불이행,젖음/습기,안개,교차로 - 교차로안,화물,남,61세,상해없음,보행자,남,73세,사망
2018032500100416,2018년 3월 25일 22시,일요일,전라남도 고흥군 도양읍,경상사고,0,0,1,0,차대차 - 추돌,안전운전불이행,건조,맑음,단일로 - 기타,화물,남,55세,상해없음,화물,남,58세,상해없음
2018032500100426,2018년 3월 25일 23시,일요일,전라남도 목포시 용해동,경상사고,0,0,3,0,차대차 - 추돌,안전운전불이행,건조,맑음,단일로 - 기타,승용,남,37세,상해없음,승용,남,58세,경상
2018032600100044,2018년 3월 26일 06시,월요일,전라남도 여수시 오림동,경상사고,0,0,2,0,차대차 - 측면충돌,안전운전불이행,건조,맑음,단일로 - 기타,승용,남,69세,상해없음,화물,남,69세,경상
2018032600100045,2018년 3월 26일 06시,월요일,전라남도 순천시 조례동,중상사고,0,1,1,0,차대차 - 측면충돌,신호위반,건조,맑음,교차로 - 교차로안,승용,남,52세,경상,승용,남,36세,중상
2018032600100061,2018년 3월 26일 07시,월요일,전라남도 나주시 이창동,경상사고,0,0,1,0,차대차 - 측면충돌,안전운전불이행,젖음/습기,안개,교차로 - 교차로안,화물,남,31세,상해없음,화물,남,44세,경상
2018032600100062,2018년 3월 26일 07시,월요일,전라남도 나주시 왕곡면,중상사고,0,2,1,0,차대차 - 측면충돌,신호위반,젖음/습기,안개,교차로 - 교차로안,승용,남,50세,중상,화물,남,44세,경상
2018032600100063,2018년 3월 26일 07시,월요일,전라남도 함평군 대동면,경상사고,0,0,1,0,차대차 - 측면충돌,안전운전불이행,건조,맑음,교차로 - 교차로안,승용,남,51세,상해없음,화물,남,47세,경상
2018032600100095,2018년 3월 26일 08시,월요일,전라남도 순천시 연향동,경상사고,0,0,4,0,차대차 - 측면충돌,직진우회전진행방해,건조,맑음,교차로 - 교차로안,승용,남,48세,상해없음,승용,여,22세,경상
2018032600100096,2018년 3월 26일 08시,월요일,전라남도 영암군 삼호읍,경상사고,0,0,2,0,차대차 - 추돌,안전운전불이행,젖음/습기,안개,교차로 - 교차로부근,건설기계,남,57세,상해없음,화물,남,55세,경상
2018032600100128,2018년 3월 26일 09시,월요일,전라남도 영암군 삼호읍,경상사고,0,0,1,0,차대차 - 측면충돌,안전운전불이행,건조,맑음,교차로 - 교차로안,화물,남,66세,경상,건설기계,남,57세,상해없음
2018032600100161,2018년 3월 26일 10시,월요일,전라남도 여수시 공화동,경상사고,0,0,1,0,차대차 - 측면충돌,교차로운행방법위반,건조,맑음,교차로 - 교차로안,승합,남,62세,상해없음,승용,남,49세,경상
2018032600100162,2018년 3월 26일 10시,월요일,전라남도 순천시 덕암동,중상사고,0,1,0,0,차대사람 - 횡단중,보행자보호의무위반,건조,맑음,교차로 - 교차로횡단보도내,화물,남,76세,상해없음,보행자,여,62세,중상
2018032600100163,2018년 3월 26일 10시,월요일,전라남도 광양시 중동,경상사고,0,0,2,0,차대차 - 측면충돌,직진우회전진행방해,건조,맑음,교차로 - 교차로안,승용,남,39세,경상,승용,남,78세,경상
2018032600100195,2018년 3월 26일 11시,월요일,전라남도 해남군 해남읍,중상사고,0,1,0,0,차대차 - 측면충돌,안전운전불이행,건조,맑음,교차로 - 교차로부근,승용,남,35세,상해없음,승용,여,30세,중상
2018032600100277,2018년 3월 26일 14시,월요일,전라남도 화순군 남면,중상사고,0,1,0,0,차대차 - 측면충돌,안전운전불이행,건조,맑음,단일로 - 기타,원동기,남,84세,중상,화물,남,68세,상해없음
2018032600100348,2018년 3월 26일 16시,월요일,전라남도 여수시 월내동,중상사고,0,1,0,0,차대차 - 측면충돌,신호위반,건조,맑음,교차로 - 교차로안,승용,여,49세,중상,특수,남,44세,상해없음
2018032600100349,2018년 3월 26일 16시,월요일,전라남도 순천시 황전면,사망사고,1,0,0,0,차량단독 - 기타,안전운전불이행,건조,맑음,단일로 - 기타,원동기,남,50세,사망,,,,
2018032600100350,2018년 3월 26일 16시,월요일,전라남도 함평군 함평읍,부상신고사고,0,0,0,1,차대차 - 측면충돌,안전운전불이행,건조,맑음,교차로 - 교차로안,이륜,남,77세,부상신고,화물,남,64세,상해없음
2018032600100351,2018년 3월 26일 16시,월요일,전라남도 담양군 담양읍,경상사고,0,0,1,0,차대차 - 측면충돌,중앙선침범,건조,맑음,단일로 - 기타,화물,남,60세,기타불명,승용,남,49세,경상
2018032600100395,2018년 3월 26일 17시,월요일,전라남도 여수시 소라면,경상사고,0,0,1,0,차대차 - 추돌,안전운전불이행,건조,맑음,교차로 - 교차로부근,승용,여,43세,상해없음,승용,남,60세,경상
2018032600100396,2018년 3월 26일 17시,월요일,전라남도 순천시 해룡면,경상사고,0,0,1,0,차대차 - 측면충돌,안전운전불이행,건조,맑음,단일로 - 기타,승용,남,47세,상해없음,승용,여,31세,경상
2018032600100397,2018년 3월 26일 17시,월요일,전라남도 보성군 조성면,경상사고,0,0,1,0,차대차 - 측면충돌,안전운전불이행,건조,맑음,단일로 - 기타,화물,남,71세,상해없음,승용,여,53세,상해없음
2018032600100440,2018년 3월 26일 18시,월요일,전라남도 목포시 대양동,경상사고,0,0,1,0,차대차 - 추돌,안전거리미확보,건조,맑음,교차로 - 교차로부근,화물,남,53세,상해없음,승용,남,52세,경상
2018032600100506,2018년 3월 26일 20시,월요일,전라남도 여수시 적량동,경상사고,0,0,1,0,차대사람 - 차도통행중,안전운전불이행,건조,맑음,단일로 - 기타,기타불명,기타불명,미분류,기타불명,보행자,남,48세,경상
2018032600100561,2018년 3월 26일 22시,월요일,전라남도 여수시 학동,경상사고,0,0,1,0,차대차 - 측면충돌,안전운전불이행,건조,맑음,단일로 - 기타,승용,여,51세,상해없음,승용,남,49세,경상
2018032600100585,2018년 3월 26일 23시,월요일,전라남도 순천시 서면,경상사고,0,0,1,0,차대차 - 측면충돌,신호위반,건조,맑음,교차로 - 교차로안,승용,여,51세,상해없음,화물,남,55세,경상
2018032600100586,2018년 3월 26일 23시,월요일,전라남도 나주시 금천면,중상사고,0,1,0,0,차대차 - 추돌,중앙선침범,건조,맑음,단일로 - 기타,승용,남,36세,상해없음,승합,남,45세,중상
2018032700100008,2018년 3월 27일 00시,화요일,전라남도 광양시 광양읍,경상사고,0,0,1,0,차량단독 - 공작물충돌,안전운전불이행,건조,맑음,교차로 - 교차로안,승용,남,26세,경상,,,,
2018032700100017,2018년 3월 27일 02시,화요일,전라남도 순천시 대룡동,중상사고,0,1,0,0,차량단독 - 공작물충돌,안전운전불이행,건조,맑음,교차로 - 교차로안,승용,여,52세,중상,,,,
2018032700100061,2018년 3월 27일 07시,화요일,전라남도 여수시 공화동,경상사고,0,0,1,0,차대사람 - 차도통행중,안전운전불이행,건조,맑음,교차로 - 교차로부근,화물,남,67세,상해없음,보행자,남,53세,경상
2018032700100096,2018년 3월 27일 08시,화요일,전라남도 순천시 해룡면,중상사고,0,1,0,0,차대사람 - 횡단중,신호위반,건조,맑음,교차로 - 교차로횡단보도내,승용,여,51세,상해없음,보행자,남,74세,중상
2018032700100097,2018년 3월 27일 08시,화요일,전라남도 해남군 화산면,중상사고,0,1,0,0,차대차 - 측면충돌,중앙선침범,건조,맑음,단일로 - 기타,승용,남,19세,상해없음,원동기,남,66세,중상
2018032700100098,2018년 3월 27일 08시,화요일,전라남도 보성군 보성읍,경상사고,0,0,1,0,차대차 - 측면충돌,안전운전불이행,건조,맑음,기타 - 기타,승용,여,25세,상해없음,이륜,남,72세,경상
2018032700100099,2018년 3월 27일 08시,화요일,전라남도 화순군 화순읍,중상사고,0,1,5,0,차대차 - 추돌,안전운전불이행,건조,맑음,단일로 - 기타,승용,남,26세,상해없음,승용,남,53세,중상
2018032700100169,2018년 3월 27일 10시,화요일,전라남도 목포시 동명동,중상사고,0,1,0,0,차대차 - 기타,안전운전불이행,건조,맑음,단일로 - 기타,승용,남,63세,상해없음,원동기,남,78세,중상
2018032700100170,2018년 3월 27일 10시,화요일,전라남도 고흥군 남양면,중상사고,0,1,1,0,차대차 - 기타,안전운전불이행,건조,맑음,단일로 - 기타,승용,남,75세,중상,화물,남,65세,경상
2018032700100171,2018년 3월 27일 10시,화요일,전라남도 곡성군 고달면,경상사고,0,0,3,0,차대차 - 측면충돌,안전운전불이행,건조,맑음,교차로 - 교차로부근,건설기계,남,47세,경상,승용,여,51세,경상
2018032700100217,2018년 3월 27일 12시,화요일,전라남도 영광군 영광읍,중상사고,0,2,2,0,차대차 - 측면충돌,중앙선침범,건조,맑음,단일로 - 기타,승용,여,71세,중상,승용,여,31세,중상
2018032700100238,2018년 3월 27일 13시,화요일,전라남도 영암군 삼호읍,경상사고,0,0,1,0,차대차 - 기타,안전운전불이행,건조,맑음,단일로 - 기타,자전거,남,62세,경상,승용,여,46세,기타불명
2018032700100239,2018년 3월 27일 13시,화요일,전라남도 장성군 장성읍,경상사고,0,0,2,0,차대차 - 측면충돌,직진우회전진행방해,건조,맑음,교차로 - 교차로안,승용,남,34세,상해없음,화물,남,41세,경상
2018032700100240,2018년 3월 27일 13시,화요일,전라남도 광양시 중동,중상사고,0,1,2,0,차대차 - 추돌,안전운전불이행,건조,맑음,단일로 - 기타,승용,남,44세,경상,승용,여,42세,경상
2018032700100266,2018년 3월 27일 14시,화요일,전라남도 순천시 석현동,사망사고,1,0,0,0,차대사람 - 차도통행중,안전운전불이행,건조,맑음,단일로 - 기타,승용,여,71세,상해없음,보행자,남,79세,사망
2018032700100267,2018년 3월 27일 14시,화요일,전라남도 영암군 영암읍,경상사고,0,0,1,0,차대차 - 측면충돌,안전운전불이행,건조,맑음,단일로 - 기타,건설기계,남,56세,상해없음,승용,여,57세,경상
2018032700100298,2018년 3월 27일 15시,화요일,전라남도 함평군 엄다면,사망사고,1,0,0,0,차대사람 - 횡단중,안전운전불이행,건조,맑음,단일로 - 기타,승용,남,56세,상해없음,보행자,남,78세,사망
2018032700100331,2018년 3월 27일 16시,화요일,전라남도 곡성군 곡성읍,중상사고,0,1,0,0,차대차 - 측면충돌,직진우회전진행방해,건조,맑음,교차로 - 교차로안,화물,남,72세,상해없음,승용,남,45세,중상
2018032700100362,2018년 3월 27일 17시,화요일,전라남도 광양시 중동,경상사고,0,0,1,0,차대차 - 측면충돌,안전운전불이행,건조,맑음,단일로 - 기타,승용,남,27세,경상,승용,남,41세,상해없음
2018032700100397,2018년 3월 27일 18시,화요일,전라남도 순천시 덕월동,중상사고,0,1,0,0,차대차 - 정면충돌,중앙선침범,건조,맑음,교차로 - 교차로안,화물,남,60세,기타불명,승합,남,49세,중상
2018032700100423,2018년 3월 27일 19시,화요일,전라남도 목포시 용해동,경상사고,0,0,2,0,차대차 - 측면충돌,안전운전불이행,건조,맑음,교차로 - 교차로안,승용,여,36세,경상,승용,남,38세,경상
2018032700100424,2018년 3월 27일 19시,화요일,전라남도 나주시 다시면,중상사고,0,1,1,0,차대차 - 측면충돌,안전운전불이행,건조,맑음,교차로 - 교차로안,승용,남,23세,경상,화물,남,59세,중상
2018032700100485,2018년 3월 27일 21시,화요일,전라남도 장흥군 장흥읍,경상사고,0,0,1,0,차대차 - 추돌,안전운전불이행,건조,맑음,교차로 - 교차로부근,승용,남,37세,상해없음,승용,남,41세,경상
2018032700100486,2018년 3월 27일 21시,화요일,전라남도 담양군 담양읍,경상사고,0,0,1,0,차대사람 - 횡단중,안전운전불이행,건조,맑음,단일로 - 기타,승용,남,37세,상해없음,보행자,남,47세,경상
2018032700100528,2018년 3월 27일 23시,화요일,전라남도 여수시 소라면,중상사고,0,1,0,0,차대사람 - 횡단중,신호위반,건조,맑음,교차로 - 교차로횡단보도내,승용,남,27세,상해없음,보행자,남,35세,중상
2018032800100005,2018년 3월 28일 00시,수요일,전라남도 광양시 광영동,경상사고,0,0,2,0,차대차 - 추돌,안전운전불이행,건조,맑음,교차로 - 교차로부근,승합,남,48세,상해없음,승용,남,61세,경상
2018032800100018,2018년 3월 28일 01시,수요일,전라남도 순천시 조례동,경상사고,0,0,1,0,차대차 - 후진중충돌,교차로운행방법위반,건조,맑음,교차로 - 교차로안,승용,남,62세,상해없음,승용,남,28세,경상
2018032800100027,2018년 3월 28일 02시,수요일,전라남도 나주시 운곡동,중상사고,0,1,1,0,차량단독 - 공작물충돌,안전운전불이행,건조,맑음,단일로 - 기타,화물,남,52세,경상,,,,
2018032800100074,2018년 3월 28일 07시,수요일,전라남도 광양시 광양읍,경상사고,0,0,1,0,차대차 - 측면충돌,안전운전불이행,건조,맑음,교차로 - 교차로안,승용,남,49세,상해없음,자전거,남,15세,경상
2018032800100110,2018년 3월 28일 08시,수요일,전라남도 나주시 노안면,경상사고,0,0,1,0,차대사람 - 횡단중,안전운전불이행,건조,맑음,단일로 - 기타,승용,여,20세,상해없음,보행자,남,12세,경상