사고번호,사고일시,요일,시군구,사고내용,사망자수,중상자수,경상자수,부상신고자수,사고유형,법규위반,노면상태,기상상태,도로형태,가해운전자 차종,가해운전자 성별,가해운전자 연령,가해운전자 상해정도,피해운전자 차종,피해운전자 성별,피해운전자 연령,피해운전자 상해정도
2018041000100118,2018년 4월 10일 08시,화요일,전라남도 장성군 장성읍,중상사고,0,1,2,0,차대차 - 추돌,안전운전불이행,건조,맑음,교차로 - 교차로부근,승용,남,47세,경상,승용,남,40세,중상
2018041000100119,2018년 4월 10일 08시,화요일,전라남도 담양군 대전면,경상사고,0,0,5,0,차대차 - 추돌,안전거리미확보,건조,맑음,단일로 - 기타,화물,남,48세,상해없음,승용,남,61세,경상
2018041000100120,2018년 4월 10일 08시,화요일,전라남도 곡성군 입면,경상사고,0,0,3,0,차대차 - 측면충돌,중앙선침범,건조,맑음,단일로 - 기타,화물,남,51세,상해없음,승용,남,45세,경상
2018041000100159,2018년 4월 10일 09시,화요일,전라남도 목포시 산정동,경상사고,0,0,1,0,차대차 - 측면충돌,교차로운행방법위반,건조,맑음,교차로 - 교차로안,원동기,남,77세,경상,승용,여,57세,상해없음
2018041000100160,2018년 4월 10일 09시,화요일,전라남도 목포시 용해동,경상사고,0,0,2,0,차대차 - 측면충돌,차로위반,건조,맑음,단일로 - 기타,승용,여,43세,경상,화물,남,52세,경상
2018041000100161,2018년 4월 10일 09시,화요일,전라남도 해남군 해남읍,경상사고,0,0,1,0,차대사람 - 차도통행중,안전운전불이행,건조,맑음,교차로 - 교차로안,승용,여,38세,상해없음,보행자,남,57세,경상
2018041000100193,2018년 4월 10일 10시,화요일,전라남도 순천시 생목동,경상사고,0,0,2,0,차대차 - 측면충돌,신호위반,건조,맑음,교차로 - 교차로안,승용,여,36세,상해없음,승용,남,55세,경상
2018041000100194,2018년 4월 10일 10시,화요일,전라남도 함평군 엄다면,중상사고,0,1,0,0,차대차 - 측면충돌,안전운전불이행,건조,맑음,단일로 - 기타,이륜,남,51세,중상,승용,남,25세,상해없음
2018041000100230,2018년 4월 10일 11시,화요일,전라남도 목포시 용당동,경상사고,0,0,1,0,차대차 - 측면충돌,교차로운행방법위반,건조,맑음,교차로 - 교차로안,승용,남,78세,상해없음,승용,남,39세,경상
2018041000100285,2018년 4월 10일 13시,화요일,전라남도 목포시 온금동,경상사고,0,0,1,0,차량단독 - 도로외이탈 - 추락,안전운전불이행,건조,흐림,단일로 - 기타,화물,남,77세,경상,,,,
2018041000100286,2018년 4월 10일 13시,화요일,전라남도 여수시 봉계동,경상사고,0,0,1,0,차대차 - 측면충돌,교차로운행방법위반,건조,맑음,교차로 - 교차로안,승합,여,55세,상해없음,승용,남,45세,경상
2018041000100315,2018년 4월 10일 14시,화요일,전라남도 목포시 상동,경상사고,0,0,1,0,차량단독 - 기타,안전운전불이행,건조,맑음,교차로 - 교차로안,승용,남,52세,상해없음,,,,
2018041000100316,2018년 4월 10일 14시,화요일,전라남도 담양군 담양읍,경상사고,0,0,1,0,차대차 - 측면충돌,신호위반,건조,맑음,교차로 - 교차로안,승합,남,24세,상해없음,승용,남,64세,경상
2018041000100345,2018년 4월 10일 15시,화요일,전라남도 담양군 대전면,중상사고,0,5,0,0,차대차 - 추돌,안전거리미확보,건조,맑음,교차로 - 교차로부근,화물,남,42세,상해없음,승용,남,61세,중상
2018041000100371,2018년 4월 10일 16시,화요일,전라남도 장흥군 장흥읍,중상사고,0,2,0,0,차량단독 - 공작물충돌,안전운전불이행,건조,맑음,교차로 - 교차로부근,화물,여,57세,중상,,,,
2018041000100372,2018년 4월 10일 16시,화요일,전라남도 화순군 동면,경상사고,0,0,1,0,차대차 - 측면충돌,불법유턴,건조,맑음,단일로 - 기타,승용,여,63세,상해없음,원동기,남,25세,경상
2018041000100373,2018년 4월 10일 16시,화요일,전라남도 장성군 황룡면,경상사고,0,0,2,0,차대차 - 측면충돌,중앙선침범,건조,맑음,단일로 - 기타,화물,남,73세,경상,승용,여,34세,경상
2018041000100414,2018년 4월 10일 17시,화요일,전라남도 목포시 옥암동,경상사고,0,0,1,0,차대차 - 기타,안전운전불이행,건조,맑음,교차로 - 교차로부근,화물,남,75세,상해없음,승용,여,37세,경상
2018041000100415,2018년 4월 10일 17시,화요일,전라남도 여수시 평여동,경상사고,0,0,2,0,차대차 - 측면충돌,안전운전불이행,건조,맑음,단일로 - 기타,승용,남,46세,상해없음,승용,여,32세,경상
2018041000100416,2018년 4월 10일 17시,화요일,전라남도 고흥군 고흥읍,중상사고,0,1,0,0,차대차 - 측면충돌,중앙선침범,건조,맑음,단일로 - 기타,자전거,남,10세,중상,승용,여,44세,상해없음
2018041000100417,2018년 4월 10일 17시,화요일,전라남도 영광군 영광읍,경상사고,0,0,1,0,차대사람 - 기타,안전운전불이행,건조,맑음,교차로 - 교차로안,승용,여,33세,상해없음,보행자,남,8세,경상
2018041000100495,2018년 4월 10일 19시,화요일,전라남도 순천시 동외동,경상사고,0,0,1,0,차대차 - 측면충돌,안전운전불이행,건조,맑음,교차로 - 교차로안,승용,여,38세,상해없음,승용,남,55세,경상
2018041000100496,2018년 4월 10일 19시,화요일,전라남도 무안군 무안읍,중상사고,0,1,0,0,차대차 - 추돌,안전거리미확보,건조,맑음,단일로 - 기타,이륜,남,19세,중상,화물,여,55세,상해없음
2018041000100532,2018년 4월 10일 20시,화요일,전라남도 장흥군 장흥읍,중상사고,0,1,0,0,차대사람 - 보도통행중,신호위반,건조,맑음,교차로 - 교차로횡단보도내,승용,여,54세,상해없음,보행자,남,17세,중상
2018041000100621,2018년 4월 10일 22시,화요일,전라남도 순천시 별량면,중상사고,0,1,0,0,차대차 - 기타,안전운전불이행,건조,맑음,단일로 - 기타,승용,여,43세,중상,승용,남,38세,상해없음
2018041000100622,2018년 4월 10일 22시,화요일,전라남도 화순군 화순읍,경상사고,0,0,1,0,차대사람 - 횡단중,안전운전불이행,건조,맑음,교차로 - 교차로안,승용,여,36세,상해없음,보행자,남,55세,경상
2018041100100027,2018년 4월 11일 01시,수요일,전라남도 광양시 광양읍,경상사고,0,0,1,0,차대차 - 기타,신호위반,건조,맑음,교차로 - 교차로안,승용,남,68세,상해없음,이륜,남,48세,경상
2018041100100038,2018년 4월 11일 03시,수요일,전라남도 목포시 옥암동,중상사고,0,1,0,0,차대사람 - 횡단중,보행자보호의무위반,건조,맑음,교차로 - 교차로횡단보도내,승용,여,42세,상해없음,보행자,남,23세,중상
2018041100100078,2018년 4월 11일 07시,수요일,전라남도 순천시 연향동,중상사고,0,1,1,0,차대차 - 측면충돌,안전거리미확보,건조,맑음,단일로 - 기타,승용,남,66세,중상,승용,남,28세,경상
2018041100100079,2018년 4월 11일 07시,수요일,전라남도 고흥군 도화면,중상사고,0,1,0,0,차대사람 - 횡단중,안전운전불이행,건조,맑음,단일로 - 기타,화물,남,23세,상해없음,보행자,여,85세,중상
2018041100100080,2018년 4월 11일 07시,수요일,전라남도 담양군 고서면,경상사고,0,0,1,0,차대차 - 추돌,안전운전불이행,건조,맑음,교차로 - 교차로부근,승합,남,38세,상해없음,승용,남,58세,경상
2018041100100081,2018년 4월 11일 07시,수요일,전라남도 광양시 광양읍,경상사고,0,0,4,0,차대차 - 추돌,안전운전불이행,건조,맑음,단일로 - 기타,화물,남,74세,상해없음,승용,남,51세,경상
2018041100100114,2018년 4월 11일 08시,수요일,전라남도 목포시 용당동,중상사고,0,1,0,0,차대사람 - 기타,안전운전불이행,건조,맑음,단일로 - 기타,승용,남,42세,상해없음,보행자,여,63세,중상
2018041100100115,2018년 4월 11일 08시,수요일,전라남도 여수시 안산동,경상사고,0,0,2,0,차대차 - 측면충돌,교차로운행방법위반,건조,맑음,교차로 - 교차로안,승합,여,38세,상해없음,승용,남,67세,경상
2018041100100116,2018년 4월 11일 08시,수요일,전라남도 장흥군 장흥읍,경상사고,0,0,1,0,차대사람 - 길가장자리구역통행중,안전운전불이행,건조,맑음,교차로 - 교차로안,화물,여,62세,상해없음,보행자,남,48세,경상
2018041100100117,2018년 4월 11일 08시,수요일,전라남도 담양군 담양읍,경상사고,0,0,1,0,차대차 - 측면충돌,교차로운행방법위반,건조,맑음,교차로 - 교차로안,화물,남,38세,경상,건설기계,남,59세,상해없음
2018041100100118,2018년 4월 11일 08시,수요일,전라남도 광양시 성황동,경상사고,0,0,1,0,차대차 - 추돌,안전거리미확보,건조,맑음,교차로 - 교차로안,승용,여,23세,경상,승합,여,55세,상해없음
2018041100100160,2018년 4월 11일 09시,수요일,전라남도 해남군 마산면,경상사고,0,0,1,0,차량단독 - 도로외이탈 - 기타,안전운전불이행,젖음/습기,맑음,기타 - 기타,화물,남,54세,경상,,,,
2018041100100161,2018년 4월 11일 09시,수요일,전라남도 완도군 약산면,경상사고,0,0,1,0,차대차 - 기타,기타,건조,맑음,단일로 - 기타,화물,남,45세,상해없음,화물,여,44세,경상
2018041100100162,2018년 4월 11일 09시,수요일,전라남도 완도군 완도읍,중상사고,0,1,0,0,차대차 - 기타,중앙선침범,건조,맑음,단일로 - 기타,이륜,남,68세,중상,화물,남,68세,상해없음
2018041100100183,2018년 4월 11일 10시,수요일,전라남도 함평군 신광면,경상사고,0,0,1,0,차대사람 - 기타,안전운전불이행,건조,맑음,단일로 - 기타,승합,남,56세,상해없음,보행자,여,71세,경상
2018041100100208,2018년 4월 11일 11시,수요일,전라남도 순천시 승주읍,경상사고,0,0,4,0,차대차 - 측면충돌,안전운전불이행,건조,맑음,교차로 - 교차로안,승용,남,75세,상해없음,승용,여,49세,경상
2018041100100209,2018년 4월 11일 11시,수요일,전라남도 순천시 해룡면,중상사고,0,1,0,0,차대사람 - 차도통행중,안전운전불이행,건조,맑음,단일로 - 기타,특수,남,46세,상해없음,보행자,여,75세,중상
2018041100100210,2018년 4월 11일 11시,수요일,전라남도 화순군 도곡면,중상사고,0,4,0,0,차대차 - 추돌,안전운전불이행,건조,맑음,단일로 - 기타,승용,남,80세,중상,승용,여,49세,중상
2018041100100234,2018년 4월 11일 12시,수요일,전라남도 목포시 상동,경상사고,0,0,1,0,차대차 - 측면충돌,안전운전불이행,건조,맑음,교차로 - 교차로안,승용,남,64세,상해없음,이륜,남,35세,경상
2018041100100296,2018년 4월 11일 14시,수요일,전라남도 순천시 덕암동,중상사고,0,1,0,1,차대차 - 기타,신호위반,건조,맑음,교차로 - 교차로안,이륜,남,18세,중상,승용,남,38세,부상신고
2018041100100333,2018년 4월 11일 15시,수요일,전라남도 해남군 옥천면,경상사고,0,0,2,0,차대차 - 기타,안전거리미확보,건조,맑음,단일로 - 기타,승용,남,60세,상해없음,화물,남,29세,경상
2018041100100371,2018년 4월 11일 16시,수요일,전라남도 여수시 소라면,중상사고,0,1,1,0,차대차 - 추돌,안전운전불이행,건조,맑음,교차로 - 교차로부근,화물,남,53세,상해없음,화물,남,59세,경상
2018041100100477,2018년 4월 11일 18시,수요일,전라남도 나주시 다시면,사망사고,1,0,0,0,차량단독 - 기타,안전운전불이행,건조,맑음,단일로 - 기타,원동기,남,74세,사망,,,,
2018041100100569,2018년 4월 11일 21시,수요일,전라남도 완도군 금일읍,중상사고,0,2,0,0,차대차 - 정면충돌,중앙선침범,건조,맑음,단일로 - 기타,화물,남,32세,중상,승용,남,66세,중상
2018041100100590,2018년 4월 11일 22시,수요일,전라남도 목포시 상동,중상사고,0,1,0,0,차대차 - 기타,안전운전불이행,건조,맑음,단일로 - 기타,승용,여,31세,상해없음,승용,남,65세,상해없음
2018041100100591,2018년 4월 11일 22시,수요일,전라남도 여수시 선원동,사망사고,1,0,0,0,차대사람 - 횡단중,신호위반,건조,맑음,단일로 - 기타,승용,여,36세,상해없음,보행자,남,53세,사망
2018041200100067,2018년 4월 12일 06시,목요일,전라남도 영암군 삼호읍,경상사고,0,0,2,0,차대차 - 측면충돌,안전운전불이행,건조,맑음,교차로 - 교차로안,승용,여,46세,상해없음,승용,남,47세,경상
2018041200100126,2018년 4월 12일 08시,목요일,전라남도 여수시 여서동,경상사고,0,0,2,0,차대차 - 측면충돌,교차로운행방법위반,건조,맑음,교차로 - 교차로안,승용,남,57세,상해없음,승용,남,69세,경상
2018041200100127,2018년 4월 12일 08시,목요일,전라남도 순천시 해룡면,경상사고,0,0,1,0,차대사람 - 기타,안전운전불이행,건조,맑음,단일로 - 기타,승합,남,55세,상해없음,보행자,여,77세,경상
2018041200100128,2018년 4월 12일 08시,목요일,전라남도 무안군 망운면,경상사고,0,0,1,0,차대차 - 측면충돌,안전운전불이행,건조,맑음,교차로 - 교차로부근,승용,남,66세,경상,화물,남,62세,상해없음
2018041200100154,2018년 4월 12일 09시,목요일,전라남도 여수시 여서동,경상사고,0,0,1,0,차대차 - 측면충돌,차로위반,건조,맑음,단일로 - 기타,승용,남,79세,상해없음,화물,남,22세,경상
2018041200100155,2018년 4월 12일 09시,목요일,전라남도 해남군 해남읍,경상사고,0,0,1,0,차대차 - 기타,안전거리미확보,건조,맑음,단일로 - 기타,화물,남,69세,상해없음,승합,남,44세,상해없음
2018041200100184,2018년 4월 12일 10시,목요일,전라남도 나주시 영산동,사망사고,1,0,0,0,차량단독 - 전도전복 - 전도,안전운전불이행,건조,맑음,단일로 - 기타,이륜,남,76세,사망,미분류,미분류,미분류,미분류
2018041200100185,2018년 4월 12일 10시,목요일,전라남도 해남군 북일면,경상사고,0,0,1,0,차대차 - 기타,안전운전불이행,건조,맑음,교차로 - 교차로안,승용,여,43세,상해없음,이륜,남,75세,경상
2018041200100186,2018년 4월 12일 10시,목요일,전라남도 완도군 생일면,중상사고,0,1,0,0,차량단독 - 공작물충돌,안전운전불이행,건조,맑음,단일로 - 기타,이륜,남,75세,중상,,,,
2018041200100224,2018년 4월 12일 11시,목요일,전라남도 보성군 노동면,경상사고,0,0,1,0,차대차 - 측면충돌,안전운전불이행,건조,맑음,교차로 - 교차로부근,승용,여,57세,상해없음,이륜,남,31세,경상
2018041200100251,2018년 4월 12일 12시,목요일,전라남도 여수시 미평동,경상사고,0,0,2,0,차대차 - 추돌,안전운전불이행,건조,맑음,단일로 - 기타,승용,여,45세,상해없음,승용,여,41세,경상
2018041200100252,2018년 4월 12일 12시,목요일,전라남도 무안군 무안읍,경상사고,0,0,1,0,차대차 - 정면충돌,안전운전불이행,건조,맑음,단일로 - 기타,승용,남,58세,상해없음,이륜,남,26세,경상
2018041200100284,2018년 4월 12일 13시,목요일,전라남도 순천시 조례동,경상사고,0,0,1,0,차대차 - 추돌,안전거리미확보,건조,맑음,단일로 - 기타,승용,남,31세,상해없음,원동기,남,43세,경상
2018041200100285,2018년 4월 12일 13시,목요일,전라남도 나주시 노안면,중상사고,0,1,0,0,차량단독 - 기타,안전운전불이행,건조,맑음,단일로 - 기타,원동기,남,64세,중상,,,,
2018041200100286,2018년 4월 12일 13시,목요일,전라남도 장흥군 장흥읍,경상사고,0,0,5,0,차대차 - 추돌,안전운전불이행,건조,맑음,교차로 - 교차로부근,화물,여,64세,경상,승용,남,22세,경상
2018041200100320,2018년 4월 12일 14시,목요일,전라남도 목포시 상동,중상사고,0,1,0,0,차대사람 - 기타,안전운전불이행,건조,맑음,단일로 - 기타,승용,남,65세,상해없음,보행자,여,59세,중상
2018041200100321,2018년 4월 12일 14시,목요일,전라남도 여수시 소라면,경상사고,0,0,1,0,차대차 - 측면충돌,신호위반,건조,맑음,교차로 - 교차로안,승용,여,33세,상해없음,승용,남,63세,경상
2018041200100322,2018년 4월 12일 14시,목요일,전라남도 순천시 저전동,경상사고,0,0,1,0,차대사람 - 횡단중,보행자보호의무위반,건조,맑음,단일로 - 기타,승용,여,47세,상해없음,보행자,남,10세,경상
2018041200100323,2018년 4월 12일 14시,목요일,전라남도 보성군 득량면,경상사고,0,0,1,0,차대사람 - 길가장자리구역통행중,안전운전불이행,건조,맑음,단일로 - 기타,화물,남,47세,상해없음,보행자,남,32세,경상
2018041200100355,2018년 4월 12일 15시,목요일,전라남도 광양시 옥곡면,중상사고,0,1,0,0,차대차 - 기타,안전운전불이행,건조,흐림,단일로 - 기타,화물,남,41세,상해없음,이륜,남,76세,중상
2018041200100392,2018년 4월 12일 16시,목요일,전라남도 완도군 완도읍,중상사고,0,1,0,0,차대사람 - 횡단중,안전운전불이행,건조,맑음,단일로 - 기타,승용,남,55세,상해없음,보행자,남,73세,중상
2018041200100433,2018년 4월 12일 17시,목요일,전라남도 담양군 담양읍,중상사고,0,1,0,0,차대차 - 추돌,기타,건조,맑음,교차로 - 교차로안,건설기계,남,64세,상해없음,화물,여,56세,중상
2018041200100478,2018년 4월 12일 18시,목요일,전라남도 목포시 용해동,경상사고,0,0,2,0,차대차 - 추돌,안전운전불이행,건조,맑음,단일로 - 기타,승용,남,27세,상해없음,승용,남,63세,경상
2018041200100479,2018년 4월 12일 18시,목요일,전라남도 무안군 청계면,중상사고,0,1,0,0,차량단독 - 공작물충돌,안전운전불이행,건조,맑음,교차로 - 교차로안,사륜오토바이(ATV),여,76세,중상,,,,
2018041200100515,2018년 4월 12일 19시,목요일,전라남도 순천시 조곡동,중상사고,0,1,0,0,차대사람 - 횡단중,보행자보호의무위반,건조,맑음,단일로 - 기타,승용,남,64세,상해없음,보행자,여,70세,중상
2018041200100516,2018년 4월 12일 19시,목요일,전라남도 순천시 동외동,중상사고,0,1,2,0,차대차 - 측면충돌,직진우회전진행방해,건조,맑음,교차로 - 교차로안,승용,여,57세,경상,승용,여,38세,중상
2018041200100517,2018년 4월 12일 19시,목요일,전라남도 광양시 광양읍,중상사고,0,1,0,0,차대차 - 측면충돌,신호위반,건조,맑음,교차로 - 교차로횡단보도내,자전거,남,58세,중상,승용,여,24세,상해없음
2018041200100560,2018년 4월 12일 20시,목요일,전라남도 나주시 금천면,경상사고,0,0,1,0,차대차 - 추돌,안전운전불이행,건조,맑음,단일로 - 기타,화물,남,70세,상해없음,화물,남,61세,경상
2018041200100599,2018년 4월 12일 21시,목요일,전라남도 순천시 조례동,경상사고,0,0,2,0,차대차 - 추돌,안전운전불이행,건조,맑음,교차로 - 교차로부근,승용,남,36세,상해없음,승용,남,65세,경상
2018041200100625,2018년 4월 12일 22시,목요일,전라남도 순천시 조례동,중상사고,0,1,1,0,차대차 - 추돌,안전운전불이행,건조,맑음,단일로 - 기타,승용,남,38세,상해없음,승용,남,48세,중상
2018041200100648,2018년 4월 12일 23시,목요일,전라남도 목포시 옥암동,중상사고,0,1,0,0,차대차 - 측면충돌,안전운전불이행,건조,맑음,단일로 - 기타,이륜,남,51세,중상,승용,남,47세,상해없음
2018041200100649,2018년 4월 12일 23시,목요일,전라남도 순천시 조례동,중상사고,0,1,0,0,차대차 - 측면충돌,신호위반,건조,맑음,교차로 - 교차로안,승용,여,48세,상해없음,이륜,남,27세,중상
2018041300100020,2018년 4월 13일 01시,금요일,전라남도 순천시 해룡면,중상사고,0,1,0,0,차대사람 - 기타,안전운전불이행,건조,맑음,단일로 - 기타,승용,남,52세,상해없음,보행자,남,35세,중상
2018041300100047,2018년 4월 13일 04시,금요일,전라남도 목포시 상동,사망사고,1,5,7,0,차대차 - 측면충돌,신호위반,건조,맑음,교차로 - 교차로안,승합,남,56세,중상,승용,남,29세,경상
2018041300100067,2018년 4월 13일 06시,금요일,전라남도 영암군 삼호읍,경상사고,0,0,1,0,차량단독 - 공작물충돌,안전운전불이행,건조,맑음,단일로 - 기타,승용,남,38세,경상,,,,
2018041300100088,2018년 4월 13일 07시,금요일,전라남도 영암군 미암면,중상사고,0,1,0,0,차대차 - 측면충돌,안전운전불이행,건조,맑음,단일로 - 기타,승용,남,58세,상해없음,이륜,남,79세,중상
2018041300100089,2018년 4월 13일 07시,금요일,전라남도 담양군 고서면,사망사고,1,1,0,0,차대차 - 기타,기타,건조,맑음,교차로 - 교차로부근,화물,남,48세,상해없음,사륜오토바이(ATV),남,85세,사망
2018041300100125,2018년 4월 13일 08시,금요일,전라남도 무안군 삼향읍,경상사고,0,0,2,0,차대차 - 추돌,안전운전불이행,건조,맑음,단일로 - 기타,승용,여,38세,상해없음,승용,여,43세,경상
2018041300100172,2018년 4월 13일 09시,금요일,전라남도 목포시 산정동,경상사고,0,0,1,0,차대차 - 기타,신호위반,건조,맑음,교차로 - 교차로안,건설기계,남,50세,상해없음,승용,여,40세,경상
2018041300100173,2018년 4월 13일 09시,금요일,전라남도 순천시 매곡동,경상사고,0,0,1,0,차대차 - 추돌,안전운전불이행,건조,맑음,교차로 - 교차로부근,화물,남,66세,상해없음,승용,남,33세,경상
2018041300100174,2018년 4월 13일 09시,금요일,전라남도 순천시 장천동,경상사고,0,0,1,0,차대사람 - 기타,안전운전불이행,건조,맑음,단일로 - 기타,기타불명,기타불명,미분류,기타불명,보행자,남,68세,경상
2018041300100175,2018년 4월 13일 09시,금요일,전라남도 보성군 보성읍,중상사고,0,1,0,0,차대차 - 측면충돌,안전운전불이행,건조,맑음,교차로 - 교차로안,승용,여,51세,상해없음,자전거,남,88세,중상
2018041300100176,2018년 4월 13일 09시,금요일,전라남도 완도군 고금면,중상사고,0,1,0,0,차대사람 - 횡단중,안전운전불이행,건조,맑음,단일로 - 기타,승용,여,36세,상해없음,보행자,여,61세,중상
2018041300100177,2018년 4월 13일 09시,금요일,전라남도 무안군 일로읍,중상사고,0,2,0,0,차대차 - 측면충돌,신호위반,건조,맑음,교차로 - 교차로횡단보도내,건설기계,남,66세,상해없음,화물,남,64세,중상
2018041300100201,2018년 4월 13일 10시,금요일,전라남도 목포시 용해동,경상사고,0,0,1,0,차대사람 - 길가장자리구역통행중,기타,건조,맑음,단일로 - 기타,기타불명,기타불명,미분류,기타불명,보행자,여,68세,경상
2018041300100202,2018년 4월 13일 10시,금요일,전라남도 순천시 조곡동,경상사고,0,0,1,0,차대차 - 기타,직진우회전진행방해,건조,맑음,교차로 - 교차로안,승용,여,55세,상해없음,자전거,여,62세,경상
2018041300100203,2018년 4월 13일 10시,금요일,전라남도 순천시 덕암동,중상사고,0,1,1,0,차대차 - 측면충돌,직진우회전진행방해,건조,맑음,교차로 - 교차로안,승용,여,37세,중상,화물,여,56세,경상
2018041300100204,2018년 4월 13일 10시,금요일,전라남도 진도군 진도읍,경상사고,0,0,8,14,차대차 - 측면충돌,중앙선침범,건조,맑음,단일로 - 기타,화물,남,48세,상해없음,승합,여,45세,경상
2018041300100232,2018년 4월 13일 11시,금요일,전라남도 영암군 영암읍,경상사고,0,0,1,0,차량단독 - 공작물충돌,안전운전불이행,건조,맑음,단일로 - 기타,화물,여,61세,경상,,,,
2018041300100283,2018년 4월 13일 13시,금요일,전라남도 나주시 빛가람동,경상사고,0,0,5,0,차대차 - 기타,직진우회전진행방해,건조,맑음,교차로 - 교차로안,승용,여,36세,경상,화물,남,56세,경상
2018041300100284,2018년 4월 13일 13시,금요일,전라남도 나주시 송월동,경상사고,0,0,2,0,차대차 - 기타,안전거리미확보,건조,맑음,교차로 - 교차로안,승용,여,65세,상해없음,승용,남,35세,경상
2018041300100285,2018년 4월 13일 13시,금요일,전라남도 강진군 칠량면,경상사고,0,0,1,0,차대차 - 추돌,안전거리미확보,건조,맑음,단일로 - 기타,화물,남,50세,상해없음,승용,여,32세,경상
2018041300100311,2018년 4월 13일 14시,금요일,전라남도 함평군 해보면,부상신고사고,0,0,0,1,차량단독 - 도로외이탈 - 추락,안전운전불이행,건조,맑음,단일로 - 기타,자전거,남,76세,부상신고,,,,
2018041300100312,2018년 4월 13일 14시,금요일,전라남도 광양시 옥곡면,중상사고,0,1,1,0,차대차 - 측면충돌,안전거리미확보,건조,맑음,교차로 - 교차로안,승용,여,50세,경상,화물,남,39세,중상
2018041300100344,2018년 4월 13일 15시,금요일,전라남도 영광군 영광읍,경상사고,0,0,2,0,차대차 - 측면충돌,불법유턴,건조,맑음,단일로 - 기타,화물,남,67세,경상,건설기계,남,65세,경상
2018041300100345,2018년 4월 13일 15시,금요일,전라남도 진도군 의신면,경상사고,0,0,2,0,차대차 - 측면충돌,교차로운행방법위반,건조,흐림,교차로 - 교차로안,승용,남,56세,상해없음,승용,남,65세,경상
2018041300100433,2018년 4월 13일 17시,금요일,전라남도 여수시 학동,중상사고,0,1,0,0,차대사람 - 횡단중,보행자보호의무위반,건조,맑음,단일로 - 기타,승용,남,35세,상해없음,보행자,여,68세,중상
2018041300100434,2018년 4월 13일 17시,금요일,전라남도 광양시 중동,경상사고,0,0,2,0,차대차 - 측면충돌,안전운전불이행,건조,맑음,단일로 - 기타,승용,남,74세,경상,승용,여,31세,경상
2018041300100473,2018년 4월 13일 18시,금요일,전라남도 영암군 삼호읍,경상사고,0,0,2,0,차대차 - 추돌,안전운전불이행,건조,맑음,단일로 - 기타,승용,여,56세,경상,승용,남,42세,경상
2018041300100502,2018년 4월 13일 19시,금요일,전라남도 나주시 금천면,경상사고,0,0,2,0,차대차 - 기타,안전운전불이행,건조,맑음,단일로 - 기타,화물,남,54세,경상,승용,여,53세,경상
2018041300100588,2018년 4월 13일 21시,금요일,전라남도 순천시 덕암동,경상사고,0,0,1,0,차대사람 - 횡단중,신호위반,건조,맑음,단일로 - 기타,승용,남,54세,상해없음,보행자,여,62세,경상
2018041300100623,2018년 4월 13일 22시,금요일,전라남도 목포시 옥암동,경상사고,0,0,1,0,차대차 - 추돌,안전운전불이행,건조,맑음,단일로 - 기타,승용,남,43세,상해없음,승용,여,48세,경상
2018041400100008,2018년 4월 14일 00시,토요일,전라남도 순천시 해룡면,경상사고,0,0,2,0,차대차 - 정면충돌,신호위반,건조,맑음,교차로 - 교차로안,승용,남,31세,상해없음,승용,남,33세,경상
2018041400100035,2018년 4월 14일 01시,토요일,전라남도 여수시 학동,중상사고,0,1,0,0,차대사람 - 길가장자리구역통행중,안전운전불이행,건조,맑음,교차로 - 교차로안,승용,남,52세,상해없음,보행자,남,43세,중상
2018041400100045,2018년 4월 14일 02시,토요일,전라남도 장흥군 장동면,사망사고,2,0,0,0,차량단독 - 공작물충돌,안전운전불이행,건조,흐림,단일로 - 기타,승용,남,20세,사망,,,,
2018041400100073,2018년 4월 14일 03시,토요일,전라남도 목포시 호남동,경상사고,0,0,1,0,차대차 - 기타,안전운전불이행,건조,맑음,기타 - 기타,승용,남,20세,상해없음,승용,남,21세,경상
2018041400100153,2018년 4월 14일 08시,토요일,전라남도 장성군 장성읍,경상사고,0,0,1,0,차대차 - 추돌,안전운전불이행,젖음/습기,비,교차로 - 교차로부근,화물,남,56세,상해없음,승용,남,44세,경상
2018041400100236,2018년 4월 14일 11시,토요일,전라남도 여수시 웅천동,경상사고,0,0,2,0,차대차 - 추돌,안전운전불이행,젖음/습기,비,단일로 - 터널,승합,남,74세,상해없음,승용,남,39세,경상
2018041400100237,2018년 4월 14일 11시,토요일,전라남도 장흥군 관산읍,경상사고,0,0,1,0,차대차 - 측면충돌,안전운전불이행,건조,맑음,교차로 - 교차로안,승용,남,58세,상해없음,화물,남,45세,경상
2018041400100273,2018년 4월 14일 12시,토요일,전라남도 목포시 상동,중상사고,0,1,1,0,차대차 - 측면충돌,직진우회전진행방해,젖음/습기,비,교차로 - 교차로안,이륜,남,35세,중상,승용,남,35세,경상
2018041400100274,2018년 4월 14일 12시,토요일,전라남도 영암군 영암읍,중상사고,0,1,0,0,차대사람 - 횡단중,안전운전불이행,건조,맑음,교차로 - 교차로부근,화물,남,54세,상해없음,보행자,여,72세,중상
2018041400100340,2018년 4월 14일 14시,토요일,전라남도 여수시 여서동,경상사고,0,0,1,0,차대사람 - 기타,안전운전불이행,젖음/습기,비,단일로 - 기타,승용,남,26세,상해없음,보행자,여,55세,경상
2018041400100341,2018년 4월 14일 14시,토요일,전라남도 여수시 학동,경상사고,0,0,1,0,차대차 - 측면충돌,교차로운행방법위반,건조,맑음,교차로 - 교차로안,승용,남,57세,상해없음,화물,남,48세,상해없음