사고번호,사고일시,요일,시군구,사고내용,사망자수,중상자수,경상자수,부상신고자수,사고유형,법규위반,노면상태,기상상태,도로형태,가해운전자 차종,가해운전자 성별,가해운전자 연령,가해운전자 상해정도,피해운전자 차종,피해운전자 성별,피해운전자 연령,피해운전자 상해정도
2018041400100342,2018년 4월 14일 14시,토요일,전라남도 순천시 승주읍,경상사고,0,0,4,0,차대차 - 측면충돌,신호위반,건조,흐림,교차로 - 교차로안,승용,남,28세,경상,승용,남,56세,경상
2018041400100343,2018년 4월 14일 14시,토요일,전라남도 순천시 승주읍,중상사고,0,1,0,1,차대차 - 기타,안전운전불이행,젖음/습기,비,단일로 - 기타,승용,남,19세,부상신고,승용,남,26세,상해없음
2018041400100401,2018년 4월 14일 16시,토요일,전라남도 여수시 돌산읍,중상사고,0,6,5,0,차대차 - 정면충돌,중앙선침범,젖음/습기,흐림,단일로 - 기타,승용,여,23세,중상,승합,남,44세,경상
2018041400100402,2018년 4월 14일 16시,토요일,전라남도 무안군 해제면,중상사고,0,1,1,0,차대차 - 측면충돌,중앙선침범,젖음/습기,흐림,단일로 - 기타,승용,남,55세,경상,화물,남,55세,중상
2018041400100432,2018년 4월 14일 17시,토요일,전라남도 순천시 상사면,경상사고,0,0,1,0,차대차 - 측면충돌,안전운전불이행,건조,맑음,단일로 - 기타,승용,남,58세,경상,화물,여,55세,상해없음
2018041400100454,2018년 4월 14일 18시,토요일,전라남도 여수시 여서동,경상사고,0,0,1,0,차대차 - 측면충돌,안전운전불이행,건조,맑음,단일로 - 기타,승용,남,63세,상해없음,승용,남,30세,경상
2018041400100455,2018년 4월 14일 18시,토요일,전라남도 순천시 가곡동,경상사고,0,0,2,0,차대차 - 추돌,안전운전불이행,건조,맑음,교차로 - 교차로부근,승용,남,57세,상해없음,승용,남,42세,경상
2018041400100456,2018년 4월 14일 18시,토요일,전라남도 나주시 금천면,경상사고,0,0,1,0,차대차 - 기타,중앙선침범,건조,맑음,단일로 - 기타,화물,남,45세,상해없음,승용,여,29세,경상
2018041400100481,2018년 4월 14일 19시,토요일,전라남도 순천시 연향동,경상사고,0,0,1,0,차대차 - 기타,안전거리미확보,건조,맑음,단일로 - 기타,승용,여,57세,상해없음,화물,여,61세,경상
2018041400100506,2018년 4월 14일 20시,토요일,전라남도 목포시 옥암동,경상사고,0,0,1,0,차대차 - 기타,신호위반,건조,맑음,교차로 - 교차로안,승용,여,34세,상해없음,승용,남,30세,경상
2018041400100507,2018년 4월 14일 20시,토요일,전라남도 해남군 송지면,중상사고,0,1,0,0,차대차 - 기타,중앙선침범,건조,맑음,단일로 - 기타,승용,남,41세,상해없음,승용,남,50세,중상
2018041400100549,2018년 4월 14일 22시,토요일,전라남도 순천시 황전면,중상사고,0,1,1,0,차대차 - 측면충돌,신호위반,건조,맑음,교차로 - 교차로안,승용,남,64세,중상,화물,남,49세,경상
2018041500100012,2018년 4월 15일 00시,일요일,전라남도 순천시 조례동,경상사고,0,0,1,0,차대차 - 측면충돌,안전운전불이행,건조,맑음,교차로 - 교차로부근,승용,남,25세,상해없음,승용,남,29세,경상
2018041500100033,2018년 4월 15일 02시,일요일,전라남도 여수시 학동,경상사고,0,0,2,0,차대차 - 측면충돌,교차로운행방법위반,건조,맑음,교차로 - 교차로안,승용,남,36세,경상,승용,남,57세,경상
2018041500100043,2018년 4월 15일 03시,일요일,전라남도 순천시 연향동,경상사고,0,0,1,0,차량단독 - 기타,안전운전불이행,건조,맑음,단일로 - 기타,승용,남,27세,경상,,,,
2018041500100054,2018년 4월 15일 04시,일요일,전라남도 순천시 연향동,경상사고,0,0,3,0,차대차 - 측면충돌,직진우회전진행방해,건조,맑음,교차로 - 교차로안,승용,남,36세,상해없음,승용,남,69세,경상
2018041500100066,2018년 4월 15일 05시,일요일,전라남도 순천시 왕지동,경상사고,0,0,2,0,차대차 - 측면충돌,신호위반,건조,맑음,교차로 - 교차로안,승용,여,61세,상해없음,승용,남,61세,경상
2018041500100083,2018년 4월 15일 07시,일요일,전라남도 무안군 현경면,경상사고,0,0,2,0,차량단독 - 전도전복 - 전도,안전운전불이행,건조,맑음,단일로 - 고가도로위,화물,남,59세,경상,미분류,미분류,미분류,미분류
2018041500100108,2018년 4월 15일 09시,일요일,전라남도 여수시 여서동,중상사고,0,1,2,0,차대차 - 측면충돌,안전거리미확보,건조,맑음,단일로 - 기타,화물,남,72세,중상,승용,여,39세,경상
2018041500100109,2018년 4월 15일 09시,일요일,전라남도 영암군 영암읍,중상사고,0,1,0,0,차대차 - 측면충돌,기타,건조,맑음,교차로 - 교차로안,승용,여,54세,상해없음,이륜,남,80세,중상
2018041500100129,2018년 4월 15일 10시,일요일,전라남도 화순군 북면,부상신고사고,0,0,0,1,차대차 - 측면충돌,중앙선침범,건조,맑음,단일로 - 기타,승합,남,51세,상해없음,승용,여,63세,부상신고
2018041500100130,2018년 4월 15일 10시,일요일,전라남도 광양시 옥곡면,중상사고,0,2,0,0,차량단독 - 전도전복 - 전복,안전운전불이행,건조,맑음,기타 - 기타,승용,여,53세,중상,미분류,미분류,미분류,미분류
2018041500100154,2018년 4월 15일 11시,일요일,전라남도 목포시 달동,경상사고,0,0,2,0,차대차 - 측면충돌,안전운전불이행,건조,맑음,교차로 - 교차로부근,승합,남,55세,상해없음,승용,남,29세,상해없음
2018041500100176,2018년 4월 15일 12시,일요일,전라남도 보성군 조성면,중상사고,0,2,4,0,차대차 - 측면충돌,직진우회전진행방해,건조,맑음,교차로 - 교차로안,승용,여,58세,경상,승용,남,48세,중상
2018041500100246,2018년 4월 15일 14시,일요일,전라남도 여수시 여서동,중상사고,0,1,1,0,차대차 - 측면충돌,교차로운행방법위반,건조,맑음,교차로 - 교차로횡단보도내,승용,여,55세,중상,승용,여,27세,경상
2018041500100247,2018년 4월 15일 14시,일요일,전라남도 순천시 서면,경상사고,0,0,2,0,차대차 - 측면충돌,교차로운행방법위반,건조,맑음,교차로 - 교차로부근,승용,남,38세,경상,승용,남,31세,경상
2018041500100307,2018년 4월 15일 16시,일요일,전라남도 여수시 돌산읍,중상사고,0,1,0,0,차대차 - 측면충돌,안전운전불이행,건조,맑음,단일로 - 기타,원동기,남,66세,중상,승용,여,53세,상해없음
2018041500100308,2018년 4월 15일 16시,일요일,전라남도 여수시 문수동,경상사고,0,0,1,0,차량단독 - 공작물충돌,교차로운행방법위반,건조,맑음,교차로 - 교차로안,승용,남,20세,상해없음,,,,
2018041500100309,2018년 4월 15일 16시,일요일,전라남도 고흥군 도양읍,중상사고,0,1,0,0,차대사람 - 길가장자리구역통행중,교차로운행방법위반,건조,맑음,교차로 - 교차로안,승용,남,68세,상해없음,보행자,남,71세,중상
2018041500100310,2018년 4월 15일 16시,일요일,전라남도 광양시 중동,중상사고,0,1,1,0,차대차 - 측면충돌,신호위반,건조,맑음,교차로 - 교차로안,이륜,남,16세,중상,화물,남,50세,상해없음
2018041500100340,2018년 4월 15일 17시,일요일,전라남도 여수시 학동,경상사고,0,0,1,0,차대차 - 추돌,안전운전불이행,건조,맑음,단일로 - 기타,승용,남,36세,상해없음,승용,여,42세,경상
2018041500100341,2018년 4월 15일 17시,일요일,전라남도 순천시 조례동,경상사고,0,0,1,0,차대사람 - 기타,기타,건조,맑음,단일로 - 기타,승용,남,46세,상해없음,보행자,남,7세,경상
2018041500100342,2018년 4월 15일 17시,일요일,전라남도 장흥군 대덕읍,경상사고,0,0,1,0,차대차 - 측면충돌,안전운전불이행,건조,맑음,단일로 - 기타,화물,남,50세,상해없음,승용,남,73세,경상
2018041500100375,2018년 4월 15일 18시,일요일,전라남도 영암군 미암면,경상사고,0,0,5,0,차대차 - 측면충돌,안전운전불이행,건조,맑음,교차로 - 교차로안,승용,남,68세,경상,승용,여,56세,경상
2018041500100427,2018년 4월 15일 20시,일요일,전라남도 여수시 화장동,경상사고,0,0,2,0,차대차 - 측면충돌,안전운전불이행,건조,맑음,교차로 - 교차로부근,승용,남,42세,상해없음,승용,남,31세,경상
2018041500100428,2018년 4월 15일 20시,일요일,전라남도 담양군 금성면,중상사고,0,1,0,0,차량단독 - 공작물충돌,안전운전불이행,건조,기타,단일로 - 기타,승용,남,35세,중상,,,,
2018041500100499,2018년 4월 15일 23시,일요일,전라남도 화순군 화순읍,경상사고,0,0,2,0,차대차 - 측면충돌,신호위반,건조,맑음,교차로 - 교차로안,승용,남,23세,상해없음,승용,남,52세,경상
2018041600100042,2018년 4월 16일 05시,월요일,전라남도 보성군 득량면,중상사고,0,1,0,0,차량단독 - 공작물충돌,안전운전불이행,건조,맑음,교차로 - 교차로안,승용,여,64세,중상,,,,
2018041600100086,2018년 4월 16일 07시,월요일,전라남도 여수시 소라면,경상사고,0,0,1,0,차대차 - 측면충돌,신호위반,건조,맑음,단일로 - 기타,승합,남,53세,상해없음,자전거,남,11세,경상
2018041600100087,2018년 4월 16일 07시,월요일,전라남도 순천시 황전면,경상사고,0,0,2,0,차대차 - 측면충돌,신호위반,건조,맑음,교차로 - 교차로안,승용,여,41세,상해없음,화물,남,77세,경상
2018041600100088,2018년 4월 16일 07시,월요일,전라남도 함평군 해보면,경상사고,0,0,2,0,차대차 - 측면충돌,기타,건조,맑음,교차로 - 교차로안,승용,남,53세,상해없음,승용,여,60세,경상
2018041600100128,2018년 4월 16일 08시,월요일,전라남도 순천시 덕암동,경상사고,0,0,1,0,차대차 - 추돌,안전거리미확보,건조,맑음,단일로 - 기타,승합,남,39세,상해없음,승용,남,60세,경상
2018041600100129,2018년 4월 16일 08시,월요일,전라남도 화순군 화순읍,경상사고,0,0,2,0,차대차 - 측면충돌,교차로운행방법위반,건조,맑음,교차로 - 교차로부근,승합,남,75세,상해없음,승용,남,52세,경상
2018041600100130,2018년 4월 16일 08시,월요일,전라남도 광양시 중동,경상사고,0,0,1,0,차대차 - 측면충돌,안전운전불이행,건조,맑음,단일로 - 기타,승용,여,51세,상해없음,승용,남,52세,상해없음
2018041600100131,2018년 4월 16일 08시,월요일,전라남도 광양시 광양읍,경상사고,0,0,2,0,차대차 - 기타,안전거리미확보,건조,맑음,교차로 - 교차로부근,승용,남,32세,경상,화물,남,51세,경상
2018041600100172,2018년 4월 16일 09시,월요일,전라남도 목포시 산정동,경상사고,0,0,1,0,차대차 - 측면충돌,신호위반,건조,맑음,단일로 - 기타,승용,남,57세,상해없음,자전거,남,77세,경상
2018041600100173,2018년 4월 16일 09시,월요일,전라남도 보성군 벌교읍,중상사고,0,1,0,0,차대사람 - 횡단중,안전운전불이행,건조,맑음,단일로 - 기타,건설기계,남,44세,상해없음,보행자,남,84세,중상
2018041600100174,2018년 4월 16일 09시,월요일,전라남도 영암군 학산면,중상사고,0,1,1,0,차대차 - 추돌,안전운전불이행,건조,맑음,교차로 - 교차로부근,승합,여,58세,중상,화물,남,53세,경상
2018041600100175,2018년 4월 16일 09시,월요일,전라남도 무안군 삼향읍,경상사고,0,0,3,0,차대차 - 기타,직진우회전진행방해,건조,맑음,교차로 - 교차로안,승용,남,22세,경상,승용,남,45세,경상
2018041600100201,2018년 4월 16일 10시,월요일,전라남도 목포시 창평동,경상사고,0,0,3,0,차대차 - 측면충돌,직진우회전진행방해,건조,맑음,교차로 - 교차로안,승합,남,64세,경상,승용,남,74세,경상
2018041600100202,2018년 4월 16일 10시,월요일,전라남도 강진군 강진읍,중상사고,0,1,0,0,차대차 - 측면충돌,교차로운행방법위반,건조,맑음,교차로 - 교차로안,승용,남,56세,상해없음,원동기,남,80세,중상
2018041600100226,2018년 4월 16일 11시,월요일,전라남도 강진군 군동면,경상사고,0,0,2,0,차대차 - 측면충돌,교차로운행방법위반,건조,맑음,교차로 - 교차로안,승용,남,47세,상해없음,이륜,남,78세,경상
2018041600100259,2018년 4월 16일 12시,월요일,전라남도 장성군 남면,중상사고,0,1,1,0,차대차 - 정면충돌,중앙선침범,건조,맑음,단일로 - 기타,승용,여,55세,경상,화물,남,54세,중상
2018041600100291,2018년 4월 16일 13시,월요일,전라남도 여수시 여서동,경상사고,0,0,1,0,차량단독 - 기타,안전운전불이행,건조,맑음,교차로 - 교차로안,승용,남,61세,상해없음,,,,
2018041600100292,2018년 4월 16일 13시,월요일,전라남도 장성군 장성읍,경상사고,0,0,1,0,차대차 - 추돌,안전거리미확보,건조,맑음,단일로 - 기타,승합,남,21세,상해없음,화물,남,64세,경상
2018041600100293,2018년 4월 16일 13시,월요일,전라남도 곡성군 겸면,경상사고,0,0,1,0,차대차 - 후진중충돌,안전운전불이행,건조,맑음,주차장 - 주차장,화물,남,52세,상해없음,이륜,남,79세,경상
2018041600100319,2018년 4월 16일 14시,월요일,전라남도 순천시 황전면,사망사고,1,0,0,0,차대차 - 추돌,안전운전불이행,건조,맑음,단일로 - 기타,승합,남,55세,상해없음,농기계,남,76세,사망
2018041600100353,2018년 4월 16일 15시,월요일,전라남도 영암군 삼호읍,중상사고,0,1,1,0,차대차 - 측면충돌,중앙선침범,건조,맑음,교차로 - 교차로부근,화물,남,51세,경상,승용,남,41세,중상
2018041600100426,2018년 4월 16일 17시,월요일,전라남도 순천시 덕암동,경상사고,0,0,2,0,차대차 - 측면충돌,중앙선침범,건조,맑음,교차로 - 교차로안,승용,남,47세,상해없음,승용,남,38세,상해없음
2018041600100427,2018년 4월 16일 17시,월요일,전라남도 장흥군 장흥읍,경상사고,0,0,1,0,차대차 - 측면충돌,안전운전불이행,건조,맑음,교차로 - 교차로부근,승용,여,66세,상해없음,화물,남,38세,경상
2018041600100428,2018년 4월 16일 17시,월요일,전라남도 고흥군 도화면,중상사고,0,2,0,0,차대차 - 정면충돌,안전운전불이행,건조,맑음,단일로 - 기타,이륜,남,76세,중상,이륜,남,69세,중상
2018041600100466,2018년 4월 16일 18시,월요일,전라남도 해남군 송지면,사망사고,1,0,0,0,차량단독 - 전도전복 - 전도,안전운전불이행,건조,맑음,단일로 - 기타,농기계,남,75세,사망,미분류,미분류,미분류,미분류
2018041600100467,2018년 4월 16일 18시,월요일,전라남도 보성군 보성읍,경상사고,0,0,1,0,차대사람 - 횡단중,보행자보호의무위반,건조,맑음,단일로 - 기타,승용,남,27세,상해없음,보행자,남,7세,경상
2018041600100534,2018년 4월 16일 20시,월요일,전라남도 여수시 율촌면,경상사고,0,0,1,0,차대차 - 추돌,교차로운행방법위반,건조,맑음,교차로 - 교차로부근,승용,남,48세,상해없음,승용,남,60세,경상
2018041600100605,2018년 4월 16일 23시,월요일,전라남도 목포시 상동,경상사고,0,0,1,0,차대차 - 측면충돌,안전운전불이행,건조,맑음,단일로 - 기타,승용,남,24세,상해없음,승용,남,46세,경상
2018041700100006,2018년 4월 17일 00시,화요일,전라남도 함평군 해보면,부상신고사고,0,0,0,1,차량단독 - 도로외이탈 - 추락,안전운전불이행,건조,맑음,교차로 - 교차로부근,이륜,남,21세,부상신고,,,,
2018041700100050,2018년 4월 17일 05시,화요일,전라남도 장흥군 회진면,중상사고,0,1,0,0,차대사람 - 기타,안전운전불이행,젖음/습기,맑음,단일로 - 기타,건설기계,남,58세,상해없음,보행자,남,50세,중상
2018041700100051,2018년 4월 17일 05시,화요일,전라남도 광양시 중동,경상사고,0,0,2,0,차대차 - 측면충돌,신호위반,건조,맑음,교차로 - 교차로안,승용,남,50세,경상,승합,남,56세,경상
2018041700100081,2018년 4월 17일 07시,화요일,전라남도 영암군 삼호읍,중상사고,0,1,0,0,차대사람 - 횡단중,보행자보호의무위반,건조,맑음,교차로 - 교차로횡단보도내,화물,남,43세,상해없음,보행자,여,57세,중상
2018041700100116,2018년 4월 17일 08시,화요일,전라남도 여수시 율촌면,경상사고,0,0,2,0,차대차 - 측면충돌,안전운전불이행,건조,맑음,교차로 - 교차로안,승용,여,46세,경상,승용,여,35세,경상
2018041700100117,2018년 4월 17일 08시,화요일,전라남도 여수시 율촌면,경상사고,0,0,2,0,차대차 - 측면충돌,교차로운행방법위반,건조,맑음,교차로 - 교차로안,승용,여,28세,경상,승용,여,68세,경상
2018041700100148,2018년 4월 17일 09시,화요일,전라남도 신안군 안좌면,경상사고,0,0,1,0,차대사람 - 차도통행중,안전운전불이행,건조,맑음,단일로 - 기타,자전거,남,68세,상해없음,보행자,여,60세,경상
2018041700100149,2018년 4월 17일 09시,화요일,전라남도 여수시 웅천동,중상사고,0,1,0,0,차대차 - 정면충돌,중앙선침범,건조,맑음,단일로 - 기타,승용,남,25세,중상,건설기계,남,55세,상해없음
2018041700100150,2018년 4월 17일 09시,화요일,전라남도 여수시 적량동,경상사고,0,0,1,0,차대차 - 측면충돌,신호위반,건조,맑음,교차로 - 교차로안,승용,여,33세,경상,특수,남,53세,상해없음
2018041700100151,2018년 4월 17일 09시,화요일,전라남도 보성군 벌교읍,경상사고,0,0,2,0,차대차 - 측면충돌,기타,건조,맑음,교차로 - 교차로부근,승합,남,57세,상해없음,승용,여,48세,경상
2018041700100152,2018년 4월 17일 09시,화요일,전라남도 곡성군 곡성읍,중상사고,0,1,0,0,차대차 - 측면충돌,직진우회전진행방해,건조,맑음,교차로 - 교차로안,승용,여,47세,상해없음,이륜,남,76세,중상
2018041700100153,2018년 4월 17일 09시,화요일,전라남도 광양시 광양읍,경상사고,0,0,1,0,차대차 - 측면충돌,교차로운행방법위반,건조,맑음,교차로 - 교차로안,화물,남,58세,상해없음,자전거,여,74세,경상
2018041700100183,2018년 4월 17일 10시,화요일,전라남도 영암군 군서면,중상사고,0,1,0,0,차대차 - 측면충돌,안전운전불이행,건조,맑음,교차로 - 교차로부근,화물,남,62세,상해없음,원동기,남,37세,중상
2018041700100216,2018년 4월 17일 11시,화요일,전라남도 구례군 광의면,중상사고,0,1,0,0,차대차 - 측면충돌,중앙선침범,건조,맑음,단일로 - 기타,이륜,남,77세,중상,화물,남,58세,상해없음
2018041700100248,2018년 4월 17일 12시,화요일,전라남도 목포시 옥암동,경상사고,0,0,4,0,차대차 - 측면충돌,직진우회전진행방해,건조,맑음,교차로 - 교차로안,승용,여,41세,경상,승용,여,34세,경상
2018041700100249,2018년 4월 17일 12시,화요일,전라남도 함평군 함평읍,경상사고,0,0,2,0,차대차 - 측면충돌,안전운전불이행,건조,맑음,주차장 - 주차장,승용,남,75세,상해없음,화물,남,25세,경상
2018041700100307,2018년 4월 17일 14시,화요일,전라남도 여수시 미평동,중상사고,0,1,0,0,차대사람 - 횡단중,신호위반,건조,맑음,교차로 - 교차로횡단보도내,승용,남,25세,상해없음,보행자,여,10세,중상
2018041700100308,2018년 4월 17일 14시,화요일,전라남도 강진군 대구면,경상사고,0,0,1,0,차대사람 - 기타,안전운전불이행,건조,맑음,단일로 - 기타,승용,여,69세,상해없음,보행자,남,74세,경상
2018041700100342,2018년 4월 17일 15시,화요일,전라남도 목포시 상동,중상사고,0,1,0,0,차대차 - 측면충돌,직진우회전진행방해,건조,맑음,교차로 - 교차로안,승용,남,42세,상해없음,자전거,남,69세,중상
2018041700100343,2018년 4월 17일 15시,화요일,전라남도 여수시 웅천동,경상사고,0,0,4,0,차대차 - 측면충돌,신호위반,건조,맑음,교차로 - 교차로안,승합,남,60세,상해없음,승용,여,44세,경상
2018041700100465,2018년 4월 17일 18시,화요일,전라남도 광양시 광양읍,경상사고,0,0,3,0,차대차 - 추돌,안전운전불이행,건조,흐림,교차로 - 교차로부근,승용,남,50세,상해없음,승용,여,47세,경상
2018041700100497,2018년 4월 17일 19시,화요일,전라남도 목포시 옥암동,경상사고,0,0,1,0,차대사람 - 차도통행중,안전운전불이행,건조,맑음,단일로 - 기타,기타불명,기타불명,미분류,기타불명,보행자,여,20세,경상
2018041700100498,2018년 4월 17일 19시,화요일,전라남도 나주시 송월동,경상사고,0,0,1,0,차대차 - 측면충돌,신호위반,건조,맑음,교차로 - 교차로안,승용,여,18세,상해없음,승용,남,39세,경상
2018041700100499,2018년 4월 17일 19시,화요일,전라남도 영광군 법성면,사망사고,1,0,2,0,차대차 - 추돌,과속,건조,맑음,단일로 - 기타,승용,남,44세,경상,농기계,남,68세,사망
2018041700100526,2018년 4월 17일 20시,화요일,전라남도 순천시 조례동,경상사고,0,0,1,0,차대차 - 측면충돌,직진우회전진행방해,건조,맑음,교차로 - 교차로안,승용,남,34세,상해없음,승용,남,25세,경상
2018041700100562,2018년 4월 17일 21시,화요일,전라남도 여수시 미평동,경상사고,0,0,1,0,차대사람 - 기타,안전운전불이행,건조,맑음,교차로 - 교차로안,승용,남,58세,상해없음,보행자,남,19세,경상
2018041700100563,2018년 4월 17일 21시,화요일,전라남도 순천시 조례동,중상사고,0,1,0,0,차대차 - 측면충돌,안전운전불이행,건조,맑음,교차로 - 교차로안,승용,남,33세,상해없음,이륜,남,56세,중상
2018041700100564,2018년 4월 17일 21시,화요일,전라남도 순천시 승주읍,중상사고,0,1,0,0,차대차 - 추돌,안전운전불이행,건조,맑음,단일로 - 기타,승용,남,60세,상해없음,화물,남,35세,상해없음
2018041700100585,2018년 4월 17일 22시,화요일,전라남도 영암군 삼호읍,중상사고,0,1,0,0,차량단독 - 공작물충돌,안전운전불이행,건조,맑음,단일로 - 기타,승용,남,21세,중상,,,,
2018041700100605,2018년 4월 17일 23시,화요일,전라남도 광양시 중동,경상사고,0,0,1,0,차대차 - 정면충돌,중앙선침범,건조,맑음,단일로 - 기타,승용,여,50세,상해없음,승용,남,40세,경상
2018041700100606,2018년 4월 17일 23시,화요일,전라남도 순천시 승주읍,사망사고,1,0,0,0,차대차 - 추돌,안전운전불이행,건조,맑음,단일로 - 기타,화물,남,38세,사망,건설기계,남,48세,상해없음
2018041800100061,2018년 4월 18일 06시,수요일,전라남도 화순군 화순읍,경상사고,0,0,1,0,차대차 - 측면충돌,신호위반,건조,맑음,교차로 - 교차로안,승합,남,64세,상해없음,화물,남,63세,경상
2018041800100084,2018년 4월 18일 07시,수요일,전라남도 영광군 영광읍,경상사고,0,0,2,0,차대차 - 측면충돌,직진우회전진행방해,건조,맑음,교차로 - 교차로안,승용,여,63세,경상,화물,여,52세,경상
2018041800100085,2018년 4월 18일 07시,수요일,전라남도 구례군 구례읍,경상사고,0,0,1,0,차대차 - 측면충돌,안전운전불이행,건조,맑음,교차로 - 교차로안,화물,남,44세,상해없음,이륜,남,71세,경상
2018041800100171,2018년 4월 18일 09시,수요일,전라남도 광양시 광양읍,경상사고,0,0,1,0,차량단독 - 도로외이탈 - 기타,안전운전불이행,건조,맑음,기타 - 기타,건설기계,남,55세,경상,,,,
2018041800100172,2018년 4월 18일 09시,수요일,전라남도 광양시 봉강면,경상사고,0,0,1,0,차대차 - 후진중충돌,안전운전불이행,건조,맑음,교차로 - 교차로안,화물,남,55세,상해없음,승용,여,61세,경상
2018041800100203,2018년 4월 18일 10시,수요일,전라남도 보성군 미력면,경상사고,0,0,1,0,차량단독 - 전도전복 - 전도,안전운전불이행,건조,맑음,단일로 - 기타,이륜,남,62세,경상,미분류,미분류,미분류,미분류
2018041800100204,2018년 4월 18일 10시,수요일,전라남도 화순군 화순읍,중상사고,0,2,3,1,차대차 - 추돌,안전거리미확보,건조,맑음,단일로 - 기타,승용,남,43세,경상,승용,여,33세,중상
2018041800100230,2018년 4월 18일 11시,수요일,전라남도 여수시 소라면,경상사고,0,0,2,0,차대차 - 측면충돌,안전운전불이행,건조,맑음,단일로 - 기타,건설기계,남,61세,상해없음,승용,여,59세,경상
2018041800100252,2018년 4월 18일 12시,수요일,전라남도 목포시 해안동3가,경상사고,0,0,3,0,차대차 - 기타,안전운전불이행,건조,맑음,교차로 - 교차로부근,이륜,남,43세,경상,승용,남,51세,경상
2018041800100342,2018년 4월 18일 15시,수요일,전라남도 목포시 상동,경상사고,0,0,1,0,차대차 - 기타,교차로운행방법위반,건조,맑음,교차로 - 교차로안,승용,여,28세,상해없음,승용,남,56세,경상
2018041800100343,2018년 4월 18일 15시,수요일,전라남도 함평군 대동면,중상사고,0,1,1,1,차대차 - 추돌,안전운전불이행,건조,맑음,교차로 - 교차로부근,승용,남,63세,부상신고,건설기계,남,34세,경상
2018041800100381,2018년 4월 18일 16시,수요일,전라남도 목포시 용해동,경상사고,0,0,1,0,차대차 - 기타,안전운전불이행,건조,맑음,교차로 - 교차로안,이륜,남,83세,경상,승용,여,53세,상해없음
2018041800100382,2018년 4월 18일 16시,수요일,전라남도 목포시 호남동,경상사고,0,0,1,0,차대사람 - 길가장자리구역통행중,안전운전불이행,건조,맑음,교차로 - 교차로부근,기타불명,기타불명,미분류,기타불명,보행자,여,67세,경상
2018041800100383,2018년 4월 18일 16시,수요일,전라남도 나주시 동강면,중상사고,0,1,5,0,차대차 - 측면충돌,안전운전불이행,건조,맑음,단일로 - 기타,화물,남,62세,상해없음,승합,여,55세,경상
2018041800100384,2018년 4월 18일 16시,수요일,전라남도 나주시 이창동,중상사고,0,1,0,0,차대차 - 측면충돌,안전거리미확보,건조,맑음,단일로 - 기타,이륜,남,72세,중상,승용,남,58세,상해없음
2018041800100385,2018년 4월 18일 16시,수요일,전라남도 담양군 용면,중상사고,0,1,0,0,차대사람 - 기타,중앙선침범,건조,맑음,단일로 - 기타,승용,여,63세,상해없음,보행자,남,54세,중상
2018041800100386,2018년 4월 18일 16시,수요일,전라남도 광양시 광양읍,중상사고,0,1,0,0,차대차 - 측면충돌,기타,건조,맑음,단일로 - 기타,승용,여,41세,상해없음,자전거,남,74세,중상
2018041800100428,2018년 4월 18일 17시,수요일,전라남도 광양시 광양읍,경상사고,0,0,2,0,차대차 - 추돌,안전운전불이행,건조,맑음,교차로 - 교차로안,화물,남,45세,상해없음,승용,여,21세,경상
2018041800100533,2018년 4월 18일 20시,수요일,전라남도 목포시 석현동,경상사고,0,0,1,0,차대차 - 측면충돌,안전운전불이행,건조,맑음,단일로 - 기타,기타불명,기타불명,미분류,기타불명,승용,여,35세,경상
2018041800100534,2018년 4월 18일 20시,수요일,전라남도 순천시 조례동,경상사고,0,0,1,0,차대차 - 측면충돌,안전운전불이행,건조,맑음,교차로 - 교차로부근,승용,남,59세,상해없음,승용,남,50세,경상
2018041800100569,2018년 4월 18일 21시,수요일,전라남도 여수시 종화동,경상사고,0,0,1,0,차대차 - 측면충돌,안전운전불이행,건조,맑음,교차로 - 교차로부근,승용,남,56세,상해없음,승용,남,47세,경상
2018041800100601,2018년 4월 18일 22시,수요일,전라남도 여수시 광무동,경상사고,0,0,2,0,차대차 - 추돌,안전운전불이행,건조,맑음,단일로 - 기타,승용,남,24세,상해없음,승용,남,20세,경상
2018041900100014,2018년 4월 19일 00시,목요일,전라남도 목포시 산정동,경상사고,0,0,2,0,차대차 - 추돌,안전운전불이행,건조,맑음,교차로 - 교차로부근,승용,남,32세,상해없음,승용,남,35세,경상
2018041900100015,2018년 4월 19일 00시,목요일,전라남도 목포시 산정동,경상사고,0,0,1,0,차대차 - 기타,안전운전불이행,건조,맑음,단일로 - 기타,승용,남,46세,상해없음,승용,남,53세,경상
2018041900100041,2018년 4월 19일 02시,목요일,전라남도 영암군 삼호읍,중상사고,0,1,0,0,차량단독 - 공작물충돌,안전운전불이행,건조,맑음,단일로 - 기타,승용,여,48세,중상,,,,
2018041900100055,2018년 4월 19일 05시,목요일,전라남도 곡성군 죽곡면,중상사고,0,1,0,0,차대사람 - 횡단중,안전운전불이행,젖음/습기,안개,단일로 - 기타,화물,남,66세,상해없음,보행자,남,76세,중상
2018041900100068,2018년 4월 19일 06시,목요일,전라남도 고흥군 도덕면,중상사고,0,1,0,0,차대차 - 추돌,안전운전불이행,건조,맑음,단일로 - 기타,이륜,남,81세,중상,농기계,남,75세,상해없음
2018041900100087,2018년 4월 19일 07시,목요일,전라남도 영암군 삼호읍,중상사고,0,1,0,0,차대차 - 기타,안전운전불이행,건조,맑음,교차로 - 교차로안,승용,남,63세,상해없음,이륜,남,25세,중상