사고번호,사고일시,요일,시군구,사고내용,사망자수,중상자수,경상자수,부상신고자수,사고유형,법규위반,노면상태,기상상태,도로형태,가해운전자 차종,가해운전자 성별,가해운전자 연령,가해운전자 상해정도,피해운전자 차종,피해운전자 성별,피해운전자 연령,피해운전자 상해정도
2018041900100131,2018년 4월 19일 08시,목요일,전라남도 순천시 조례동,경상사고,0,0,1,0,차대차 - 추돌,안전운전불이행,건조,맑음,단일로 - 기타,승용,남,37세,상해없음,승용,여,38세,경상
2018041900100132,2018년 4월 19일 08시,목요일,전라남도 광양시 옥룡면,중상사고,0,1,0,0,차대차 - 측면충돌,안전운전불이행,건조,맑음,단일로 - 기타,승용,여,37세,상해없음,원동기,남,77세,중상
2018041900100180,2018년 4월 19일 10시,목요일,전라남도 나주시 공산면,경상사고,0,0,1,0,차대차 - 기타,직진우회전진행방해,건조,맑음,교차로 - 교차로안,사륜오토바이(ATV),남,78세,경상,승용,남,54세,상해없음
2018041900100181,2018년 4월 19일 10시,목요일,전라남도 장흥군 대덕읍,중상사고,0,1,0,0,차대사람 - 기타,안전운전불이행,건조,맑음,단일로 - 기타,화물,남,71세,상해없음,보행자,여,59세,중상
2018041900100236,2018년 4월 19일 12시,목요일,전라남도 화순군 도곡면,중상사고,0,1,0,0,차대차 - 측면충돌,중앙선침범,건조,맑음,단일로 - 기타,승용,남,71세,상해없음,이륜,남,83세,중상
2018041900100269,2018년 4월 19일 13시,목요일,전라남도 순천시 해룡면,경상사고,0,0,4,0,차대차 - 추돌,안전운전불이행,건조,맑음,단일로 - 기타,승용,여,55세,상해없음,승용,남,30세,경상
2018041900100270,2018년 4월 19일 13시,목요일,전라남도 보성군 조성면,부상신고사고,0,0,0,1,차대차 - 측면충돌,중앙선침범,건조,맑음,교차로 - 교차로부근,이륜,여,67세,부상신고,승합,남,31세,상해없음
2018041900100304,2018년 4월 19일 14시,목요일,전라남도 목포시 측후동,경상사고,0,0,1,0,차대사람 - 기타,안전운전불이행,건조,맑음,기타 - 기타,화물,남,28세,상해없음,보행자,남,49세,경상
2018041900100305,2018년 4월 19일 14시,목요일,전라남도 순천시 조례동,경상사고,0,0,1,0,차대차 - 추돌,안전거리미확보,건조,맑음,단일로 - 기타,승용,남,73세,상해없음,승용,남,55세,경상
2018041900100306,2018년 4월 19일 14시,목요일,전라남도 광양시 마동,경상사고,0,0,1,0,차대차 - 기타,안전거리미확보,건조,맑음,단일로 - 기타,건설기계,남,43세,상해없음,원동기,남,18세,경상
2018041900100385,2018년 4월 19일 16시,목요일,전라남도 강진군 강진읍,경상사고,0,0,3,0,차대차 - 측면충돌,직진우회전진행방해,건조,맑음,교차로 - 교차로안,승용,여,54세,경상,화물,남,52세,경상
2018041900100426,2018년 4월 19일 17시,목요일,전라남도 목포시 죽교동,중상사고,0,1,0,0,차대사람 - 차도통행중,안전운전불이행,건조,맑음,교차로 - 교차로안,승용,여,40세,상해없음,보행자,남,53세,중상
2018041900100427,2018년 4월 19일 17시,목요일,전라남도 나주시 과원동,경상사고,0,0,1,0,차대차 - 기타,중앙선침범,건조,맑음,교차로 - 교차로안,자전거,남,67세,경상,승용,남,66세,상해없음
2018041900100470,2018년 4월 19일 18시,목요일,전라남도 무안군 삼향읍,경상사고,0,0,1,0,차대사람 - 기타,안전운전불이행,건조,맑음,단일로 - 기타,승용,남,59세,상해없음,보행자,남,24세,경상
2018041900100511,2018년 4월 19일 19시,목요일,전라남도 고흥군 금산면,사망사고,1,0,0,0,차대사람 - 길가장자리구역통행중,안전운전불이행,건조,맑음,단일로 - 기타,승용,여,44세,상해없음,보행자,여,73세,사망
2018041900100590,2018년 4월 19일 22시,목요일,전라남도 순천시 동외동,중상사고,0,1,0,0,차대차 - 측면충돌,안전운전불이행,건조,맑음,교차로 - 교차로안,이륜,남,19세,중상,승용,여,55세,상해없음
2018041900100607,2018년 4월 19일 23시,목요일,전라남도 여수시 문수동,경상사고,0,0,1,0,차대차 - 추돌,안전운전불이행,건조,맑음,단일로 - 기타,승용,남,30세,상해없음,승용,남,40세,경상
2018042000100007,2018년 4월 20일 00시,금요일,전라남도 영암군 신북면,중상사고,0,1,1,0,차대차 - 추돌,안전운전불이행,건조,맑음,교차로 - 교차로부근,승용,남,56세,중상,화물,남,50세,경상
2018042000100113,2018년 4월 20일 08시,금요일,전라남도 목포시 용해동,경상사고,0,0,2,0,차대차 - 측면충돌,안전운전불이행,건조,맑음,단일로 - 기타,승용,남,65세,경상,승용,남,35세,경상
2018042000100114,2018년 4월 20일 08시,금요일,전라남도 여수시 문수동,중상사고,0,1,0,0,차대사람 - 차도통행중,안전운전불이행,건조,맑음,교차로 - 교차로부근,승용,여,40세,상해없음,보행자,여,55세,중상
2018042000100115,2018년 4월 20일 08시,금요일,전라남도 순천시 조례동,경상사고,0,0,1,0,차대차 - 측면충돌,안전운전불이행,건조,맑음,교차로 - 교차로안,승용,남,69세,상해없음,자전거,남,18세,경상
2018042000100174,2018년 4월 20일 10시,금요일,전라남도 신안군 압해읍,경상사고,0,0,1,0,차대차 - 기타,신호위반,건조,맑음,교차로 - 교차로안,화물,남,60세,상해없음,승용,남,37세,경상
2018042000100176,2018년 4월 20일 10시,금요일,전라남도 영광군 백수읍,중상사고,0,1,0,0,차대사람 - 길가장자리구역통행중,안전운전불이행,건조,맑음,단일로 - 기타,승합,남,47세,상해없음,보행자,남,53세,중상
2018042000100214,2018년 4월 20일 11시,금요일,전라남도 목포시 상동,경상사고,0,0,1,0,차대차 - 측면충돌,안전운전불이행,건조,맑음,단일로 - 기타,승용,남,55세,경상,승용,남,36세,기타불명
2018042000100215,2018년 4월 20일 11시,금요일,전라남도 완도군 완도읍,중상사고,0,1,1,0,차대차 - 측면충돌,안전운전불이행,건조,맑음,교차로 - 교차로안,승용,여,47세,경상,화물,남,49세,상해없음
2018042000100241,2018년 4월 20일 12시,금요일,전라남도 여수시 공화동,중상사고,0,2,0,0,차대차 - 측면충돌,교차로운행방법위반,건조,맑음,교차로 - 교차로안,이륜,남,66세,중상,승용,여,62세,상해없음
2018042000100242,2018년 4월 20일 12시,금요일,전라남도 나주시 반남면,중상사고,0,1,0,0,차대차 - 정면충돌,안전운전불이행,건조,맑음,단일로 - 기타,승합,여,55세,중상,승합,남,48세,상해없음
2018042000100243,2018년 4월 20일 12시,금요일,전라남도 보성군 보성읍,경상사고,0,0,1,0,차대사람 - 보도통행중,보행자보호의무위반,건조,맑음,교차로 - 교차로횡단보도내,화물,남,25세,상해없음,보행자,남,7세,경상
2018042000100276,2018년 4월 20일 13시,금요일,전라남도 목포시 산정동,경상사고,0,0,1,0,차대사람 - 횡단중,보행자보호의무위반,건조,맑음,교차로 - 교차로횡단보도내,승용,남,63세,상해없음,보행자,여,60세,경상
2018042000100277,2018년 4월 20일 13시,금요일,전라남도 담양군 가사문학면,경상사고,0,0,2,0,차대차 - 추돌,안전거리미확보,건조,맑음,단일로 - 기타,이륜,여,41세,경상,승용,남,70세,상해없음
2018042000100305,2018년 4월 20일 14시,금요일,전라남도 여수시 소라면,중상사고,0,1,0,0,차대차 - 측면충돌,차로위반,건조,맑음,단일로 - 기타,원동기,남,73세,중상,승용,남,34세,상해없음
2018042000100306,2018년 4월 20일 14시,금요일,전라남도 순천시 조례동,경상사고,0,0,3,0,차대차 - 추돌,안전거리미확보,건조,맑음,교차로 - 교차로부근,승용,여,49세,상해없음,승용,여,40세,경상
2018042000100334,2018년 4월 20일 15시,금요일,전라남도 여수시 중앙동,경상사고,0,0,3,0,차대차 - 측면충돌,교차로운행방법위반,건조,맑음,교차로 - 교차로안,승용,여,35세,경상,승용,남,35세,경상
2018042000100335,2018년 4월 20일 15시,금요일,전라남도 순천시 연향동,경상사고,0,0,1,0,차대차 - 측면충돌,안전운전불이행,건조,맑음,단일로 - 기타,승용,남,48세,상해없음,화물,여,50세,경상
2018042000100336,2018년 4월 20일 15시,금요일,전라남도 구례군 산동면,사망사고,1,0,0,0,차량단독 - 전도전복 - 전복,안전운전불이행,건조,맑음,기타 - 기타,이륜,남,21세,사망,미분류,미분류,미분류,미분류
2018042000100439,2018년 4월 20일 17시,금요일,전라남도 목포시 용해동,경상사고,0,0,2,0,차대차 - 추돌,안전거리미확보,건조,맑음,단일로 - 기타,승용,남,74세,상해없음,승용,여,46세,경상
2018042000100440,2018년 4월 20일 17시,금요일,전라남도 신안군 지도읍,경상사고,0,0,1,0,차대차 - 측면충돌,직진우회전진행방해,건조,맑음,교차로 - 교차로안,사륜오토바이(ATV),여,65세,경상,승합,남,52세,상해없음
2018042000100441,2018년 4월 20일 17시,금요일,전라남도 순천시 풍덕동,경상사고,0,0,2,0,차대차 - 기타,안전운전불이행,건조,맑음,단일로 - 기타,건설기계,남,55세,상해없음,승용,남,41세,경상
2018042000100442,2018년 4월 20일 17시,금요일,전라남도 화순군 화순읍,부상신고사고,0,0,0,1,차대사람 - 횡단중,안전운전불이행,건조,맑음,교차로 - 교차로안,승용,남,37세,상해없음,보행자,남,22세,부상신고
2018042000100443,2018년 4월 20일 17시,금요일,전라남도 담양군 담양읍,중상사고,0,1,0,0,차량단독 - 공작물충돌,안전운전불이행,건조,맑음,단일로 - 기타,원동기,남,52세,중상,,,,
2018042000100495,2018년 4월 20일 18시,금요일,전라남도 광양시 중동,경상사고,0,0,1,0,차대차 - 기타,교차로운행방법위반,건조,맑음,교차로 - 교차로횡단보도내,승용,여,49세,상해없음,자전거,남,38세,경상
2018042000100538,2018년 4월 20일 19시,금요일,전라남도 함평군 월야면,경상사고,0,0,1,0,차대차 - 추돌,안전거리미확보,건조,맑음,단일로 - 기타,승용,남,28세,상해없음,승용,여,52세,경상
2018042000100539,2018년 4월 20일 19시,금요일,전라남도 진도군 진도읍,경상사고,0,0,1,0,차대차 - 측면충돌,안전거리미확보,건조,맑음,단일로 - 기타,화물,남,37세,기타불명,승용,여,49세,경상
2018042000100580,2018년 4월 20일 20시,금요일,전라남도 화순군 이양면,중상사고,0,1,0,0,차대차 - 기타,안전운전불이행,건조,맑음,단일로 - 기타,화물,남,59세,중상,승용,여,27세,상해없음
2018042000100581,2018년 4월 20일 20시,금요일,전라남도 광양시 중동,중상사고,0,1,0,0,차대차 - 측면충돌,신호위반,건조,맑음,교차로 - 교차로안,승용,여,52세,상해없음,이륜,남,23세,중상
2018042000100582,2018년 4월 20일 20시,금요일,전라남도 광양시 광양읍,중상사고,0,1,0,0,차대차 - 기타,안전운전불이행,건조,맑음,교차로 - 교차로안,화물,남,38세,상해없음,이륜,남,68세,중상
2018042000100674,2018년 4월 20일 23시,금요일,전라남도 광양시 광영동,경상사고,0,0,1,0,차대차 - 추돌,안전운전불이행,건조,맑음,단일로 - 기타,승용,남,51세,상해없음,승용,남,25세,경상
2018042100100017,2018년 4월 21일 00시,토요일,전라남도 무안군 삼향읍,중상사고,0,4,0,0,차량단독 - 공작물충돌,안전운전불이행,건조,맑음,단일로 - 기타,승용,남,18세,상해없음,,,,
2018042100100094,2018년 4월 21일 05시,토요일,전라남도 강진군 강진읍,중상사고,0,1,0,0,차대차 - 측면충돌,교차로운행방법위반,건조,맑음,교차로 - 교차로안,승용,남,49세,상해없음,승용,여,63세,중상
2018042100100136,2018년 4월 21일 08시,토요일,전라남도 나주시 봉황면,경상사고,0,0,2,0,차대차 - 측면충돌,직진우회전진행방해,건조,맑음,교차로 - 교차로안,승용,여,40세,상해없음,승용,여,55세,경상
2018042100100137,2018년 4월 21일 08시,토요일,전라남도 해남군 해남읍,중상사고,0,1,0,0,차대사람 - 기타,안전운전불이행,건조,맑음,교차로 - 교차로안,화물,남,58세,상해없음,보행자,여,64세,중상
2018042100100138,2018년 4월 21일 08시,토요일,전라남도 화순군 화순읍,경상사고,0,0,1,0,차대차 - 측면충돌,안전운전불이행,건조,맑음,단일로 - 기타,기타불명,기타불명,미분류,기타불명,이륜,남,49세,경상
2018042100100165,2018년 4월 21일 09시,토요일,전라남도 완도군 약산면,경상사고,0,0,1,0,차대차 - 측면충돌,안전운전불이행,건조,맑음,교차로 - 교차로안,화물,남,38세,상해없음,화물,남,58세,경상
2018042100100191,2018년 4월 21일 10시,토요일,전라남도 나주시 왕곡면,경상사고,0,0,5,0,차대차 - 추돌,안전거리미확보,건조,맑음,단일로 - 기타,화물,남,62세,상해없음,화물,남,64세,경상
2018042100100192,2018년 4월 21일 10시,토요일,전라남도 나주시 왕곡면,경상사고,0,0,2,0,차대차 - 추돌,안전거리미확보,건조,맑음,단일로 - 기타,화물,남,36세,상해없음,승용,여,55세,경상
2018042100100193,2018년 4월 21일 10시,토요일,전라남도 강진군 성전면,경상사고,0,0,4,0,차대차 - 기타,안전운전불이행,건조,맑음,단일로 - 기타,승용,남,25세,상해없음,승용,남,61세,경상
2018042100100271,2018년 4월 21일 12시,토요일,전라남도 순천시 조례동,경상사고,0,0,2,0,차대차 - 측면충돌,직진우회전진행방해,건조,맑음,교차로 - 교차로안,승용,여,29세,상해없음,승용,남,37세,경상
2018042100100302,2018년 4월 21일 13시,토요일,전라남도 곡성군 곡성읍,경상사고,0,0,1,0,차대차 - 측면충돌,안전운전불이행,건조,맑음,교차로 - 교차로안,승용,여,65세,상해없음,이륜,남,85세,경상
2018042100100377,2018년 4월 21일 15시,토요일,전라남도 목포시 상동,중상사고,0,1,0,1,차대차 - 기타,안전운전불이행,건조,맑음,단일로 - 기타,승용,여,66세,부상신고,승용,여,37세,중상
2018042100100378,2018년 4월 21일 15시,토요일,전라남도 보성군 웅치면,경상사고,0,0,1,0,차량단독 - 전도전복 - 전도,안전운전불이행,건조,맑음,기타 - 기타,화물,남,60세,경상,미분류,미분류,미분류,미분류
2018042100100379,2018년 4월 21일 15시,토요일,전라남도 장성군 서삼면,경상사고,0,0,1,0,차대차 - 측면충돌,안전운전불이행,건조,맑음,교차로 - 교차로부근,기타불명,기타불명,미분류,기타불명,승용,여,49세,경상
2018042100100425,2018년 4월 21일 16시,토요일,전라남도 목포시 옥암동,경상사고,0,0,1,0,차대차 - 측면충돌,안전운전불이행,건조,맑음,교차로 - 교차로안,승용,남,41세,상해없음,승용,남,35세,경상
2018042100100426,2018년 4월 21일 16시,토요일,전라남도 영암군 신북면,중상사고,0,1,2,0,차대차 - 추돌,안전거리미확보,건조,맑음,교차로 - 교차로부근,승용,여,50세,상해없음,승용,여,63세,중상
2018042100100477,2018년 4월 21일 17시,토요일,전라남도 순천시 연향동,경상사고,0,0,2,0,차대차 - 측면충돌,교차로운행방법위반,건조,맑음,교차로 - 교차로안,승합,남,49세,상해없음,승용,여,34세,경상
2018042100100478,2018년 4월 21일 17시,토요일,전라남도 나주시 토계동,중상사고,0,2,2,0,차대차 - 측면충돌,안전운전불이행,건조,맑음,교차로 - 교차로안,승용,남,23세,경상,승용,남,53세,중상
2018042100100479,2018년 4월 21일 17시,토요일,전라남도 보성군 득량면,경상사고,0,0,1,0,차량단독 - 전도전복 - 전도,안전운전불이행,건조,맑음,단일로 - 기타,원동기,남,61세,경상,미분류,미분류,미분류,미분류
2018042100100480,2018년 4월 21일 17시,토요일,전라남도 함평군 함평읍,경상사고,0,0,1,0,차대차 - 측면충돌,교차로운행방법위반,건조,맑음,교차로 - 교차로안,승합,남,76세,상해없음,승용,여,44세,경상
2018042100100481,2018년 4월 21일 17시,토요일,전라남도 담양군 담양읍,경상사고,0,0,3,0,차대차 - 측면충돌,교차로운행방법위반,건조,맑음,교차로 - 교차로부근,승용,남,25세,상해없음,승용,여,29세,경상
2018042100100534,2018년 4월 21일 18시,토요일,전라남도 순천시 서면,중상사고,0,1,3,0,차대차 - 측면충돌,안전운전불이행,건조,맑음,단일로 - 교량,승용,여,53세,경상,화물,남,25세,상해없음
2018042100100574,2018년 4월 21일 19시,토요일,전라남도 여수시 안산동,경상사고,0,0,3,0,차대차 - 후진중충돌,안전운전불이행,건조,맑음,단일로 - 기타,화물,남,71세,상해없음,승용,여,46세,경상
2018042100100608,2018년 4월 21일 20시,토요일,전라남도 여수시 봉산동,경상사고,0,0,1,0,차대사람 - 차도통행중,안전운전불이행,건조,맑음,교차로 - 교차로안,승용,남,52세,상해없음,보행자,남,38세,경상
2018042100100609,2018년 4월 21일 20시,토요일,전라남도 함평군 함평읍,경상사고,0,0,1,0,차대사람 - 기타,안전운전불이행,건조,맑음,단일로 - 기타,승용,남,20세,상해없음,보행자,남,42세,경상
2018042100100680,2018년 4월 21일 22시,토요일,전라남도 여수시 봉산동,중상사고,0,1,3,0,차대차 - 측면충돌,교차로운행방법위반,건조,맑음,교차로 - 교차로부근,승용,남,56세,상해없음,승용,남,48세,중상
2018042100100681,2018년 4월 21일 22시,토요일,전라남도 나주시 이창동,경상사고,0,0,2,0,차대차 - 기타,안전운전불이행,건조,맑음,교차로 - 교차로부근,승용,남,51세,상해없음,승용,남,27세,상해없음
2018042100100706,2018년 4월 21일 23시,토요일,전라남도 여수시 여천동,경상사고,0,0,1,0,차대차 - 측면충돌,신호위반,건조,맑음,교차로 - 교차로안,승용,남,34세,상해없음,승용,남,66세,경상
2018042200100007,2018년 4월 22일 00시,일요일,전라남도 완도군 고금면,중상사고,0,2,0,0,차량단독 - 도로외이탈 - 기타,안전운전불이행,건조,맑음,기타 - 기타,화물,남,18세,상해없음,,,,
2018042200100022,2018년 4월 22일 01시,일요일,전라남도 순천시 조곡동,경상사고,0,0,1,0,차대차 - 추돌,안전거리미확보,건조,맑음,단일로 - 기타,승용,남,26세,상해없음,승용,남,64세,경상
2018042200100036,2018년 4월 22일 02시,일요일,전라남도 목포시 상동,경상사고,0,0,2,0,차대차 - 기타,안전운전불이행,젖음/습기,비,단일로 - 기타,승용,남,33세,경상,화물,남,45세,경상
2018042200100072,2018년 4월 22일 06시,일요일,전라남도 순천시 연향동,경상사고,0,0,1,0,차대차 - 추돌,안전운전불이행,건조,맑음,교차로 - 교차로부근,승용,남,25세,상해없음,승용,남,63세,상해없음
2018042200100078,2018년 4월 22일 07시,일요일,전라남도 목포시 용해동,경상사고,0,0,1,0,차대차 - 측면충돌,안전운전불이행,건조,맑음,단일로 - 기타,승용,여,29세,상해없음,승용,남,54세,경상
2018042200100079,2018년 4월 22일 07시,일요일,전라남도 광양시 중동,경상사고,0,0,2,0,차대차 - 측면충돌,교차로운행방법위반,젖음/습기,비,교차로 - 교차로안,화물,남,36세,경상,승용,여,46세,경상
2018042200100091,2018년 4월 22일 08시,일요일,전라남도 해남군 현산면,경상사고,0,0,1,0,차대사람 - 차도통행중,안전운전불이행,건조,맑음,교차로 - 교차로안,화물,남,74세,상해없음,보행자,여,58세,경상
2018042200100092,2018년 4월 22일 08시,일요일,전라남도 장성군 장성읍,중상사고,0,2,0,0,차대차 - 정면충돌,안전운전불이행,젖음/습기,비,단일로 - 기타,화물,남,51세,상해없음,승용,남,54세,중상
2018042200100106,2018년 4월 22일 09시,일요일,전라남도 순천시 조례동,경상사고,0,0,1,0,차대차 - 측면충돌,안전운전불이행,건조,맑음,교차로 - 교차로안,승용,여,53세,기타불명,자전거,남,13세,경상
2018042200100122,2018년 4월 22일 10시,일요일,전라남도 신안군 지도읍,경상사고,0,0,1,0,차대차 - 측면충돌,안전운전불이행,건조,맑음,단일로 - 기타,승용,남,58세,상해없음,승용,남,28세,경상
2018042200100177,2018년 4월 22일 12시,일요일,전라남도 장성군 서삼면,중상사고,0,2,0,0,차량단독 - 기타,안전운전불이행,건조,흐림,단일로 - 기타,화물,남,21세,중상,,,,
2018042200100178,2018년 4월 22일 12시,일요일,전라남도 장성군 서삼면,중상사고,0,2,0,0,차량단독 - 기타,안전운전불이행,건조,맑음,단일로 - 기타,화물,남,21세,중상,,,,
2018042200100233,2018년 4월 22일 14시,일요일,전라남도 보성군 벌교읍,경상사고,0,0,2,0,차대차 - 추돌,안전거리미확보,젖음/습기,비,단일로 - 기타,승용,여,45세,상해없음,승용,여,52세,경상
2018042200100276,2018년 4월 22일 16시,일요일,전라남도 순천시 풍덕동,경상사고,0,0,2,0,차대차 - 추돌,안전거리미확보,건조,맑음,단일로 - 기타,승용,남,54세,상해없음,승용,여,33세,경상
2018042200100299,2018년 4월 22일 17시,일요일,전라남도 여수시 신기동,경상사고,0,0,3,0,차대차 - 추돌,안전운전불이행,건조,맑음,교차로 - 교차로부근,화물,남,27세,상해없음,승용,남,46세,경상
2018042200100300,2018년 4월 22일 17시,일요일,전라남도 여수시 돌산읍,중상사고,0,1,0,0,차대사람 - 차도통행중,안전운전불이행,건조,흐림,단일로 - 기타,승용,남,60세,상해없음,보행자,남,60세,중상
2018042200100301,2018년 4월 22일 17시,일요일,전라남도 순천시 교량동,중상사고,0,1,0,0,차대사람 - 차도통행중,안전운전불이행,건조,맑음,단일로 - 기타,승용,여,51세,상해없음,보행자,남,49세,중상
2018042200100302,2018년 4월 22일 17시,일요일,전라남도 순천시 연향동,경상사고,0,0,1,0,차대차 - 기타,안전운전불이행,건조,맑음,단일로 - 기타,승용,남,42세,상해없음,기타불명,남,54세,경상
2018042200100303,2018년 4월 22일 17시,일요일,전라남도 광양시 광양읍,부상신고사고,0,0,0,1,차대차 - 측면충돌,교차로운행방법위반,건조,맑음,교차로 - 교차로안,승용,남,46세,부상신고,승용,남,64세,상해없음
2018042200100335,2018년 4월 22일 18시,일요일,전라남도 나주시 왕곡면,중상사고,0,1,0,0,차대차 - 측면충돌,기타,건조,맑음,교차로 - 교차로안,승용,남,29세,상해없음,농기계,남,46세,중상
2018042200100404,2018년 4월 22일 20시,일요일,전라남도 강진군 강진읍,경상사고,0,0,3,0,차대차 - 기타,안전거리미확보,젖음/습기,비,단일로 - 기타,승용,남,64세,경상,화물,남,61세,상해없음
2018042200100436,2018년 4월 22일 21시,일요일,전라남도 장흥군 관산읍,경상사고,0,0,3,0,차대차 - 추돌,안전운전불이행,젖음/습기,비,단일로 - 기타,화물,남,31세,상해없음,승용,남,40세,경상
2018042200100464,2018년 4월 22일 22시,일요일,전라남도 목포시 상동,경상사고,0,0,1,0,차대차 - 추돌,안전운전불이행,젖음/습기,맑음,단일로 - 기타,승용,남,57세,상해없음,승용,여,26세,경상
2018042200100465,2018년 4월 22일 22시,일요일,전라남도 영광군 영광읍,경상사고,0,0,2,0,차대차 - 측면충돌,기타,젖음/습기,비,교차로 - 교차로안,승용,남,34세,상해없음,승용,남,44세,경상
2018042200100466,2018년 4월 22일 22시,일요일,전라남도 진도군 진도읍,경상사고,0,0,1,0,차대차 - 추돌,안전운전불이행,젖음/습기,비,교차로 - 교차로안,화물,남,45세,상해없음,승용,남,40세,경상
2018042300100019,2018년 4월 23일 01시,월요일,전라남도 목포시 상동,경상사고,0,0,1,0,차대차 - 기타,교차로운행방법위반,건조,맑음,교차로 - 교차로안,승용,남,24세,상해없음,승용,남,37세,경상
2018042300100039,2018년 4월 23일 04시,월요일,전라남도 순천시 해룡면,경상사고,0,0,1,0,차량단독 - 공작물충돌,안전운전불이행,젖음/습기,비,단일로 - 기타,화물,남,58세,경상,,,,
2018042300100040,2018년 4월 23일 04시,월요일,전라남도 광양시 광영동,경상사고,0,0,1,0,차대차 - 추돌,안전운전불이행,건조,맑음,단일로 - 기타,승용,여,41세,상해없음,승용,여,63세,기타불명
2018042300100087,2018년 4월 23일 07시,월요일,전라남도 목포시 대성동,경상사고,0,0,1,0,차대사람 - 기타,안전운전불이행,젖음/습기,비,단일로 - 기타,승용,남,49세,상해없음,보행자,여,14세,경상
2018042300100123,2018년 4월 23일 08시,월요일,전라남도 장성군 진원면,경상사고,0,0,2,0,차대차 - 기타,교차로운행방법위반,젖음/습기,비,교차로 - 교차로안,승용,여,30세,경상,승용,여,52세,경상
2018042300100124,2018년 4월 23일 08시,월요일,전라남도 광양시 광양읍,부상신고사고,0,0,0,1,차대차 - 기타,안전운전불이행,젖음/습기,비,교차로 - 교차로안,승용,여,41세,부상신고,승용,남,65세,상해없음
2018042300100172,2018년 4월 23일 09시,월요일,전라남도 순천시 조례동,중상사고,0,1,0,0,차대사람 - 기타,보행자보호의무위반,젖음/습기,비,교차로 - 교차로횡단보도내,승용,남,71세,상해없음,보행자,여,76세,중상
2018042300100228,2018년 4월 23일 11시,월요일,전라남도 목포시 산정동,경상사고,0,0,1,0,차대사람 - 기타,안전운전불이행,건조,흐림,기타 - 기타,승용,남,70세,상해없음,보행자,여,31세,경상
2018042300100229,2018년 4월 23일 11시,월요일,전라남도 화순군 이서면,중상사고,0,1,0,0,차대사람 - 기타,안전운전불이행,젖음/습기,비,단일로 - 기타,화물,여,71세,상해없음,보행자,여,77세,중상
2018042300100249,2018년 4월 23일 12시,월요일,전라남도 목포시 연산동,경상사고,0,0,1,0,차대차 - 측면충돌,안전운전불이행,젖음/습기,비,단일로 - 기타,승용,남,59세,상해없음,승용,남,52세,경상
2018042300100250,2018년 4월 23일 12시,월요일,전라남도 목포시 상동,경상사고,0,0,1,0,차대차 - 추돌,안전운전불이행,젖음/습기,비,교차로 - 교차로부근,승용,남,54세,상해없음,승용,여,49세,경상
2018042300100251,2018년 4월 23일 12시,월요일,전라남도 목포시 옥암동,경상사고,0,0,2,0,차대차 - 측면충돌,신호위반,젖음/습기,비,교차로 - 교차로안,승용,남,59세,상해없음,승용,남,64세,경상
2018042300100252,2018년 4월 23일 12시,월요일,전라남도 영암군 신북면,중상사고,0,1,2,0,차대차 - 측면충돌,안전운전불이행,건조,맑음,교차로 - 교차로부근,승용,남,47세,중상,승용,남,22세,경상
2018042300100278,2018년 4월 23일 13시,월요일,전라남도 목포시 대양동,경상사고,0,0,1,0,차대차 - 후진중충돌,안전운전불이행,젖음/습기,비,기타 - 기타,승용,남,45세,상해없음,승용,남,23세,경상
2018042300100279,2018년 4월 23일 13시,월요일,전라남도 여수시 봉강동,경상사고,0,0,1,0,차대차 - 추돌,안전운전불이행,젖음/습기,비,단일로 - 기타,화물,남,41세,상해없음,승용,여,63세,경상
2018042300100280,2018년 4월 23일 13시,월요일,전라남도 장흥군 장흥읍,경상사고,0,0,2,0,차대차 - 측면충돌,교차로운행방법위반,젖음/습기,흐림,교차로 - 교차로안,승용,여,61세,경상,화물,남,33세,경상
2018042300100281,2018년 4월 23일 13시,월요일,전라남도 무안군 청계면,경상사고,0,0,1,0,차대차 - 측면충돌,신호위반,건조,맑음,교차로 - 교차로안,승용,남,73세,상해없음,승용,남,39세,경상
2018042300100314,2018년 4월 23일 14시,월요일,전라남도 고흥군 점암면,경상사고,0,0,2,0,차대차 - 기타,안전운전불이행,젖음/습기,비,교차로 - 교차로안,승용,남,75세,상해없음,승용,여,54세,경상
2018042300100360,2018년 4월 23일 16시,월요일,전라남도 광양시 마동,경상사고,0,0,2,0,차대차 - 측면충돌,교차로운행방법위반,젖음/습기,비,교차로 - 교차로안,승용,남,38세,경상,승용,남,47세,경상
2018042300100395,2018년 4월 23일 17시,월요일,전라남도 담양군 담양읍,경상사고,0,0,1,0,차대차 - 기타,안전운전불이행,건조,맑음,단일로 - 기타,기타불명,기타불명,미분류,기타불명,자전거,여,57세,경상
2018042300100431,2018년 4월 23일 18시,월요일,전라남도 순천시 가곡동,경상사고,0,0,1,0,차대차 - 측면충돌,안전운전불이행,젖음/습기,비,교차로 - 교차로안,승용,남,61세,상해없음,승용,여,68세,경상
2018042300100467,2018년 4월 23일 19시,월요일,전라남도 화순군 도곡면,경상사고,0,0,1,0,차대차 - 추돌,안전운전불이행,건조,맑음,교차로 - 교차로부근,승용,여,51세,상해없음,승용,남,55세,경상
2018042300100519,2018년 4월 23일 20시,월요일,전라남도 여수시 안산동,중상사고,0,1,0,0,차대차 - 측면충돌,안전운전불이행,젖음/습기,비,단일로 - 기타,승용,남,49세,상해없음,이륜,남,21세,중상