사고번호,사고일시,요일,시군구,사고내용,사망자수,중상자수,경상자수,부상신고자수,사고유형,법규위반,노면상태,기상상태,도로형태,가해운전자 차종,가해운전자 성별,가해운전자 연령,가해운전자 상해정도,피해운전자 차종,피해운전자 성별,피해운전자 연령,피해운전자 상해정도
2018042300100557,2018년 4월 23일 21시,월요일,전라남도 여수시 교동,경상사고,0,0,1,0,차대사람 - 횡단중,신호위반,젖음/습기,비,단일로 - 기타,이륜,남,20세,상해없음,보행자,남,16세,경상
2018042300100558,2018년 4월 23일 21시,월요일,전라남도 나주시 대호동,경상사고,0,0,1,0,차대차 - 측면충돌,안전운전불이행,건조,흐림,교차로 - 교차로안,승용,남,26세,상해없음,이륜,남,16세,경상
2018042300100559,2018년 4월 23일 21시,월요일,전라남도 담양군 담양읍,경상사고,0,0,1,0,차대차 - 추돌,안전운전불이행,젖음/습기,비,단일로 - 기타,승용,남,41세,상해없음,승용,남,24세,상해없음
2018042300100589,2018년 4월 23일 22시,월요일,전라남도 여수시 신기동,부상신고사고,0,0,0,1,차대차 - 기타,안전운전불이행,젖음/습기,비,교차로 - 교차로부근,화물,여,56세,상해없음,이륜,남,50세,부상신고
2018042300100626,2018년 4월 23일 23시,월요일,전라남도 여수시 봉계동,중상사고,0,1,2,0,차대차 - 측면충돌,신호위반,젖음/습기,비,교차로 - 교차로안,이륜,남,40세,중상,승용,남,45세,경상
2018042400100035,2018년 4월 24일 02시,화요일,전라남도 여수시 웅천동,중상사고,0,2,0,0,차량단독 - 공작물충돌,안전운전불이행,젖음/습기,비,교차로 - 교차로부근,승용,남,30세,중상,,,,
2018042400100043,2018년 4월 24일 03시,화요일,전라남도 강진군 작천면,사망사고,1,0,0,0,차대사람 - 횡단중,안전운전불이행,젖음/습기,비,단일로 - 기타,화물,남,69세,상해없음,보행자,여,75세,사망
2018042400100087,2018년 4월 24일 07시,화요일,전라남도 완도군 완도읍,중상사고,0,1,0,0,차대차 - 측면충돌,안전운전불이행,건조,맑음,교차로 - 교차로안,승용,남,55세,상해없음,이륜,남,60세,중상
2018042400100124,2018년 4월 24일 08시,화요일,전라남도 순천시 덕암동,경상사고,0,0,1,0,차대사람 - 기타,안전운전불이행,건조,맑음,단일로 - 기타,승용,여,43세,상해없음,보행자,여,53세,경상
2018042400100161,2018년 4월 24일 09시,화요일,전라남도 영암군 신북면,경상사고,0,0,1,0,차대차 - 추돌,안전운전불이행,건조,맑음,교차로 - 교차로부근,승용,남,60세,상해없음,승용,여,44세,경상
2018042400100162,2018년 4월 24일 09시,화요일,전라남도 곡성군 옥과면,중상사고,0,1,0,0,차대사람 - 기타,안전운전불이행,젖음/습기,비,교차로 - 교차로안,승용,여,43세,상해없음,보행자,남,79세,중상
2018042400100199,2018년 4월 24일 10시,화요일,전라남도 목포시 죽교동,경상사고,0,0,3,0,차대차 - 기타,교차로운행방법위반,기타,기타,교차로 - 교차로부근,화물,남,65세,상해없음,승합,남,57세,경상
2018042400100200,2018년 4월 24일 10시,화요일,전라남도 순천시 용당동,경상사고,0,0,1,0,차대차 - 추돌,안전운전불이행,건조,맑음,교차로 - 교차로부근,승용,남,67세,상해없음,승용,여,42세,경상
2018042400100201,2018년 4월 24일 10시,화요일,전라남도 보성군 회천면,경상사고,0,0,1,0,차대차 - 측면충돌,직진우회전진행방해,건조,맑음,교차로 - 교차로부근,승용,남,64세,상해없음,승용,남,36세,상해없음
2018042400100228,2018년 4월 24일 11시,화요일,전라남도 진도군 진도읍,경상사고,0,0,1,0,차대차 - 측면충돌,교차로운행방법위반,젖음/습기,맑음,교차로 - 교차로안,승용,여,55세,경상,건설기계,남,55세,상해없음
2018042400100250,2018년 4월 24일 12시,화요일,전라남도 목포시 산정동,경상사고,0,0,1,0,차대차 - 기타,신호위반,건조,흐림,교차로 - 교차로부근,자전거,남,80세,경상,승용,여,53세,상해없음
2018042400100251,2018년 4월 24일 12시,화요일,전라남도 순천시 덕월동,중상사고,0,3,1,0,차대차 - 측면충돌,불법유턴,젖음/습기,비,단일로 - 기타,화물,남,52세,상해없음,승용,남,69세,중상
2018042400100252,2018년 4월 24일 12시,화요일,전라남도 화순군 화순읍,경상사고,0,0,2,0,차대차 - 추돌,안전거리미확보,젖음/습기,비,단일로 - 기타,승용,남,49세,상해없음,승용,여,50세,경상
2018042400100253,2018년 4월 24일 12시,화요일,전라남도 영암군 덕진면,중상사고,0,1,0,0,차대차 - 기타,안전운전불이행,젖음/습기,흐림,단일로 - 기타,승용,여,68세,상해없음,이륜,여,67세,중상
2018042400100316,2018년 4월 24일 14시,화요일,전라남도 순천시 송광면,경상사고,0,0,1,0,차대차 - 정면충돌,중앙선침범,젖음/습기,비,단일로 - 기타,승용,남,44세,상해없음,승용,남,48세,경상
2018042400100317,2018년 4월 24일 14시,화요일,전라남도 나주시 과원동,경상사고,0,0,1,0,차대차 - 기타,교차로운행방법위반,건조,맑음,교차로 - 교차로안,승용,여,60세,상해없음,자전거,여,73세,경상
2018042400100318,2018년 4월 24일 14시,화요일,전라남도 해남군 해남읍,중상사고,0,1,2,0,차대차 - 측면충돌,과속,젖음/습기,비,교차로 - 교차로안,승용,남,56세,상해없음,승용,여,45세,경상
2018042400100357,2018년 4월 24일 15시,화요일,전라남도 목포시 옥암동,경상사고,0,0,1,0,차대차 - 측면충돌,안전운전불이행,젖음/습기,비,단일로 - 기타,화물,남,40세,상해없음,승용,여,42세,경상
2018042400100358,2018년 4월 24일 15시,화요일,전라남도 여수시 화장동,중상사고,0,1,0,0,차대사람 - 기타,안전운전불이행,건조,맑음,교차로 - 교차로안,승용,남,48세,상해없음,보행자,여,90세 이상,중상
2018042400100359,2018년 4월 24일 15시,화요일,전라남도 함평군 학교면,경상사고,0,0,1,0,차대사람 - 횡단중,안전운전불이행,젖음/습기,비,교차로 - 교차로안,승용,남,38세,상해없음,보행자,남,46세,경상
2018042400100407,2018년 4월 24일 16시,화요일,전라남도 영암군 삼호읍,경상사고,0,0,1,0,차대차 - 추돌,안전운전불이행,건조,맑음,단일로 - 기타,화물,남,61세,상해없음,승용,여,50세,경상
2018042400100437,2018년 4월 24일 17시,화요일,전라남도 순천시 조례동,경상사고,0,0,1,0,차대차 - 추돌,안전거리미확보,건조,맑음,교차로 - 교차로부근,화물,남,64세,상해없음,승용,여,54세,경상
2018042400100476,2018년 4월 24일 18시,화요일,전라남도 여수시 둔덕동,중상사고,0,1,0,0,차대차 - 측면충돌,안전운전불이행,건조,맑음,교차로 - 교차로안,원동기,남,20세,중상,화물,남,72세,상해없음
2018042400100508,2018년 4월 24일 19시,화요일,전라남도 나주시 공산면,중상사고,0,1,0,0,차량단독 - 기타,안전운전불이행,젖음/습기,비,단일로 - 기타,화물,남,69세,중상,,,,
2018042400100509,2018년 4월 24일 19시,화요일,전라남도 강진군 마량면,경상사고,0,0,2,0,차대차 - 측면충돌,중앙선침범,젖음/습기,비,단일로 - 교량,승용,남,65세,경상,승용,남,54세,경상
2018042400100510,2018년 4월 24일 19시,화요일,전라남도 담양군 고서면,경상사고,0,0,1,0,차대사람 - 기타,보행자보호의무위반,젖음/습기,비,교차로 - 교차로안,화물,남,65세,상해없음,보행자,남,57세,경상
2018042400100538,2018년 4월 24일 20시,화요일,전라남도 해남군 마산면,경상사고,0,0,1,0,차량단독 - 기타,안전운전불이행,젖음/습기,비,단일로 - 기타,승용,남,67세,경상,,,,
2018042400100539,2018년 4월 24일 20시,화요일,전라남도 장성군 서삼면,경상사고,0,0,1,0,차량단독 - 기타,안전운전불이행,젖음/습기,비,교차로 - 교차로안,승용,남,33세,상해없음,,,,
2018042400100577,2018년 4월 24일 21시,화요일,전라남도 목포시 상동,경상사고,0,0,1,0,차대사람 - 횡단중,신호위반,젖음/습기,비,교차로 - 교차로횡단보도내,승용,여,31세,상해없음,보행자,여,36세,경상
2018042400100607,2018년 4월 24일 22시,화요일,전라남도 여수시 학동,중상사고,0,1,0,0,차대사람 - 횡단중,신호위반,건조,맑음,교차로 - 교차로횡단보도내,승용,여,38세,상해없음,보행자,남,16세,중상
2018042400100635,2018년 4월 24일 23시,화요일,전라남도 광양시 마동,경상사고,0,0,1,0,차대차 - 기타,불법유턴,건조,맑음,단일로 - 기타,승용,남,48세,상해없음,이륜,남,28세,경상
2018042500100009,2018년 4월 25일 00시,수요일,전라남도 목포시 옥암동,중상사고,0,1,0,0,차대사람 - 횡단중,보행자보호의무위반,젖음/습기,비,교차로 - 교차로횡단보도내,승용,남,28세,상해없음,보행자,여,59세,중상
2018042500100010,2018년 4월 25일 00시,수요일,전라남도 목포시 달동,경상사고,0,0,1,0,차대차 - 추돌,안전운전불이행,젖음/습기,비,교차로 - 교차로부근,승용,남,33세,상해없음,승용,남,36세,경상
2018042500100033,2018년 4월 25일 03시,수요일,전라남도 여수시 학동,경상사고,0,0,2,0,차대차 - 정면충돌,안전운전불이행,건조,맑음,단일로 - 기타,승용,남,41세,상해없음,승용,여,38세,경상
2018042500100110,2018년 4월 25일 08시,수요일,전라남도 순천시 연향동,중상사고,0,1,0,0,차대사람 - 횡단중,신호위반,건조,맑음,교차로 - 교차로횡단보도내,승용,남,60세,상해없음,보행자,여,64세,중상
2018042500100145,2018년 4월 25일 09시,수요일,전라남도 담양군 담양읍,경상사고,0,0,1,0,차대사람 - 보도통행중,안전운전불이행,건조,맑음,단일로 - 기타,화물,남,59세,상해없음,보행자,남,63세,경상
2018042500100181,2018년 4월 25일 10시,수요일,전라남도 목포시 산정동,경상사고,0,0,1,0,차대사람 - 기타,안전운전불이행,건조,맑음,교차로 - 교차로안,기타불명,기타불명,미분류,기타불명,보행자,여,60세,경상
2018042500100238,2018년 4월 25일 12시,수요일,전라남도 해남군 삼산면,경상사고,0,0,1,0,차량단독 - 전도전복 - 전도,안전운전불이행,건조,맑음,단일로 - 기타,사륜오토바이(ATV),여,68세,경상,미분류,미분류,미분류,미분류
2018042500100239,2018년 4월 25일 12시,수요일,전라남도 해남군 해남읍,경상사고,0,0,1,0,차대차 - 기타,교차로운행방법위반,건조,맑음,교차로 - 교차로부근,화물,남,46세,상해없음,승용,여,60세,경상
2018042500100308,2018년 4월 25일 14시,수요일,전라남도 여수시 학동,경상사고,0,0,1,0,차대사람 - 기타,안전운전불이행,건조,맑음,단일로 - 기타,승용,남,77세,상해없음,보행자,남,58세,경상
2018042500100309,2018년 4월 25일 14시,수요일,전라남도 여수시 안산동,경상사고,0,0,1,0,차대차 - 측면충돌,교차로운행방법위반,건조,맑음,교차로 - 교차로안,승용,여,61세,상해없음,승용,남,33세,경상
2018042500100310,2018년 4월 25일 14시,수요일,전라남도 순천시 조례동,중상사고,0,1,0,0,차대사람 - 횡단중,보행자보호의무위반,건조,맑음,교차로 - 교차로부근,승용,남,60세,상해없음,보행자,여,58세,중상
2018042500100348,2018년 4월 25일 15시,수요일,전라남도 나주시 남평읍,경상사고,0,0,3,0,차대차 - 추돌,안전운전불이행,건조,맑음,교차로 - 교차로부근,승용,남,33세,경상,화물,남,64세,경상
2018042500100349,2018년 4월 25일 15시,수요일,전라남도 해남군 산이면,중상사고,0,1,1,0,차량단독 - 기타,안전운전불이행,건조,맑음,단일로 - 기타,승용,여,36세,경상,,,,
2018042500100390,2018년 4월 25일 16시,수요일,전라남도 여수시 율촌면,경상사고,0,0,2,0,차대차 - 측면충돌,중앙선침범,건조,맑음,단일로 - 기타,화물,남,68세,상해없음,승용,남,25세,경상
2018042500100391,2018년 4월 25일 16시,수요일,전라남도 순천시 용당동,경상사고,0,0,1,0,차대차 - 기타,안전운전불이행,건조,맑음,단일로 - 기타,승용,여,37세,상해없음,자전거,여,10세,경상
2018042500100469,2018년 4월 25일 18시,수요일,전라남도 나주시 빛가람동,경상사고,0,0,1,0,차량단독 - 기타,안전운전불이행,건조,맑음,단일로 - 기타,승합,남,58세,상해없음,,,,
2018042500100470,2018년 4월 25일 18시,수요일,전라남도 보성군 득량면,부상신고사고,0,0,0,1,차량단독 - 전도전복 - 전도,기타,건조,맑음,단일로 - 기타,이륜,남,77세,부상신고,미분류,미분류,미분류,미분류
2018042500100471,2018년 4월 25일 18시,수요일,전라남도 강진군 강진읍,경상사고,0,0,4,0,차대차 - 측면충돌,교차로운행방법위반,건조,맑음,교차로 - 교차로안,승용,여,27세,경상,승용,남,70세,경상
2018042500100564,2018년 4월 25일 21시,수요일,전라남도 목포시 옥암동,중상사고,0,1,0,0,차대차 - 추돌,안전운전불이행,건조,맑음,단일로 - 기타,승용,남,33세,상해없음,승용,여,29세,중상
2018042500100609,2018년 4월 25일 23시,수요일,전라남도 구례군 구례읍,경상사고,0,0,1,0,차대사람 - 길가장자리구역통행중,안전운전불이행,건조,맑음,단일로 - 기타,승용,남,54세,상해없음,보행자,남,38세,경상
2018042600100060,2018년 4월 26일 06시,목요일,전라남도 영암군 삼호읍,경상사고,0,0,1,0,차대차 - 측면충돌,신호위반,건조,맑음,교차로 - 교차로안,승용,남,38세,상해없음,자전거,남,54세,경상
2018042600100109,2018년 4월 26일 08시,목요일,전라남도 해남군 해남읍,경상사고,0,0,1,0,차대사람 - 기타,안전운전불이행,건조,맑음,단일로 - 기타,승용,남,29세,상해없음,보행자,여,55세,경상
2018042600100110,2018년 4월 26일 08시,목요일,전라남도 함평군 대동면,사망사고,1,0,0,0,차량단독 - 공작물충돌,안전운전불이행,건조,맑음,단일로 - 기타,승용,여,34세,사망,,,,
2018042600100111,2018년 4월 26일 08시,목요일,전라남도 영암군 영암읍,경상사고,0,0,1,0,차대사람 - 횡단중,안전운전불이행,건조,맑음,교차로 - 교차로안,승용,여,56세,상해없음,보행자,남,77세,경상
2018042600100143,2018년 4월 26일 09시,목요일,전라남도 순천시 별량면,경상사고,0,0,1,0,차대차 - 추돌,안전거리미확보,건조,맑음,단일로 - 기타,승용,남,27세,상해없음,승용,남,80세,상해없음
2018042600100144,2018년 4월 26일 09시,목요일,전라남도 해남군 화원면,중상사고,0,1,0,0,차대차 - 기타,안전운전불이행,건조,맑음,교차로 - 교차로안,이륜,남,76세,중상,승용,남,32세,상해없음
2018042600100176,2018년 4월 26일 10시,목요일,전라남도 함평군 함평읍,경상사고,0,0,1,0,차대차 - 측면충돌,교차로운행방법위반,건조,맑음,교차로 - 교차로안,승용,여,37세,상해없음,이륜,남,71세,경상
2018042600100177,2018년 4월 26일 10시,목요일,전라남도 광양시 광양읍,경상사고,0,0,1,0,차대차 - 측면충돌,교차로운행방법위반,건조,맑음,교차로 - 교차로안,이륜,남,78세,경상,승용,여,40세,상해없음
2018042600100199,2018년 4월 26일 11시,목요일,전라남도 목포시 죽교동,중상사고,0,1,0,0,차대차 - 정면충돌,안전운전불이행,건조,맑음,단일로 - 기타,승용,남,47세,상해없음,승용,여,58세,중상
2018042600100200,2018년 4월 26일 11시,목요일,전라남도 나주시 반남면,중상사고,0,1,0,0,차량단독 - 전도전복 - 전도,안전운전불이행,건조,맑음,단일로 - 기타,이륜,남,50세,중상,미분류,미분류,미분류,미분류
2018042600100201,2018년 4월 26일 11시,목요일,전라남도 영광군 묘량면,중상사고,0,1,0,0,차량단독 - 전도전복 - 전도,안전운전불이행,건조,맑음,단일로 - 기타,원동기,남,59세,중상,미분류,미분류,미분류,미분류
2018042600100202,2018년 4월 26일 11시,목요일,전라남도 강진군 칠량면,경상사고,0,0,3,0,차대차 - 추돌,안전거리미확보,건조,맑음,단일로 - 기타,승용,남,38세,상해없음,승용,여,36세,경상
2018042600100203,2018년 4월 26일 11시,목요일,전라남도 광양시 광양읍,경상사고,0,0,3,0,차대차 - 기타,안전거리미확보,건조,맑음,단일로 - 기타,화물,남,68세,경상,승용,남,29세,경상
2018042600100204,2018년 4월 26일 11시,목요일,전라남도 순천시 서면,중상사고,0,1,2,0,차대차 - 추돌,안전운전불이행,건조,맑음,단일로 - 기타,특수,남,36세,상해없음,승용,남,57세,경상
2018042600100238,2018년 4월 26일 12시,목요일,전라남도 고흥군 도화면,중상사고,0,1,0,0,차대사람 - 기타,안전운전불이행,건조,맑음,단일로 - 기타,승용,남,62세,상해없음,보행자,여,65세,중상
2018042600100262,2018년 4월 26일 13시,목요일,전라남도 장흥군 관산읍,경상사고,0,0,1,0,차대차 - 측면충돌,안전운전불이행,건조,맑음,단일로 - 기타,승용,여,40세,상해없음,승용,남,62세,경상
2018042600100263,2018년 4월 26일 13시,목요일,전라남도 곡성군 석곡면,경상사고,0,0,1,0,차대차 - 측면충돌,안전운전불이행,건조,맑음,교차로 - 교차로안,사륜오토바이(ATV),여,82세,경상,화물,남,32세,상해없음
2018042600100296,2018년 4월 26일 14시,목요일,전라남도 무안군 삼향읍,중상사고,0,1,0,0,차대차 - 측면충돌,안전운전불이행,건조,맑음,교차로 - 교차로안,승용,남,69세,상해없음,승용,남,40세,중상
2018042600100337,2018년 4월 26일 15시,목요일,전라남도 순천시 조례동,중상사고,0,1,0,0,차대사람 - 횡단중,보행자보호의무위반,건조,맑음,교차로 - 교차로안,승용,여,49세,상해없음,보행자,여,78세,중상
2018042600100338,2018년 4월 26일 15시,목요일,전라남도 구례군 구례읍,경상사고,0,0,1,0,차대차 - 측면충돌,안전운전불이행,건조,맑음,교차로 - 교차로안,승용,남,37세,상해없음,승용,여,46세,경상
2018042600100370,2018년 4월 26일 16시,목요일,전라남도 장흥군 장흥읍,중상사고,0,1,0,0,차대사람 - 길가장자리구역통행중,안전운전불이행,건조,맑음,단일로 - 기타,승용,여,40세,상해없음,보행자,남,58세,중상
2018042600100371,2018년 4월 26일 16시,목요일,전라남도 담양군 담양읍,중상사고,0,1,0,0,차대차 - 측면충돌,교차로운행방법위반,건조,맑음,교차로 - 교차로안,승용,여,65세,상해없음,원동기,남,26세,중상
2018042600100402,2018년 4월 26일 17시,목요일,전라남도 목포시 대안동,중상사고,0,1,0,0,차대차 - 기타,교차로운행방법위반,건조,맑음,교차로 - 교차로안,자전거,남,83세,중상,승용,남,32세,상해없음
2018042600100404,2018년 4월 26일 17시,목요일,전라남도 여수시 충무동,경상사고,0,0,1,0,차대차 - 측면충돌,안전운전불이행,건조,맑음,단일로 - 기타,건설기계,남,51세,상해없음,승용,여,38세,경상
2018042600100405,2018년 4월 26일 17시,목요일,전라남도 고흥군 동강면,중상사고,0,1,0,0,차대차 - 기타,안전운전불이행,건조,맑음,교차로 - 교차로안,승용,여,44세,상해없음,이륜,남,60세,중상
2018042600100406,2018년 4월 26일 17시,목요일,전라남도 함평군 함평읍,경상사고,0,0,1,0,차대차 - 측면충돌,안전운전불이행,건조,맑음,교차로 - 교차로부근,이륜,여,72세,경상,승용,남,71세,상해없음
2018042600100472,2018년 4월 26일 19시,목요일,전라남도 고흥군 도양읍,경상사고,0,0,1,0,차대차 - 측면충돌,직진우회전진행방해,건조,맑음,교차로 - 교차로안,승용,남,30세,상해없음,이륜,남,24세,경상
2018042700100043,2018년 4월 27일 03시,금요일,전라남도 나주시 빛가람동,경상사고,0,0,1,0,차대차 - 측면충돌,안전운전불이행,건조,맑음,단일로 - 기타,승용,남,29세,상해없음,승용,남,29세,경상
2018042700100083,2018년 4월 27일 07시,금요일,전라남도 영광군 영광읍,중상사고,0,1,0,0,차대사람 - 횡단중,안전운전불이행,건조,맑음,교차로 - 교차로부근,승합,남,53세,상해없음,보행자,남,74세,중상
2018042700100117,2018년 4월 27일 08시,금요일,전라남도 장흥군 부산면,경상사고,0,0,1,0,차대차 - 측면충돌,안전운전불이행,건조,맑음,단일로 - 기타,승용,남,24세,상해없음,승용,남,52세,경상
2018042700100152,2018년 4월 27일 09시,금요일,전라남도 고흥군 도양읍,부상신고사고,0,0,0,1,차대차 - 기타,교차로운행방법위반,건조,맑음,교차로 - 교차로안,이륜,남,75세,부상신고,승용,여,57세,상해없음
2018042700100153,2018년 4월 27일 09시,금요일,전라남도 장성군 장성읍,경상사고,0,0,1,0,차대차 - 기타,안전운전불이행,건조,맑음,교차로 - 교차로안,승용,남,64세,상해없음,승용,여,34세,경상
2018042700100187,2018년 4월 27일 10시,금요일,전라남도 여수시 돌산읍,중상사고,0,2,1,0,차대차 - 추돌,안전운전불이행,건조,맑음,단일로 - 기타,승용,남,61세,상해없음,승용,남,73세,중상
2018042700100188,2018년 4월 27일 10시,금요일,전라남도 장흥군 용산면,중상사고,0,1,0,0,차량단독 - 공작물충돌,안전운전불이행,건조,맑음,단일로 - 기타,사륜오토바이(ATV),여,77세,중상,,,,
2018042700100210,2018년 4월 27일 11시,금요일,전라남도 목포시 상동,경상사고,0,0,1,0,차대차 - 측면충돌,신호위반,건조,맑음,교차로 - 교차로안,승용,남,59세,상해없음,승용,남,56세,경상
2018042700100211,2018년 4월 27일 11시,금요일,전라남도 순천시 풍덕동,중상사고,0,1,0,0,차대차 - 측면충돌,안전운전불이행,건조,맑음,교차로 - 교차로안,승용,여,57세,상해없음,이륜,남,50세,중상
2018042700100212,2018년 4월 27일 11시,금요일,전라남도 담양군 담양읍,중상사고,0,1,0,0,차대사람 - 횡단중,안전운전불이행,건조,맑음,단일로 - 기타,화물,남,74세,상해없음,보행자,여,61세,중상
2018042700100230,2018년 4월 27일 12시,금요일,전라남도 영암군 삼호읍,경상사고,0,0,2,0,차대차 - 기타,안전운전불이행,건조,맑음,교차로 - 교차로안,승용,남,58세,상해없음,승용,여,58세,경상
2018042700100231,2018년 4월 27일 12시,금요일,전라남도 곡성군 삼기면,경상사고,0,0,1,0,차량단독 - 공작물충돌,안전운전불이행,건조,맑음,단일로 - 기타,승용,남,55세,경상,,,,
2018042700100259,2018년 4월 27일 13시,금요일,전라남도 장흥군 장흥읍,경상사고,0,0,1,0,차대차 - 추돌,안전운전불이행,건조,맑음,교차로 - 교차로부근,화물,남,65세,상해없음,승용,여,41세,경상
2018042700100260,2018년 4월 27일 13시,금요일,전라남도 고흥군 고흥읍,중상사고,0,2,2,0,차대차 - 측면충돌,교차로운행방법위반,건조,맑음,교차로 - 교차로안,승합,남,55세,상해없음,승용,여,38세,중상
2018042700100295,2018년 4월 27일 14시,금요일,전라남도 여수시 학동,중상사고,0,1,0,0,차대차 - 측면충돌,안전운전불이행,건조,맑음,교차로 - 교차로안,화물,남,61세,상해없음,화물,남,45세,중상
2018042700100296,2018년 4월 27일 14시,금요일,전라남도 여수시 학동,경상사고,0,0,1,0,차대차 - 측면충돌,안전운전불이행,건조,맑음,단일로 - 기타,승용,남,50세,상해없음,승용,남,65세,경상
2018042700100297,2018년 4월 27일 14시,금요일,전라남도 순천시 조례동,경상사고,0,0,2,0,차대차 - 측면충돌,안전운전불이행,건조,맑음,교차로 - 교차로부근,화물,남,52세,상해없음,승합,남,55세,경상
2018042700100331,2018년 4월 27일 15시,금요일,전라남도 순천시 풍덕동,경상사고,0,0,1,0,차대차 - 추돌,안전운전불이행,건조,맑음,기타 - 기타,승용,남,53세,상해없음,승용,여,40세,경상
2018042700100332,2018년 4월 27일 15시,금요일,전라남도 장흥군 장흥읍,중상사고,0,1,2,0,차대차 - 측면충돌,교차로운행방법위반,건조,맑음,교차로 - 교차로안,승용,여,50세,경상,승용,남,67세,중상
2018042700100333,2018년 4월 27일 15시,금요일,전라남도 해남군 북일면,중상사고,0,1,0,0,차량단독 - 공작물충돌,안전운전불이행,건조,맑음,단일로 - 기타,승용,여,48세,상해없음,,,,
2018042700100334,2018년 4월 27일 15시,금요일,전라남도 영암군 삼호읍,경상사고,0,0,1,0,차대차 - 추돌,안전운전불이행,건조,맑음,교차로 - 교차로부근,승용,남,24세,상해없음,승용,여,26세,경상
2018042700100382,2018년 4월 27일 16시,금요일,전라남도 고흥군 풍양면,경상사고,0,0,1,0,차대차 - 측면충돌,안전운전불이행,건조,맑음,단일로 - 기타,승용,여,50세,경상,화물,남,53세,상해없음
2018042700100383,2018년 4월 27일 16시,금요일,전라남도 담양군 담양읍,경상사고,0,0,1,0,차대차 - 추돌,안전거리미확보,건조,맑음,단일로 - 기타,승용,남,79세,상해없음,승용,남,61세,경상
2018042700100384,2018년 4월 27일 16시,금요일,전라남도 담양군 고서면,중상사고,0,1,1,0,차대차 - 측면충돌,기타,건조,맑음,교차로 - 교차로안,화물,남,51세,중상,화물,남,52세,경상
2018042700100421,2018년 4월 27일 17시,금요일,전라남도 여수시 화장동,경상사고,0,0,1,0,차대차 - 추돌,안전운전불이행,건조,맑음,교차로 - 교차로부근,승용,남,35세,상해없음,승용,여,58세,경상
2018042700100422,2018년 4월 27일 17시,금요일,전라남도 순천시 덕암동,중상사고,0,1,0,0,차대차 - 기타,안전운전불이행,건조,맑음,교차로 - 교차로부근,승용,남,61세,상해없음,자전거,여,50세,중상
2018042700100470,2018년 4월 27일 18시,금요일,전라남도 목포시 상동,경상사고,0,0,2,0,차대차 - 기타,교차로운행방법위반,건조,맑음,교차로 - 교차로안,승합,남,70세,경상,승용,여,60세,경상
2018042700100517,2018년 4월 27일 19시,금요일,전라남도 진도군 군내면,경상사고,0,0,1,0,차대사람 - 기타,안전운전불이행,건조,맑음,단일로 - 기타,승합,남,56세,상해없음,보행자,남,18세,경상
2018042700100583,2018년 4월 27일 21시,금요일,전라남도 순천시 승주읍,중상사고,0,1,0,0,차량단독 - 기타,안전운전불이행,건조,맑음,단일로 - 교량,화물,남,57세,중상,,,,
2018042700100615,2018년 4월 27일 22시,금요일,전라남도 목포시 용해동,경상사고,0,0,1,0,차대차 - 측면충돌,안전운전불이행,건조,기타,단일로 - 기타,승용,남,60세,상해없음,승합,남,35세,경상
2018042700100641,2018년 4월 27일 23시,금요일,전라남도 목포시 산정동,경상사고,0,0,2,0,차대차 - 측면충돌,안전운전불이행,건조,맑음,단일로 - 기타,승용,남,31세,경상,승용,여,63세,경상
2018042700100642,2018년 4월 27일 23시,금요일,전라남도 여수시 신월동,경상사고,0,0,5,0,차대차 - 측면충돌,안전운전불이행,건조,맑음,교차로 - 교차로안,승용,남,28세,상해없음,승용,남,28세,경상
2018042700100643,2018년 4월 27일 23시,금요일,전라남도 순천시 장천동,경상사고,0,0,1,0,차대차 - 측면충돌,안전거리미확보,건조,맑음,교차로 - 교차로안,기타불명,기타불명,미분류,기타불명,승용,여,48세,경상
2018042700100644,2018년 4월 27일 23시,금요일,전라남도 함평군 함평읍,경상사고,0,0,1,0,차대차 - 측면충돌,교차로운행방법위반,건조,맑음,교차로 - 교차로안,이륜,남,19세,경상,승용,여,53세,상해없음
2018042800100035,2018년 4월 28일 01시,토요일,전라남도 목포시 상동,중상사고,0,1,0,0,차대사람 - 기타,안전운전불이행,건조,흐림,단일로 - 기타,승용,남,35세,상해없음,보행자,남,20세,중상
2018042800100036,2018년 4월 28일 01시,토요일,전라남도 순천시 월등면,중상사고,0,1,0,0,차량단독 - 기타,안전운전불이행,건조,맑음,단일로 - 기타,화물,남,54세,중상,,,,
2018042800100070,2018년 4월 28일 03시,토요일,전라남도 보성군 보성읍,중상사고,0,1,0,0,차대사람 - 기타,안전운전불이행,건조,맑음,주차장 - 주차장,승용,남,48세,상해없음,보행자,남,18세,중상
2018042800100108,2018년 4월 28일 06시,토요일,전라남도 영암군 신북면,경상사고,0,0,3,0,차대차 - 측면충돌,안전운전불이행,기타,안개,교차로 - 교차로부근,화물,여,68세,상해없음,승용,남,57세,경상
2018042800100125,2018년 4월 28일 07시,토요일,전라남도 순천시 조례동,중상사고,0,1,2,0,차대차 - 추돌,안전운전불이행,건조,맑음,교차로 - 교차로부근,승용,남,19세,상해없음,승용,여,50세,경상
2018042800100126,2018년 4월 28일 07시,토요일,전라남도 영암군 삼호읍,경상사고,0,0,3,0,차대차 - 추돌,안전운전불이행,젖음/습기,안개,교차로 - 교차로부근,화물,남,22세,상해없음,화물,남,53세,경상