사고번호,사고일시,요일,시군구,사고내용,사망자수,중상자수,경상자수,부상신고자수,사고유형,법규위반,노면상태,기상상태,도로형태,가해운전자 차종,가해운전자 성별,가해운전자 연령,가해운전자 상해정도,피해운전자 차종,피해운전자 성별,피해운전자 연령,피해운전자 상해정도
2018050200100543,2018년 5월 2일 20시,수요일,전라남도 목포시 대성동,경상사고,0,0,2,0,차대차 - 측면충돌,직진우회전진행방해,건조,맑음,교차로 - 교차로안,승용,남,56세,경상,승용,여,44세,경상
2018050200100544,2018년 5월 2일 20시,수요일,전라남도 순천시 연향동,경상사고,0,0,1,0,차대차 - 측면충돌,안전운전불이행,건조,맑음,교차로 - 교차로안,승용,남,51세,상해없음,승용,여,55세,경상
2018050200100545,2018년 5월 2일 20시,수요일,전라남도 나주시 금천면,경상사고,0,0,2,0,차대차 - 측면충돌,신호위반,건조,맑음,교차로 - 교차로안,승용,남,46세,경상,승용,남,56세,경상
2018050200100580,2018년 5월 2일 21시,수요일,전라남도 여수시 신기동,경상사고,0,0,1,0,차대차 - 추돌,안전운전불이행,건조,맑음,단일로 - 기타,승용,여,47세,상해없음,승용,여,51세,경상
2018050300100047,2018년 5월 3일 03시,목요일,전라남도 담양군 담양읍,경상사고,0,0,1,0,차량단독 - 공작물충돌,안전운전불이행,건조,맑음,교차로 - 교차로부근,화물,남,20세,경상,,,,
2018050300100065,2018년 5월 3일 05시,목요일,전라남도 순천시 조곡동,사망사고,1,0,1,0,차대차 - 기타,중앙선침범,건조,맑음,단일로 - 기타,승용,남,52세,사망,승용,남,24세,경상
2018050300100102,2018년 5월 3일 07시,목요일,전라남도 보성군 회천면,경상사고,0,0,1,0,차대차 - 측면충돌,신호위반,건조,맑음,교차로 - 교차로안,화물,남,68세,상해없음,승용,여,63세,경상
2018050300100140,2018년 5월 3일 08시,목요일,전라남도 목포시 옥암동,경상사고,0,0,1,0,차대차 - 기타,기타,건조,맑음,교차로 - 교차로안,승용,남,61세,상해없음,승용,여,37세,상해없음
2018050300100141,2018년 5월 3일 08시,목요일,전라남도 여수시 봉계동,경상사고,0,0,3,0,차대차 - 추돌,안전운전불이행,건조,맑음,단일로 - 기타,승용,남,53세,상해없음,승용,남,64세,경상
2018050300100142,2018년 5월 3일 08시,목요일,전라남도 여수시 봉계동,경상사고,0,0,2,0,차대차 - 추돌,안전운전불이행,건조,맑음,단일로 - 기타,승용,여,43세,상해없음,승용,남,43세,경상
2018050300100171,2018년 5월 3일 09시,목요일,전라남도 화순군 화순읍,중상사고,0,1,0,0,차대사람 - 횡단중,보행자보호의무위반,건조,맑음,교차로 - 교차로횡단보도내,승용,여,22세,상해없음,보행자,여,83세,중상
2018050300100206,2018년 5월 3일 10시,목요일,전라남도 목포시 동명동,경상사고,0,0,1,0,차대사람 - 차도통행중,안전운전불이행,건조,맑음,단일로 - 기타,화물,남,38세,상해없음,보행자,여,55세,경상
2018050300100207,2018년 5월 3일 10시,목요일,전라남도 순천시 해룡면,중상사고,0,1,0,0,차대차 - 추돌,안전운전불이행,건조,맑음,단일로 - 기타,화물,남,61세,중상,화물,남,39세,상해없음
2018050300100232,2018년 5월 3일 11시,목요일,전라남도 여수시 신기동,경상사고,0,0,2,0,차대차 - 추돌,안전거리미확보,건조,맑음,교차로 - 교차로안,화물,남,28세,상해없음,승용,여,36세,경상
2018050300100233,2018년 5월 3일 11시,목요일,전라남도 나주시 금성동,경상사고,0,0,1,0,차대사람 - 보도통행중,기타,건조,맑음,단일로 - 기타,승용,남,51세,상해없음,보행자,여,53세,경상
2018050300100234,2018년 5월 3일 11시,목요일,전라남도 보성군 보성읍,경상사고,0,0,1,0,차대차 - 측면충돌,직진우회전진행방해,건조,맑음,교차로 - 교차로안,이륜,남,76세,경상,승용,남,64세,상해없음
2018050300100235,2018년 5월 3일 11시,목요일,전라남도 장성군 장성읍,중상사고,0,1,1,0,차대차 - 기타,안전운전불이행,건조,흐림,교차로 - 교차로안,화물,남,51세,상해없음,화물,남,65세,중상
2018050300100236,2018년 5월 3일 11시,목요일,전라남도 구례군 구례읍,경상사고,0,0,1,0,차대차 - 측면충돌,안전운전불이행,건조,맑음,기타 - 기타,승용,남,59세,상해없음,승용,여,56세,경상
2018050300100261,2018년 5월 3일 12시,목요일,전라남도 여수시 웅천동,경상사고,0,0,1,0,차대차 - 측면충돌,안전운전불이행,건조,맑음,단일로 - 기타,승용,남,25세,상해없음,승용,여,51세,경상
2018050300100262,2018년 5월 3일 12시,목요일,전라남도 여수시 미평동,경상사고,0,0,1,0,차대차 - 측면충돌,직진우회전진행방해,건조,맑음,교차로 - 교차로안,이륜,남,69세,경상,승용,남,64세,상해없음
2018050300100263,2018년 5월 3일 12시,목요일,전라남도 장흥군 관산읍,경상사고,0,0,1,0,차량단독 - 공작물충돌,안전운전불이행,건조,맑음,교차로 - 교차로부근,승용,남,57세,경상,,,,
2018050300100264,2018년 5월 3일 12시,목요일,전라남도 장성군 장성읍,경상사고,0,0,3,1,차량단독 - 기타,안전운전불이행,젖음/습기,비,단일로 - 기타,승용,남,35세,부상신고,,,,
2018050300100265,2018년 5월 3일 12시,목요일,전라남도 구례군 용방면,중상사고,0,1,0,0,차대차 - 측면충돌,안전운전불이행,건조,맑음,단일로 - 기타,화물,남,77세,상해없음,이륜,남,83세,중상
2018050300100293,2018년 5월 3일 13시,목요일,전라남도 장흥군 용산면,중상사고,0,1,1,0,차대차 - 측면충돌,교차로운행방법위반,건조,맑음,교차로 - 교차로안,승용,남,75세,경상,승용,남,82세,중상
2018050300100294,2018년 5월 3일 13시,목요일,전라남도 구례군 마산면,경상사고,0,0,2,0,차대차 - 기타,안전운전불이행,건조,맑음,단일로 - 기타,화물,남,54세,기타불명,화물,남,75세,경상
2018050300100365,2018년 5월 3일 15시,목요일,전라남도 목포시 용해동,경상사고,0,0,1,0,차대사람 - 횡단중,신호위반,건조,맑음,교차로 - 교차로부근,승용,남,42세,상해없음,보행자,남,7세,경상
2018050300100366,2018년 5월 3일 15시,목요일,전라남도 여수시 미평동,중상사고,0,1,0,0,차대사람 - 횡단중,보행자보호의무위반,젖음/습기,비,교차로 - 교차로횡단보도내,승용,여,39세,상해없음,보행자,여,54세,중상
2018050300100367,2018년 5월 3일 15시,목요일,전라남도 장흥군 장흥읍,중상사고,0,1,0,0,차대사람 - 기타,안전운전불이행,건조,맑음,단일로 - 기타,화물,남,19세,상해없음,보행자,여,85세,중상
2018050300100453,2018년 5월 3일 17시,목요일,전라남도 목포시 용당동,경상사고,0,0,1,0,차대사람 - 차도통행중,안전운전불이행,건조,맑음,단일로 - 기타,승용,남,62세,상해없음,보행자,남,60세,경상
2018050300100454,2018년 5월 3일 17시,목요일,전라남도 순천시 황전면,중상사고,0,1,0,0,차량단독 - 전도전복 - 전도,안전운전불이행,건조,맑음,단일로 - 기타,농기계,남,78세,중상,미분류,미분류,미분류,미분류
2018050300100455,2018년 5월 3일 17시,목요일,전라남도 순천시 용당동,경상사고,0,0,2,0,차대차 - 추돌,안전운전불이행,건조,맑음,교차로 - 교차로부근,승용,남,19세,상해없음,화물,남,36세,경상
2018050300100456,2018년 5월 3일 17시,목요일,전라남도 나주시 석현동,경상사고,0,0,3,0,차대차 - 측면충돌,안전거리미확보,건조,맑음,단일로 - 기타,승용,남,72세,경상,승용,남,50세,경상
2018050300100497,2018년 5월 3일 18시,목요일,전라남도 여수시 국동,중상사고,0,1,0,0,차대사람 - 횡단중,안전운전불이행,건조,맑음,교차로 - 교차로부근,승용,여,46세,상해없음,보행자,여,61세,중상
2018050300100498,2018년 5월 3일 18시,목요일,전라남도 영암군 삼호읍,경상사고,0,0,2,0,차대차 - 측면충돌,안전운전불이행,건조,맑음,교차로 - 교차로안,승용,남,29세,경상,승용,남,37세,경상
2018050300100565,2018년 5월 3일 20시,목요일,전라남도 순천시 해룡면,중상사고,0,1,0,0,차대사람 - 차도통행중,안전운전불이행,건조,맑음,단일로 - 기타,승용,여,29세,상해없음,보행자,남,48세,중상
2018050300100601,2018년 5월 3일 21시,목요일,전라남도 목포시 옥암동,중상사고,0,1,0,0,차대사람 - 차도통행중,안전운전불이행,건조,맑음,단일로 - 기타,승용,남,38세,상해없음,보행자,남,41세,중상
2018050300100602,2018년 5월 3일 21시,목요일,전라남도 광양시 광양읍,중상사고,0,1,0,0,차대차 - 측면충돌,중앙선침범,건조,맑음,단일로 - 기타,승용,남,51세,상해없음,승용,남,57세,중상
2018050300100603,2018년 5월 3일 21시,목요일,전라남도 광양시 광양읍,경상사고,0,0,1,0,차대차 - 측면충돌,교차로운행방법위반,건조,맑음,교차로 - 교차로안,승용,여,55세,상해없음,승용,여,32세,경상
2018050400100012,2018년 5월 4일 00시,금요일,전라남도 목포시 옥암동,경상사고,0,0,2,0,차대차 - 측면충돌,신호위반,건조,맑음,교차로 - 교차로안,승용,남,23세,상해없음,승합,남,48세,경상
2018050400100121,2018년 5월 4일 08시,금요일,전라남도 목포시 석현동,사망사고,1,0,0,0,차대사람 - 차도통행중,안전운전불이행,건조,맑음,단일로 - 기타,승합,남,43세,상해없음,보행자,여,65세,사망
2018050400100122,2018년 5월 4일 08시,금요일,전라남도 고흥군 고흥읍,경상사고,0,0,2,0,차대차 - 측면충돌,중앙선침범,건조,맑음,단일로 - 기타,자전거,남,11세,경상,이륜,여,75세,기타불명
2018050400100123,2018년 5월 4일 08시,금요일,전라남도 영암군 덕진면,중상사고,0,1,0,0,차대차 - 추돌,안전운전불이행,건조,맑음,교차로 - 교차로부근,화물,남,37세,상해없음,화물,남,45세,중상
2018050400100193,2018년 5월 4일 10시,금요일,전라남도 순천시 조곡동,경상사고,0,0,1,0,차대차 - 기타,안전운전불이행,건조,맑음,단일로 - 기타,승용,여,54세,기타불명,승용,남,63세,상해없음
2018050400100194,2018년 5월 4일 10시,금요일,전라남도 강진군 성전면,경상사고,0,0,1,0,차량단독 - 도로외이탈 - 추락,안전운전불이행,건조,맑음,단일로 - 기타,화물,여,57세,경상,,,,
2018050400100223,2018년 5월 4일 11시,금요일,전라남도 여수시 소호동,경상사고,0,0,1,0,차대차 - 측면충돌,안전운전불이행,건조,맑음,주차장 - 주차장,화물,남,48세,상해없음,승용,남,60세,경상
2018050400100224,2018년 5월 4일 11시,금요일,전라남도 영암군 신북면,경상사고,0,0,1,0,차대차 - 측면충돌,신호위반,건조,맑음,교차로 - 교차로안,화물,남,66세,상해없음,화물,남,57세,경상
2018050400100225,2018년 5월 4일 11시,금요일,전라남도 영암군 영암읍,중상사고,0,1,0,0,차대사람 - 횡단중,안전운전불이행,건조,맑음,교차로 - 교차로부근,화물,남,64세,상해없음,보행자,남,90세 이상,중상
2018050400100240,2018년 5월 4일 12시,금요일,전라남도 여수시 신기동,경상사고,0,0,2,1,차대차 - 측면충돌,교차로운행방법위반,건조,맑음,교차로 - 교차로안,승용,여,69세,경상,승용,남,55세,경상
2018050400100272,2018년 5월 4일 13시,금요일,전라남도 나주시 산포면,경상사고,0,0,1,0,차대차 - 추돌,안전운전불이행,건조,맑음,단일로 - 기타,특수,남,49세,상해없음,화물,남,68세,경상
2018050400100273,2018년 5월 4일 13시,금요일,전라남도 장흥군 장흥읍,경상사고,0,0,2,0,차대차 - 추돌,안전운전불이행,건조,맑음,교차로 - 교차로안,승용,여,53세,상해없음,이륜,남,78세,경상
2018050400100274,2018년 5월 4일 13시,금요일,전라남도 광양시 중동,경상사고,0,0,1,0,차대차 - 후진중충돌,안전운전불이행,건조,맑음,단일로 - 기타,승용,남,22세,상해없음,승용,남,31세,경상
2018050400100326,2018년 5월 4일 14시,금요일,전라남도 여수시 학동,중상사고,0,2,1,0,차대차 - 추돌,안전운전불이행,건조,맑음,단일로 - 기타,승용,여,41세,경상,화물,남,44세,중상
2018050400100327,2018년 5월 4일 14시,금요일,전라남도 순천시 해룡면,경상사고,0,0,2,0,차대차 - 기타,직진우회전진행방해,건조,맑음,교차로 - 교차로안,승용,남,35세,경상,승용,여,55세,경상
2018050400100328,2018년 5월 4일 14시,금요일,전라남도 구례군 구례읍,경상사고,0,0,1,0,차대차 - 기타,안전운전불이행,건조,맑음,기타 - 기타,원동기,남,85세,상해없음,화물,남,30세,상해없음
2018050400100370,2018년 5월 4일 15시,금요일,전라남도 무안군 무안읍,중상사고,0,1,0,0,차대사람 - 기타,안전운전불이행,건조,맑음,단일로 - 기타,화물,남,62세,상해없음,보행자,여,50세,중상
2018050400100410,2018년 5월 4일 16시,금요일,전라남도 여수시 신기동,경상사고,0,0,1,0,차대차 - 추돌,안전운전불이행,건조,맑음,단일로 - 기타,승용,남,53세,상해없음,승용,남,34세,경상
2018050400100411,2018년 5월 4일 16시,금요일,전라남도 보성군 보성읍,중상사고,0,1,0,0,차대차 - 추돌,안전운전불이행,건조,맑음,단일로 - 기타,화물,남,34세,상해없음,농기계,남,66세,중상
2018050400100470,2018년 5월 4일 17시,금요일,전라남도 목포시 산정동,중상사고,0,1,0,0,차대사람 - 차도통행중,안전운전불이행,건조,맑음,교차로 - 교차로부근,승용,여,39세,상해없음,보행자,여,84세,중상
2018050400100471,2018년 5월 4일 17시,금요일,전라남도 나주시 남평읍,경상사고,0,0,1,0,차대차 - 기타,직진우회전진행방해,건조,맑음,교차로 - 교차로부근,승용,여,28세,상해없음,승용,남,44세,경상
2018050400100557,2018년 5월 4일 19시,금요일,전라남도 목포시 용당동,경상사고,0,0,1,0,차대차 - 기타,안전운전불이행,건조,맑음,단일로 - 기타,이륜,남,60세,경상,승용,남,67세,상해없음
2018050400100558,2018년 5월 4일 19시,금요일,전라남도 목포시 상동,경상사고,0,0,2,0,차대차 - 측면충돌,교차로운행방법위반,건조,맑음,교차로 - 교차로안,승용,남,24세,상해없음,승용,남,43세,경상
2018050400100559,2018년 5월 4일 19시,금요일,전라남도 목포시 연산동,경상사고,0,0,1,0,차대차 - 후진중충돌,안전운전불이행,건조,맑음,단일로 - 기타,승용,남,46세,상해없음,승용,남,37세,경상
2018050400100560,2018년 5월 4일 19시,금요일,전라남도 함평군 학교면,중상사고,0,1,0,0,차량단독 - 공작물충돌,안전운전불이행,건조,맑음,단일로 - 기타,이륜,여,70세,중상,,,,
2018050400100608,2018년 5월 4일 20시,금요일,전라남도 목포시 상동,경상사고,0,0,1,0,차대차 - 기타,중앙선침범,건조,맑음,단일로 - 기타,승용,남,40세,상해없음,이륜,남,46세,경상
2018050400100609,2018년 5월 4일 20시,금요일,전라남도 순천시 조례동,경상사고,0,0,1,0,차대차 - 측면충돌,교차로운행방법위반,건조,맑음,단일로 - 기타,화물,남,43세,상해없음,이륜,남,24세,경상
2018050400100610,2018년 5월 4일 20시,금요일,전라남도 순천시 왕지동,경상사고,0,0,1,0,차대차 - 측면충돌,직진우회전진행방해,건조,맑음,교차로 - 교차로안,승용,남,48세,상해없음,승용,여,37세,경상
2018050400100636,2018년 5월 4일 21시,금요일,전라남도 순천시 풍덕동,경상사고,0,0,1,0,차대차 - 측면충돌,안전운전불이행,건조,맑음,단일로 - 기타,승용,남,44세,상해없음,승용,남,59세,경상
2018050400100637,2018년 5월 4일 21시,금요일,전라남도 순천시 해룡면,중상사고,0,1,0,0,차대차 - 측면충돌,중앙선침범,건조,맑음,단일로 - 기타,승용,여,37세,상해없음,원동기,남,19세,중상
2018050400100702,2018년 5월 4일 23시,금요일,전라남도 여수시 신월동,중상사고,0,1,0,0,차대사람 - 기타,안전운전불이행,건조,맑음,단일로 - 기타,승용,남,50세,상해없음,보행자,여,27세,중상
2018050500100018,2018년 5월 5일 00시,토요일,전라남도 여수시 주삼동,경상사고,0,0,3,0,차대차 - 기타,안전운전불이행,건조,맑음,교차로 - 교차로부근,승용,남,65세,상해없음,승용,남,35세,경상
2018050500100096,2018년 5월 5일 05시,토요일,전라남도 여수시 소라면,중상사고,0,1,0,0,차대차 - 측면충돌,중앙선침범,건조,맑음,단일로 - 기타,승용,남,23세,상해없음,화물,남,64세,중상
2018050500100151,2018년 5월 5일 08시,토요일,전라남도 목포시 용당동,경상사고,0,0,3,0,차대차 - 기타,교차로운행방법위반,건조,맑음,교차로 - 교차로안,승용,남,30세,경상,승용,남,24세,경상
2018050500100152,2018년 5월 5일 08시,토요일,전라남도 해남군 마산면,중상사고,0,1,0,0,차대사람 - 길가장자리구역통행중,안전운전불이행,건조,맑음,단일로 - 기타,승용,남,75세,상해없음,보행자,여,58세,중상
2018050500100186,2018년 5월 5일 09시,토요일,전라남도 담양군 수북면,경상사고,0,0,1,0,차대차 - 측면충돌,신호위반,건조,맑음,교차로 - 교차로안,승합,남,44세,상해없음,원동기,남,34세,경상
2018050500100232,2018년 5월 5일 11시,토요일,전라남도 목포시 연산동,경상사고,0,0,4,0,차대차 - 후진중충돌,안전운전불이행,건조,맑음,단일로 - 기타,승용,남,41세,상해없음,승용,여,39세,경상
2018050500100233,2018년 5월 5일 11시,토요일,전라남도 곡성군 죽곡면,중상사고,0,3,1,0,차대차 - 정면충돌,중앙선침범,건조,맑음,단일로 - 기타,승용,남,33세,경상,승용,남,28세,중상
2018050500100266,2018년 5월 5일 12시,토요일,전라남도 여수시 소호동,중상사고,0,1,0,0,차대차 - 추돌,안전운전불이행,건조,맑음,단일로 - 기타,이륜,남,37세,상해없음,이륜,남,64세,중상
2018050500100267,2018년 5월 5일 12시,토요일,전라남도 곡성군 목사동면,중상사고,0,1,0,0,차대차 - 기타,중앙선침범,건조,맑음,단일로 - 기타,승용,남,69세,상해없음,화물,여,64세,중상
2018050500100295,2018년 5월 5일 13시,토요일,전라남도 강진군 병영면,경상사고,0,0,1,0,차량단독 - 기타,안전운전불이행,건조,맑음,단일로 - 기타,농기계,남,76세,경상,,,,
2018050500100333,2018년 5월 5일 14시,토요일,전라남도 목포시 용당동,중상사고,0,1,0,0,차대사람 - 횡단중,안전운전불이행,건조,맑음,교차로 - 교차로안,화물,남,68세,상해없음,보행자,남,81세,중상
2018050500100334,2018년 5월 5일 14시,토요일,전라남도 강진군 도암면,중상사고,0,1,3,0,차대차 - 측면충돌,교차로운행방법위반,건조,맑음,교차로 - 교차로안,화물,남,64세,경상,승용,여,38세,중상
2018050500100371,2018년 5월 5일 15시,토요일,전라남도 목포시 동명동,경상사고,0,0,1,0,차대차 - 기타,안전운전불이행,건조,맑음,단일로 - 기타,승용,남,69세,상해없음,승용,남,73세,경상
2018050500100411,2018년 5월 5일 16시,토요일,전라남도 목포시 용당동,경상사고,0,0,1,0,차대차 - 기타,교차로운행방법위반,건조,맑음,교차로 - 교차로안,승용,남,68세,상해없음,승용,남,66세,경상
2018050500100412,2018년 5월 5일 16시,토요일,전라남도 장흥군 장흥읍,경상사고,0,0,2,0,차대차 - 측면충돌,안전운전불이행,건조,맑음,교차로 - 교차로부근,승용,여,73세,경상,화물,남,47세,상해없음
2018050500100461,2018년 5월 5일 17시,토요일,전라남도 목포시 연산동,경상사고,0,0,2,0,차대차 - 기타,안전운전불이행,건조,맑음,교차로 - 교차로안,승용,여,59세,상해없음,승용,남,48세,경상
2018050500100462,2018년 5월 5일 17시,토요일,전라남도 여수시 문수동,중상사고,0,1,0,0,차대차 - 추돌,안전운전불이행,건조,맑음,단일로 - 기타,화물,남,68세,상해없음,이륜,남,43세,중상
2018050500100496,2018년 5월 5일 18시,토요일,전라남도 장흥군 장흥읍,경상사고,0,0,1,0,차대차 - 측면충돌,안전운전불이행,건조,맑음,교차로 - 교차로안,승용,남,55세,상해없음,화물,남,21세,경상
2018050500100497,2018년 5월 5일 18시,토요일,전라남도 강진군 강진읍,경상사고,0,0,4,0,차대차 - 추돌,안전운전불이행,건조,흐림,단일로 - 기타,화물,남,73세,상해없음,승용,남,52세,경상
2018050500100528,2018년 5월 5일 19시,토요일,전라남도 화순군 도곡면,경상사고,0,0,2,0,차대차 - 추돌,안전운전불이행,건조,맑음,단일로 - 기타,화물,남,31세,상해없음,승용,남,53세,경상
2018050500100558,2018년 5월 5일 20시,토요일,전라남도 여수시 화장동,경상사고,0,0,2,0,차대차 - 측면충돌,안전운전불이행,건조,맑음,단일로 - 기타,승용,남,40세,상해없음,승용,남,50세,경상
2018050500100559,2018년 5월 5일 20시,토요일,전라남도 장흥군 안양면,경상사고,0,0,4,0,차대차 - 측면충돌,안전운전불이행,건조,맑음,단일로 - 기타,승용,남,27세,경상,승용,여,59세,경상
2018050500100560,2018년 5월 5일 20시,토요일,전라남도 화순군 동면,중상사고,0,1,1,0,차대차 - 추돌,안전운전불이행,건조,맑음,단일로 - 기타,승용,여,37세,상해없음,승용,남,39세,경상
2018050500100561,2018년 5월 5일 20시,토요일,전라남도 광양시 중동,경상사고,0,0,1,0,차대차 - 측면충돌,안전거리미확보,건조,맑음,단일로 - 기타,승용,여,38세,경상,승용,남,46세,상해없음
2018050500100588,2018년 5월 5일 21시,토요일,전라남도 목포시 옥암동,경상사고,0,0,2,0,차대차 - 기타,안전운전불이행,젖음/습기,비,단일로 - 기타,화물,남,46세,상해없음,승용,남,24세,경상
2018050500100589,2018년 5월 5일 21시,토요일,전라남도 고흥군 도양읍,경상사고,0,0,4,0,차대차 - 측면충돌,교차로운행방법위반,건조,맑음,교차로 - 교차로안,승용,남,46세,상해없음,승용,남,30세,경상
2018050500100590,2018년 5월 5일 21시,토요일,전라남도 광양시 광양읍,경상사고,0,0,2,0,차대차 - 측면충돌,직진우회전진행방해,건조,맑음,교차로 - 교차로안,승용,여,57세,경상,승용,여,45세,경상
2018050500100615,2018년 5월 5일 22시,토요일,전라남도 고흥군 두원면,경상사고,0,0,1,0,차량단독 - 공작물충돌,안전운전불이행,건조,맑음,교차로 - 교차로안,승합,여,36세,경상,,,,
2018050500100640,2018년 5월 5일 23시,토요일,전라남도 나주시 금천면,경상사고,0,0,3,0,차대차 - 기타,안전운전불이행,건조,맑음,단일로 - 기타,승용,남,36세,상해없음,승용,남,49세,경상
2018050600100019,2018년 5월 6일 00시,일요일,전라남도 목포시 상동,중상사고,0,1,0,0,차대사람 - 횡단중,안전운전불이행,건조,맑음,단일로 - 기타,승용,여,40세,상해없음,보행자,남,49세,중상
2018050600100020,2018년 5월 6일 00시,일요일,전라남도 목포시 상동,경상사고,0,0,1,0,차량단독 - 공작물충돌,안전운전불이행,젖음/습기,비,단일로 - 기타,승용,남,22세,상해없음,,,,
2018050600100053,2018년 5월 6일 02시,일요일,전라남도 보성군 보성읍,경상사고,0,0,3,0,차대차 - 측면충돌,중앙선침범,젖음/습기,흐림,단일로 - 기타,승용,여,45세,경상,화물,남,44세,경상
2018050600100072,2018년 5월 6일 03시,일요일,전라남도 나주시 경현동,중상사고,0,1,1,0,차량단독 - 공작물충돌,안전운전불이행,젖음/습기,비,단일로 - 기타,화물,남,41세,중상,,,,
2018050600100102,2018년 5월 6일 06시,일요일,전라남도 광양시 중동,부상신고사고,0,0,0,1,차량단독 - 공작물충돌,안전운전불이행,젖음/습기,비,교차로 - 교차로안,이륜,남,63세,부상신고,,,,
2018050600100163,2018년 5월 6일 11시,일요일,전라남도 목포시 명륜동,경상사고,0,0,2,0,차대차 - 측면충돌,교차로운행방법위반,건조,맑음,교차로 - 교차로안,승용,남,57세,상해없음,화물,남,39세,상해없음
2018050600100220,2018년 5월 6일 13시,일요일,전라남도 목포시 옥암동,경상사고,0,0,1,0,차대차 - 기타,직진우회전진행방해,젖음/습기,비,교차로 - 교차로안,승용,여,53세,상해없음,이륜,남,34세,경상
2018050600100221,2018년 5월 6일 13시,일요일,전라남도 여수시 봉산동,중상사고,0,1,0,0,차대차 - 측면충돌,교차로운행방법위반,건조,맑음,교차로 - 교차로안,승용,남,43세,상해없음,이륜,남,23세,중상
2018050600100222,2018년 5월 6일 13시,일요일,전라남도 광양시 마동,중상사고,0,1,2,0,차대차 - 측면충돌,중앙선침범,젖음/습기,비,교차로 - 교차로부근,승용,남,63세,상해없음,승합,남,56세,경상
2018050600100268,2018년 5월 6일 15시,일요일,전라남도 여수시 학동,경상사고,0,0,1,0,차대차 - 측면충돌,차로위반,젖음/습기,비,단일로 - 기타,승용,남,18세,상해없음,이륜,남,34세,경상
2018050600100301,2018년 5월 6일 17시,일요일,전라남도 목포시 남교동,중상사고,0,1,2,0,차대차 - 측면충돌,안전운전불이행,젖음/습기,흐림,교차로 - 교차로안,승용,남,22세,경상,승용,여,58세,경상
2018050600100302,2018년 5월 6일 17시,일요일,전라남도 고흥군 점암면,중상사고,0,1,0,0,차량단독 - 전도전복 - 전도,안전운전불이행,젖음/습기,비,단일로 - 기타,이륜,남,43세,중상,미분류,미분류,미분류,미분류
2018050600100374,2018년 5월 6일 20시,일요일,전라남도 구례군 구례읍,중상사고,0,2,2,0,차대차 - 측면충돌,교차로운행방법위반,젖음/습기,흐림,교차로 - 교차로안,승용,여,43세,경상,승용,남,48세,경상
2018050600100396,2018년 5월 6일 21시,일요일,전라남도 여수시 중앙동,경상사고,0,0,6,0,차대차 - 측면충돌,교차로운행방법위반,젖음/습기,맑음,교차로 - 교차로안,승용,남,46세,상해없음,승용,여,36세,경상
2018050600100397,2018년 5월 6일 21시,일요일,전라남도 함평군 학교면,경상사고,0,0,3,0,차대차 - 기타,안전운전불이행,건조,맑음,단일로 - 기타,승용,여,43세,상해없음,승용,여,31세,경상
2018050600100421,2018년 5월 6일 22시,일요일,전라남도 순천시 해룡면,경상사고,0,0,2,0,차대차 - 측면충돌,직진우회전진행방해,건조,맑음,교차로 - 교차로안,승용,남,74세,상해없음,승용,여,51세,경상
2018050600100440,2018년 5월 6일 23시,일요일,전라남도 여수시 화장동,중상사고,0,2,2,0,차대차 - 추돌,안전운전불이행,건조,맑음,교차로 - 교차로부근,승용,남,47세,상해없음,승용,여,30세,중상
2018050700100055,2018년 5월 7일 04시,월요일,전라남도 영광군 영광읍,중상사고,0,1,0,0,차량단독 - 공작물충돌,안전운전불이행,젖음/습기,비,단일로 - 기타,승용,남,20세,상해없음,,,,
2018050700100080,2018년 5월 7일 06시,월요일,전라남도 여수시 문수동,중상사고,0,3,1,0,차대차 - 측면충돌,중앙선침범,젖음/습기,비,단일로 - 기타,승용,남,21세,중상,승용,남,54세,경상
2018050700100104,2018년 5월 7일 08시,월요일,전라남도 목포시 산정동,경상사고,0,0,5,0,차대차 - 측면충돌,교차로운행방법위반,건조,맑음,교차로 - 교차로안,승용,남,21세,경상,승용,여,40세,경상
2018050700100121,2018년 5월 7일 09시,월요일,전라남도 나주시 산포면,경상사고,0,0,2,0,차대차 - 측면충돌,불법유턴,젖음/습기,비,단일로 - 기타,승용,남,63세,경상,화물,남,50세,경상
2018050700100144,2018년 5월 7일 10시,월요일,전라남도 완도군 금일읍,중상사고,0,1,0,0,차대사람 - 기타,안전운전불이행,건조,맑음,단일로 - 기타,화물,남,52세,상해없음,보행자,여,77세,중상
2018050700100145,2018년 5월 7일 10시,월요일,전라남도 광양시 광양읍,경상사고,0,0,1,0,차대차 - 측면충돌,신호위반,젖음/습기,비,교차로 - 교차로안,원동기,남,77세,경상,승용,남,52세,상해없음
2018050700100173,2018년 5월 7일 11시,월요일,전라남도 목포시 산정동,경상사고,0,0,1,0,차대차 - 기타,안전운전불이행,건조,맑음,기타 - 기타,승용,남,57세,상해없음,승용,여,58세,경상
2018050700100198,2018년 5월 7일 12시,월요일,전라남도 곡성군 삼기면,경상사고,0,0,5,0,차대차 - 측면충돌,안전운전불이행,건조,맑음,주차장 - 주차장,특수,남,52세,경상,승용,여,52세,경상
2018050700100231,2018년 5월 7일 13시,월요일,전라남도 여수시 오림동,중상사고,0,1,0,0,차대차 - 측면충돌,중앙선침범,젖음/습기,흐림,교차로 - 교차로부근,승용,남,70세,상해없음,이륜,남,30세,중상
2018050700100232,2018년 5월 7일 13시,월요일,전라남도 보성군 미력면,중상사고,0,1,0,0,차대차 - 기타,안전거리미확보,젖음/습기,흐림,단일로 - 기타,승용,남,57세,상해없음,화물,여,53세,중상