사고번호,사고일시,요일,시군구,사고내용,사망자수,중상자수,경상자수,부상신고자수,사고유형,법규위반,노면상태,기상상태,도로형태,가해운전자 차종,가해운전자 성별,가해운전자 연령,가해운전자 상해정도,피해운전자 차종,피해운전자 성별,피해운전자 연령,피해운전자 상해정도
2018051100100524,2018년 5월 11일 19시,금요일,전라남도 순천시 생목동,경상사고,0,0,1,0,차대차 - 기타,교차로운행방법위반,건조,맑음,교차로 - 교차로안,승용,여,25세,상해없음,승용,남,57세,기타불명
2018051100100525,2018년 5월 11일 19시,금요일,전라남도 순천시 해룡면,경상사고,0,0,1,0,차대차 - 기타,안전운전불이행,건조,맑음,교차로 - 교차로안,승용,남,37세,상해없음,원동기,남,34세,경상
2018051100100526,2018년 5월 11일 19시,금요일,전라남도 광양시 중동,경상사고,0,0,1,0,차대사람 - 기타,안전운전불이행,건조,맑음,단일로 - 기타,승용,남,57세,상해없음,보행자,여,7세,경상
2018051100100568,2018년 5월 11일 20시,금요일,전라남도 여수시 봉산동,경상사고,0,0,3,0,차대차 - 측면충돌,안전운전불이행,건조,맑음,교차로 - 교차로안,승용,남,25세,경상,승용,남,70세,경상
2018051100100569,2018년 5월 11일 20시,금요일,전라남도 영암군 삼호읍,부상신고사고,0,0,0,1,차대차 - 측면충돌,안전운전불이행,건조,맑음,교차로 - 교차로안,자전거,남,22세,부상신고,승용,남,42세,상해없음
2018051100100604,2018년 5월 11일 21시,금요일,전라남도 광양시 광영동,경상사고,0,0,2,0,차대차 - 측면충돌,신호위반,건조,맑음,교차로 - 교차로안,승용,여,38세,경상,승용,남,46세,경상
2018051100100659,2018년 5월 11일 23시,금요일,전라남도 여수시 소라면,중상사고,0,1,1,0,차대차 - 추돌,안전운전불이행,건조,맑음,단일로 - 터널,승용,남,41세,상해없음,승용,남,28세,중상
2018051200100016,2018년 5월 12일 00시,토요일,전라남도 목포시 산정동,경상사고,0,0,1,0,차대사람 - 차도통행중,기타,건조,맑음,단일로 - 기타,기타불명,기타불명,미분류,기타불명,보행자,남,15세,경상
2018051200100017,2018년 5월 12일 00시,토요일,전라남도 순천시 오천동,경상사고,0,0,1,0,차대차 - 측면충돌,신호위반,건조,맑음,교차로 - 교차로안,승용,여,32세,경상,승용,남,62세,상해없음
2018051200100018,2018년 5월 12일 00시,토요일,전라남도 장흥군 회진면,경상사고,0,0,1,0,차대사람 - 길가장자리구역통행중,안전운전불이행,건조,맑음,단일로 - 기타,승용,남,44세,상해없음,보행자,남,41세,경상
2018051200100053,2018년 5월 12일 02시,토요일,전라남도 목포시 옥암동,경상사고,0,0,1,0,차대차 - 기타,안전운전불이행,건조,맑음,단일로 - 기타,승용,남,36세,상해없음,승용,여,45세,경상
2018051200100078,2018년 5월 12일 04시,토요일,전라남도 목포시 상동,사망사고,1,0,0,0,차대사람 - 차도통행중,안전운전불이행,건조,맑음,단일로 - 기타,화물,남,64세,상해없음,보행자,남,26세,사망
2018051200100136,2018년 5월 12일 08시,토요일,전라남도 여수시 선원동,중상사고,0,1,1,0,차대차 - 측면충돌,안전운전불이행,건조,흐림,단일로 - 기타,화물,남,71세,중상,승용,남,36세,경상
2018051200100219,2018년 5월 12일 11시,토요일,전라남도 목포시 상동,중상사고,0,1,3,0,차대차 - 기타,안전운전불이행,건조,맑음,단일로 - 기타,화물,남,77세,상해없음,승용,남,30세,경상
2018051200100220,2018년 5월 12일 11시,토요일,전라남도 영암군 삼호읍,중상사고,0,1,2,0,차대차 - 추돌,안전운전불이행,건조,맑음,단일로 - 기타,화물,남,56세,상해없음,승용,남,74세,중상
2018051200100250,2018년 5월 12일 12시,토요일,전라남도 장흥군 장평면,경상사고,0,0,2,0,차대차 - 측면충돌,교차로운행방법위반,젖음/습기,비,교차로 - 교차로안,화물,남,21세,상해없음,화물,남,48세,경상
2018051200100279,2018년 5월 12일 13시,토요일,전라남도 목포시 상동,중상사고,0,1,0,0,차대차 - 측면충돌,차로위반,젖음/습기,비,단일로 - 기타,승용,남,37세,상해없음,원동기,남,35세,중상
2018051200100280,2018년 5월 12일 13시,토요일,전라남도 화순군 화순읍,경상사고,0,0,1,0,차대차 - 측면충돌,신호위반,젖음/습기,비,교차로 - 교차로안,승용,여,56세,상해없음,승용,남,29세,경상
2018051200100281,2018년 5월 12일 13시,토요일,전라남도 광양시 광양읍,경상사고,0,0,2,0,차대차 - 정면충돌,중앙선침범,젖음/습기,비,단일로 - 기타,화물,남,63세,상해없음,승용,남,47세,경상
2018051200100317,2018년 5월 12일 14시,토요일,전라남도 여수시 화장동,경상사고,0,0,1,0,차대차 - 측면충돌,직진우회전진행방해,건조,맑음,교차로 - 교차로안,승합,남,62세,상해없음,승용,여,43세,경상
2018051200100318,2018년 5월 12일 14시,토요일,전라남도 영광군 불갑면,경상사고,0,0,2,0,차대차 - 후진중충돌,안전운전불이행,젖음/습기,비,단일로 - 기타,화물,남,75세,상해없음,승용,여,43세,경상
2018051200100357,2018년 5월 12일 15시,토요일,전라남도 목포시 상동,경상사고,0,0,2,0,차대차 - 추돌,안전거리미확보,젖음/습기,비,교차로 - 교차로부근,승용,여,44세,상해없음,승용,여,48세,경상
2018051200100358,2018년 5월 12일 15시,토요일,전라남도 순천시 풍덕동,중상사고,0,1,1,0,차대차 - 측면충돌,직진우회전진행방해,젖음/습기,비,교차로 - 교차로안,승용,여,44세,경상,승용,남,58세,상해없음
2018051200100431,2018년 5월 12일 17시,토요일,전라남도 강진군 군동면,중상사고,0,2,0,0,차대차 - 기타,직진우회전진행방해,젖음/습기,비,교차로 - 교차로안,승용,남,39세,상해없음,이륜,남,63세,중상
2018051200100475,2018년 5월 12일 18시,토요일,전라남도 여수시 오림동,경상사고,0,0,1,0,차대차 - 측면충돌,차로위반,젖음/습기,맑음,단일로 - 기타,승용,여,40세,상해없음,화물,남,57세,경상
2018051200100570,2018년 5월 12일 20시,토요일,전라남도 강진군 강진읍,중상사고,0,1,0,0,차량단독 - 전도전복 - 전도,안전운전불이행,기타,비,단일로 - 기타,원동기,여,51세,중상,미분류,미분류,미분류,미분류
2018051200100571,2018년 5월 12일 20시,토요일,전라남도 광양시 중동,경상사고,0,0,1,1,차대사람 - 횡단중,안전운전불이행,젖음/습기,비,단일로 - 기타,이륜,남,18세,부상신고,보행자,남,19세,경상
2018051200100622,2018년 5월 12일 21시,토요일,전라남도 목포시 상동,경상사고,0,0,1,0,차대차 - 추돌,안전거리미확보,젖음/습기,비,교차로 - 교차로부근,승용,남,41세,상해없음,승용,여,28세,경상
2018051200100623,2018년 5월 12일 21시,토요일,전라남도 순천시 풍덕동,경상사고,0,0,5,0,차대차 - 측면충돌,직진우회전진행방해,건조,맑음,교차로 - 교차로안,승용,남,23세,경상,승용,남,59세,경상
2018051200100667,2018년 5월 12일 22시,토요일,전라남도 화순군 화순읍,경상사고,0,0,2,0,차대차 - 측면충돌,교차로운행방법위반,젖음/습기,비,단일로 - 기타,승용,남,41세,상해없음,이륜,남,20세,경상
2018051200100699,2018년 5월 12일 23시,토요일,전라남도 여수시 소호동,경상사고,0,0,2,0,차대차 - 추돌,안전운전불이행,젖음/습기,비,교차로 - 교차로부근,승용,남,60세,상해없음,승용,남,43세,경상
2018051300100013,2018년 5월 13일 00시,일요일,전라남도 여수시 봉산동,경상사고,0,0,1,0,차대차 - 측면충돌,안전운전불이행,젖음/습기,비,교차로 - 교차로안,승용,남,21세,상해없음,승용,남,53세,경상
2018051300100037,2018년 5월 13일 01시,일요일,전라남도 화순군 화순읍,경상사고,0,0,1,0,차대차 - 측면충돌,직진우회전진행방해,건조,맑음,교차로 - 교차로안,승용,여,58세,경상,승용,남,48세,상해없음
2018051300100052,2018년 5월 13일 02시,일요일,전라남도 목포시 상동,경상사고,0,0,1,0,차대차 - 측면충돌,교차로운행방법위반,젖음/습기,비,교차로 - 교차로안,승용,남,56세,경상,승용,남,20세,상해없음
2018051300100065,2018년 5월 13일 03시,일요일,전라남도 순천시 상사면,경상사고,0,0,1,0,차대차 - 추돌,안전거리미확보,젖음/습기,비,단일로 - 기타,승용,남,46세,상해없음,승용,남,39세,경상
2018051300100166,2018년 5월 13일 11시,일요일,전라남도 여수시 여서동,경상사고,0,0,3,0,차대차 - 측면충돌,직진우회전진행방해,건조,맑음,교차로 - 교차로안,승용,여,32세,상해없음,승용,여,29세,경상
2018051300100190,2018년 5월 13일 12시,일요일,전라남도 여수시 중앙동,중상사고,0,1,0,0,차대사람 - 차도통행중,안전운전불이행,건조,맑음,단일로 - 기타,승용,남,29세,상해없음,보행자,여,55세,중상
2018051300100242,2018년 5월 13일 14시,일요일,전라남도 여수시 둔덕동,경상사고,0,0,1,0,차대차 - 추돌,안전운전불이행,건조,맑음,단일로 - 기타,승용,남,65세,상해없음,승용,남,35세,경상
2018051300100243,2018년 5월 13일 14시,일요일,전라남도 영암군 삼호읍,중상사고,0,1,0,0,차량단독 - 기타,기타,건조,맑음,단일로 - 기타,사륜오토바이(ATV),남,69세,중상,,,,
2018051300100244,2018년 5월 13일 14시,일요일,전라남도 광양시 진월면,중상사고,0,1,1,0,차대차 - 정면충돌,중앙선침범,건조,맑음,단일로 - 기타,승용,남,60세,상해없음,승용,여,65세,중상
2018051300100290,2018년 5월 13일 15시,일요일,전라남도 순천시 송광면,중상사고,0,1,0,0,차대차 - 추돌,안전거리미확보,건조,맑음,단일로 - 기타,승용,남,39세,상해없음,승용,여,46세,중상
2018051300100361,2018년 5월 13일 17시,일요일,전라남도 목포시 옥암동,경상사고,0,0,1,0,차대사람 - 기타,안전운전불이행,건조,맑음,단일로 - 기타,기타불명,기타불명,미분류,기타불명,보행자,남,44세,경상
2018051300100362,2018년 5월 13일 17시,일요일,전라남도 무안군 현경면,중상사고,0,1,0,0,차량단독 - 공작물충돌,안전운전불이행,건조,맑음,교차로 - 교차로안,승합,남,34세,중상,,,,
2018051300100393,2018년 5월 13일 18시,일요일,전라남도 담양군 창평면,중상사고,0,1,0,0,차대사람 - 기타,안전운전불이행,건조,맑음,주차장 - 주차장,승용,남,57세,상해없음,보행자,여,57세,중상
2018051300100421,2018년 5월 13일 19시,일요일,전라남도 화순군 화순읍,경상사고,0,0,1,0,차대차 - 기타,안전거리미확보,건조,맑음,단일로 - 기타,승용,남,26세,상해없음,승용,여,44세,경상
2018051300100450,2018년 5월 13일 20시,일요일,전라남도 목포시 옥암동,중상사고,0,1,2,0,차대차 - 측면충돌,신호위반,건조,기타,교차로 - 교차로안,이륜,남,18세,중상,승용,남,63세,경상
2018051400100051,2018년 5월 14일 06시,월요일,전라남도 순천시 매곡동,경상사고,0,0,1,0,차대차 - 기타,교차로운행방법위반,건조,맑음,교차로 - 교차로부근,화물,남,60세,상해없음,승용,남,55세,상해없음
2018051400100074,2018년 5월 14일 07시,월요일,전라남도 담양군 대전면,경상사고,0,0,2,0,차대차 - 측면충돌,교차로운행방법위반,건조,맑음,교차로 - 교차로안,승합,남,59세,상해없음,승용,남,60세,경상
2018051400100075,2018년 5월 14일 07시,월요일,전라남도 순천시 승주읍,경상사고,0,0,1,0,차대차 - 기타,안전운전불이행,건조,맑음,기타 - 기타,화물,남,33세,상해없음,승용,남,63세,경상
2018051400100115,2018년 5월 14일 08시,월요일,전라남도 곡성군 곡성읍,경상사고,0,0,1,0,차대차 - 후진중충돌,안전운전불이행,건조,맑음,기타 - 기타,승용,여,53세,상해없음,승용,남,26세,경상
2018051400100116,2018년 5월 14일 08시,월요일,전라남도 완도군 고금면,중상사고,0,1,0,0,차대차 - 기타,중앙선침범,건조,맑음,단일로 - 기타,화물,남,69세,상해없음,이륜,남,74세,중상
2018051400100149,2018년 5월 14일 09시,월요일,전라남도 여수시 미평동,경상사고,0,0,1,0,차대차 - 추돌,안전운전불이행,건조,맑음,단일로 - 기타,승용,남,65세,상해없음,승용,여,34세,경상
2018051400100202,2018년 5월 14일 11시,월요일,전라남도 여수시 신기동,중상사고,0,1,0,0,차대차 - 측면충돌,안전운전불이행,건조,맑음,교차로 - 교차로안,자전거,남,24세,중상,승용,여,55세,상해없음
2018051400100266,2018년 5월 14일 13시,월요일,전라남도 여수시 신기동,경상사고,0,0,2,0,차대차 - 추돌,안전운전불이행,건조,맑음,교차로 - 교차로부근,화물,남,58세,경상,승용,여,42세,경상
2018051400100302,2018년 5월 14일 14시,월요일,전라남도 담양군 담양읍,경상사고,0,0,3,0,차대차 - 기타,불법유턴,건조,맑음,단일로 - 기타,승용,남,57세,기타불명,승용,남,64세,경상
2018051400100372,2018년 5월 14일 16시,월요일,전라남도 순천시 해룡면,중상사고,0,1,0,0,차대차 - 측면충돌,불법유턴,건조,맑음,단일로 - 기타,건설기계,남,55세,상해없음,승용,남,45세,중상
2018051400100410,2018년 5월 14일 17시,월요일,전라남도 강진군 군동면,부상신고사고,0,0,0,1,차대차 - 측면충돌,중앙선침범,건조,맑음,단일로 - 기타,승용,여,23세,부상신고,화물,남,58세,상해없음
2018051400100448,2018년 5월 14일 18시,월요일,전라남도 영광군 영광읍,경상사고,0,0,1,0,차대사람 - 횡단중,안전운전불이행,건조,맑음,단일로 - 기타,승용,여,46세,상해없음,보행자,남,34세,경상
2018051400100475,2018년 5월 14일 19시,월요일,전라남도 담양군 봉산면,경상사고,0,0,1,0,차대사람 - 횡단중,보행자보호의무위반,건조,맑음,교차로 - 교차로안,승용,여,34세,상해없음,보행자,여,82세,경상
2018051400100504,2018년 5월 14일 20시,월요일,전라남도 순천시 송광면,중상사고,0,1,0,0,차량단독 - 기타,안전운전불이행,건조,맑음,단일로 - 기타,화물,남,66세,중상,,,,
2018051400100505,2018년 5월 14일 20시,월요일,전라남도 순천시 별량면,사망사고,1,1,0,0,차대사람 - 기타,안전운전불이행,건조,맑음,단일로 - 기타,화물,여,45세,상해없음,보행자,남,47세,사망
2018051400100533,2018년 5월 14일 21시,월요일,전라남도 목포시 옥암동,경상사고,0,0,1,0,차대차 - 기타,안전운전불이행,건조,맑음,단일로 - 기타,승용,남,40세,상해없음,화물,남,51세,경상
2018051500100078,2018년 5월 15일 07시,화요일,전라남도 무안군 일로읍,중상사고,0,1,0,0,차대차 - 기타,안전운전불이행,건조,맑음,단일로 - 기타,화물,남,63세,상해없음,이륜,남,66세,중상
2018051500100121,2018년 5월 15일 08시,화요일,전라남도 순천시 서면,경상사고,0,0,1,0,차대차 - 측면충돌,안전운전불이행,건조,맑음,단일로 - 기타,승용,여,58세,상해없음,화물,남,51세,경상
2018051500100153,2018년 5월 15일 09시,화요일,전라남도 목포시 산정동,경상사고,0,0,1,0,차대차 - 측면충돌,차로위반,건조,맑음,단일로 - 기타,자전거,남,73세,경상,승용,남,57세,상해없음
2018051500100154,2018년 5월 15일 09시,화요일,전라남도 순천시 연향동,경상사고,0,0,1,0,차대차 - 추돌,안전거리미확보,건조,맑음,단일로 - 기타,승용,남,62세,상해없음,화물,남,61세,경상
2018051500100155,2018년 5월 15일 09시,화요일,전라남도 곡성군 옥과면,중상사고,0,1,0,0,차대차 - 기타,기타,건조,맑음,단일로 - 기타,화물,남,66세,상해없음,이륜,남,79세,중상
2018051500100182,2018년 5월 15일 10시,화요일,전라남도 영암군 삼호읍,경상사고,0,0,3,1,차대차 - 기타,안전운전불이행,건조,맑음,교차로 - 교차로안,승용,남,47세,경상,건설기계,남,55세,경상
2018051500100232,2018년 5월 15일 12시,화요일,전라남도 광양시 성황동,경상사고,0,0,1,0,차대차 - 추돌,안전운전불이행,건조,맑음,교차로 - 교차로부근,승용,남,26세,상해없음,승용,남,35세,경상
2018051500100249,2018년 5월 15일 13시,화요일,전라남도 여수시 율촌면,중상사고,0,1,1,0,차대차 - 추돌,교차로운행방법위반,건조,맑음,교차로 - 교차로안,승용,남,73세,상해없음,화물,남,45세,중상
2018051500100250,2018년 5월 15일 13시,화요일,전라남도 순천시 장천동,경상사고,0,0,1,0,차대사람 - 차도통행중,안전운전불이행,건조,맑음,단일로 - 기타,승용,남,64세,상해없음,보행자,여,58세,경상
2018051500100251,2018년 5월 15일 13시,화요일,전라남도 영광군 불갑면,경상사고,0,0,1,0,차대차 - 측면충돌,안전운전불이행,건조,맑음,단일로 - 기타,화물,여,30세,상해없음,건설기계,남,21세,경상
2018051500100252,2018년 5월 15일 13시,화요일,전라남도 무안군 청계면,경상사고,0,0,2,0,차대차 - 측면충돌,안전운전불이행,건조,맑음,교차로 - 교차로부근,승용,남,33세,상해없음,승용,여,55세,경상
2018051500100253,2018년 5월 15일 13시,화요일,전라남도 진도군 지산면,경상사고,0,0,1,0,차대사람 - 횡단중,안전운전불이행,건조,맑음,교차로 - 교차로안,승용,남,28세,상해없음,보행자,남,9세,경상
2018051500100283,2018년 5월 15일 14시,화요일,전라남도 목포시 옥암동,중상사고,0,1,0,0,차대사람 - 기타,안전운전불이행,건조,맑음,단일로 - 기타,승용,여,66세,상해없음,보행자,여,67세,중상
2018051500100284,2018년 5월 15일 14시,화요일,전라남도 나주시 이창동,경상사고,0,0,1,0,차대사람 - 횡단중,안전운전불이행,건조,맑음,교차로 - 교차로부근,승용,남,60세,상해없음,보행자,남,7세,경상
2018051500100285,2018년 5월 15일 14시,화요일,전라남도 영암군 삼호읍,경상사고,0,0,1,0,차량단독 - 도로외이탈 - 기타,안전운전불이행,건조,맑음,단일로 - 기타,농기계,남,77세,경상,,,,
2018051500100286,2018년 5월 15일 14시,화요일,전라남도 담양군 월산면,경상사고,0,0,2,0,차대차 - 측면충돌,안전거리미확보,건조,맑음,단일로 - 기타,승용,남,64세,상해없음,건설기계,남,42세,경상
2018051500100326,2018년 5월 15일 15시,화요일,전라남도 여수시 여서동,경상사고,0,0,1,0,차대사람 - 횡단중,보행자보호의무위반,건조,맑음,교차로 - 교차로부근,승용,남,50세,상해없음,보행자,여,75세,경상
2018051500100327,2018년 5월 15일 15시,화요일,전라남도 함평군 손불면,경상사고,0,0,1,0,차대차 - 측면충돌,안전운전불이행,건조,맑음,교차로 - 교차로부근,승용,여,53세,상해없음,이륜,남,73세,경상
2018051500100328,2018년 5월 15일 15시,화요일,전라남도 담양군 대전면,경상사고,0,0,2,0,차대차 - 측면충돌,안전운전불이행,건조,흐림,단일로 - 기타,승용,여,42세,상해없음,승합,여,55세,경상
2018051500100329,2018년 5월 15일 15시,화요일,전라남도 광양시 금호동,경상사고,0,0,1,0,차대차 - 기타,안전운전불이행,건조,맑음,단일로 - 기타,승용,여,36세,상해없음,화물,남,28세,경상
2018051500100368,2018년 5월 15일 16시,화요일,전라남도 담양군 담양읍,중상사고,0,1,0,0,차대사람 - 기타,기타,건조,맑음,단일로 - 기타,승용,남,59세,상해없음,보행자,남,74세,중상
2018051500100369,2018년 5월 15일 16시,화요일,전라남도 무안군 현경면,경상사고,0,0,1,0,차대차 - 기타,교차로운행방법위반,건조,맑음,교차로 - 교차로부근,승합,남,68세,상해없음,사륜오토바이(ATV),여,70세,경상
2018051500100398,2018년 5월 15일 17시,화요일,전라남도 무안군 삼향읍,경상사고,0,0,1,0,차대사람 - 보도통행중,보행자보호의무위반,건조,맑음,교차로 - 교차로횡단보도내,승용,여,45세,상해없음,보행자,남,5세,경상
2018051500100442,2018년 5월 15일 18시,화요일,전라남도 나주시 봉황면,경상사고,0,0,1,0,차량단독 - 공작물충돌,안전운전불이행,건조,맑음,단일로 - 기타,화물,남,46세,경상,,,,
2018051500100474,2018년 5월 15일 19시,화요일,전라남도 함평군 월야면,경상사고,0,0,1,0,차량단독 - 전도전복 - 전도,안전운전불이행,건조,맑음,단일로 - 기타,농기계,남,61세,경상,미분류,미분류,미분류,미분류
2018051500100475,2018년 5월 15일 19시,화요일,전라남도 광양시 중동,경상사고,0,0,2,0,차대차 - 측면충돌,중앙선침범,건조,맑음,단일로 - 기타,승용,남,54세,상해없음,승용,여,30세,경상
2018051500100507,2018년 5월 15일 20시,화요일,전라남도 무안군 삼향읍,경상사고,0,0,2,0,차대차 - 기타,안전운전불이행,건조,맑음,교차로 - 교차로부근,이륜,남,38세,상해없음,승용,남,60세,경상
2018051500100531,2018년 5월 15일 21시,화요일,전라남도 목포시 석현동,경상사고,0,0,1,0,차대차 - 기타,안전운전불이행,건조,맑음,교차로 - 교차로안,화물,여,58세,상해없음,승용,남,32세,경상
2018051500100532,2018년 5월 15일 21시,화요일,전라남도 여수시 연등동,경상사고,0,0,3,0,차대차 - 측면충돌,안전운전불이행,건조,맑음,단일로 - 기타,화물,여,56세,경상,승용,남,57세,경상
2018051500100580,2018년 5월 15일 23시,화요일,전라남도 여수시 학동,경상사고,0,0,1,0,차대차 - 정면충돌,중앙선침범,건조,맑음,단일로 - 기타,승용,남,39세,상해없음,승용,남,50세,경상
2018051500100581,2018년 5월 15일 23시,화요일,전라남도 여수시 학동,경상사고,0,0,3,0,차대차 - 측면충돌,안전운전불이행,건조,맑음,교차로 - 교차로안,승용,남,64세,상해없음,승용,남,32세,상해없음
2018051600100066,2018년 5월 16일 07시,수요일,전라남도 목포시 죽교동,경상사고,0,0,1,0,차대사람 - 기타,안전운전불이행,건조,맑음,단일로 - 기타,기타불명,기타불명,미분류,기타불명,보행자,여,13세,경상
2018051600100067,2018년 5월 16일 07시,수요일,전라남도 해남군 북평면,중상사고,0,1,0,0,차대차 - 기타,안전운전불이행,건조,맑음,교차로 - 교차로부근,승합,남,65세,상해없음,사륜오토바이(ATV),여,69세,중상
2018051600100100,2018년 5월 16일 08시,수요일,전라남도 보성군 보성읍,경상사고,0,0,2,0,차대차 - 측면충돌,안전운전불이행,젖음/습기,안개,교차로 - 교차로안,승용,남,69세,기타불명,승용,여,46세,경상
2018051600100101,2018년 5월 16일 08시,수요일,전라남도 영암군 덕진면,중상사고,0,1,0,0,차대차 - 측면충돌,안전운전불이행,건조,맑음,교차로 - 교차로안,화물,남,59세,상해없음,사륜오토바이(ATV),여,76세,중상
2018051600100102,2018년 5월 16일 08시,수요일,전라남도 담양군 담양읍,경상사고,0,0,2,0,차대차 - 추돌,안전운전불이행,건조,흐림,단일로 - 기타,승합,남,60세,상해없음,승용,여,48세,경상
2018051600100124,2018년 5월 16일 09시,수요일,전라남도 보성군 벌교읍,중상사고,0,1,0,0,차대차 - 측면충돌,안전거리미확보,건조,맑음,단일로 - 기타,화물,남,47세,상해없음,이륜,남,82세,중상
2018051600100168,2018년 5월 16일 11시,수요일,전라남도 보성군 득량면,사망사고,1,0,0,0,차대사람 - 차도통행중,안전운전불이행,젖음/습기,흐림,단일로 - 기타,승용,여,63세,상해없음,보행자,남,82세,사망
2018051600100169,2018년 5월 16일 11시,수요일,전라남도 담양군 수북면,중상사고,0,1,0,0,차대차 - 측면충돌,안전거리미확보,건조,맑음,단일로 - 기타,원동기,남,80세,중상,승용,여,27세,상해없음
2018051600100197,2018년 5월 16일 12시,수요일,전라남도 목포시 상동,경상사고,0,0,2,0,차대차 - 측면충돌,차로위반,젖음/습기,흐림,교차로 - 교차로부근,승용,여,43세,경상,승용,여,58세,경상
2018051600100198,2018년 5월 16일 12시,수요일,전라남도 진도군 군내면,경상사고,0,0,5,0,차대차 - 기타,중앙선침범,건조,맑음,단일로 - 기타,승용,여,65세,상해없음,승용,남,39세,경상
2018051600100227,2018년 5월 16일 13시,수요일,전라남도 목포시 산정동,중상사고,0,1,0,0,차대사람 - 길가장자리구역통행중,안전운전불이행,건조,맑음,교차로 - 교차로안,화물,남,37세,상해없음,보행자,여,67세,중상
2018051600100257,2018년 5월 16일 14시,수요일,전라남도 담양군 담양읍,중상사고,0,1,1,0,차대차 - 측면충돌,교차로운행방법위반,건조,맑음,교차로 - 교차로안,화물,남,48세,상해없음,원동기,남,83세,중상
2018051600100306,2018년 5월 16일 16시,수요일,전라남도 순천시 동외동,경상사고,0,0,1,0,차대차 - 기타,직진우회전진행방해,건조,맑음,교차로 - 교차로안,승합,남,31세,상해없음,승용,남,43세,경상
2018051600100307,2018년 5월 16일 16시,수요일,전라남도 나주시 빛가람동,경상사고,0,0,1,0,차대차 - 측면충돌,교차로운행방법위반,건조,맑음,교차로 - 교차로부근,승용,여,39세,상해없음,승용,남,36세,경상
2018051600100338,2018년 5월 16일 17시,수요일,전라남도 목포시 상동,경상사고,0,0,1,0,차대차 - 추돌,안전운전불이행,건조,흐림,교차로 - 교차로부근,승용,남,36세,상해없음,승용,남,40세,경상
2018051600100434,2018년 5월 16일 20시,수요일,전라남도 목포시 상동,중상사고,0,1,0,0,차대사람 - 차도통행중,안전운전불이행,젖음/습기,비,교차로 - 교차로안,승용,여,59세,상해없음,보행자,남,63세,중상
2018051600100435,2018년 5월 16일 20시,수요일,전라남도 목포시 상동,중상사고,0,2,1,0,차대사람 - 횡단중,보행자보호의무위반,건조,흐림,교차로 - 교차로횡단보도내,화물,남,27세,상해없음,보행자,남,38세,중상
2018051600100436,2018년 5월 16일 20시,수요일,전라남도 여수시 소호동,경상사고,0,0,1,0,차대차 - 측면충돌,안전운전불이행,젖음/습기,비,교차로 - 교차로부근,승용,남,44세,상해없음,승용,남,25세,경상
2018051600100437,2018년 5월 16일 20시,수요일,전라남도 보성군 벌교읍,경상사고,0,0,3,0,차대차 - 측면충돌,교차로운행방법위반,건조,맑음,교차로 - 교차로안,승용,남,37세,경상,승용,남,50세,상해없음
2018051600100472,2018년 5월 16일 21시,수요일,전라남도 여수시 소라면,경상사고,0,0,2,0,차대차 - 측면충돌,신호위반,젖음/습기,비,교차로 - 교차로안,승용,남,25세,상해없음,승용,여,46세,경상
2018051600100473,2018년 5월 16일 21시,수요일,전라남도 여수시 봉계동,중상사고,0,3,0,0,차대차 - 추돌,안전운전불이행,젖음/습기,비,교차로 - 교차로부근,승용,남,55세,상해없음,승용,남,55세,중상
2018051600100474,2018년 5월 16일 21시,수요일,전라남도 보성군 벌교읍,경상사고,0,0,2,0,차대차 - 측면충돌,직진우회전진행방해,젖음/습기,비,교차로 - 교차로안,승용,남,27세,경상,승용,남,61세,상해없음
2018051600100475,2018년 5월 16일 21시,수요일,전라남도 광양시 광양읍,경상사고,0,0,2,0,차대차 - 추돌,안전운전불이행,젖음/습기,비,교차로 - 교차로부근,승용,남,44세,상해없음,승용,남,60세,경상
2018051600100495,2018년 5월 16일 22시,수요일,전라남도 목포시 옥암동,경상사고,0,0,1,0,차대차 - 측면충돌,교차로운행방법위반,건조,흐림,교차로 - 교차로안,승용,여,24세,상해없음,승용,남,31세,경상
2018051600100496,2018년 5월 16일 22시,수요일,전라남도 광양시 광양읍,경상사고,0,0,1,0,차대차 - 추돌,안전운전불이행,건조,맑음,교차로 - 교차로부근,승용,여,55세,상해없음,승용,남,41세,경상
2018051600100518,2018년 5월 16일 23시,수요일,전라남도 목포시 상동,경상사고,0,0,2,0,차대차 - 측면충돌,중앙선침범,건조,흐림,단일로 - 기타,승용,남,44세,상해없음,승용,남,33세,상해없음
2018051600100519,2018년 5월 16일 23시,수요일,전라남도 목포시 상동,경상사고,0,0,1,0,차대차 - 측면충돌,안전운전불이행,젖음/습기,비,단일로 - 기타,승용,남,50세,상해없음,이륜,남,18세,경상
2018051700100075,2018년 5월 17일 07시,목요일,전라남도 영광군 군서면,경상사고,0,0,2,0,차대차 - 정면충돌,중앙선침범,건조,맑음,단일로 - 기타,승용,남,42세,경상,승용,여,46세,경상
2018051700100111,2018년 5월 17일 08시,목요일,전라남도 순천시 월등면,사망사고,1,0,0,0,차량단독 - 공작물충돌,안전운전불이행,건조,맑음,단일로 - 기타,화물,남,61세,사망,,,,
2018051700100112,2018년 5월 17일 08시,목요일,전라남도 장흥군 장흥읍,경상사고,0,0,1,0,차대차 - 추돌,안전운전불이행,건조,맑음,교차로 - 교차로부근,승용,남,35세,상해없음,원동기,남,78세,경상