사고번호,사고일시,요일,시군구,사고내용,사망자수,중상자수,경상자수,부상신고자수,사고유형,법규위반,노면상태,기상상태,도로형태,가해운전자 차종,가해운전자 성별,가해운전자 연령,가해운전자 상해정도,피해운전자 차종,피해운전자 성별,피해운전자 연령,피해운전자 상해정도
2018051700100113,2018년 5월 17일 08시,목요일,전라남도 화순군 화순읍,부상신고사고,0,0,0,1,차대사람 - 차도통행중,안전운전불이행,건조,맑음,교차로 - 교차로안,승용,남,47세,상해없음,보행자,남,40세,부상신고
2018051700100153,2018년 5월 17일 09시,목요일,전라남도 진도군 의신면,경상사고,0,0,2,0,차대차 - 추돌,안전운전불이행,젖음/습기,비,교차로 - 교차로부근,화물,남,67세,상해없음,승용,여,52세,경상
2018051700100154,2018년 5월 17일 09시,목요일,전라남도 진도군 임회면,경상사고,0,0,1,0,차대차 - 정면충돌,중앙선침범,젖음/습기,흐림,단일로 - 기타,승용,여,55세,상해없음,승용,남,48세,경상
2018051700100184,2018년 5월 17일 10시,목요일,전라남도 해남군 계곡면,중상사고,0,1,0,0,차대사람 - 기타,안전운전불이행,건조,흐림,단일로 - 기타,승용,남,78세,상해없음,보행자,남,61세,중상
2018051700100185,2018년 5월 17일 10시,목요일,전라남도 담양군 담양읍,경상사고,0,0,1,0,차대차 - 측면충돌,기타,건조,맑음,교차로 - 교차로안,승용,여,48세,상해없음,농기계,남,77세,경상
2018051700100238,2018년 5월 17일 12시,목요일,전라남도 영암군 미암면,중상사고,0,1,1,0,차대차 - 측면충돌,기타,젖음/습기,비,교차로 - 교차로안,승용,남,73세,경상,농기계,남,63세,중상
2018051700100298,2018년 5월 17일 14시,목요일,전라남도 순천시 연향동,경상사고,0,0,1,0,차대차 - 측면충돌,차로위반,건조,맑음,교차로 - 교차로안,화물,남,63세,상해없음,승용,여,63세,경상
2018051700100299,2018년 5월 17일 14시,목요일,전라남도 해남군 해남읍,경상사고,0,0,3,0,차대차 - 측면충돌,교차로운행방법위반,기타,흐림,교차로 - 교차로안,화물,남,60세,상해없음,승용,여,23세,경상
2018051700100300,2018년 5월 17일 14시,목요일,전라남도 담양군 고서면,경상사고,0,0,1,0,차대차 - 측면충돌,안전거리미확보,건조,맑음,교차로 - 교차로부근,화물,남,68세,상해없음,승용,남,46세,상해없음
2018051700100301,2018년 5월 17일 14시,목요일,전라남도 진도군 진도읍,중상사고,0,1,0,0,차대사람 - 기타,안전운전불이행,젖음/습기,비,기타 - 기타,화물,남,56세,상해없음,보행자,여,57세,중상
2018051700100334,2018년 5월 17일 15시,목요일,전라남도 함평군 나산면,중상사고,0,5,1,0,차대차 - 정면충돌,중앙선침범,젖음/습기,비,단일로 - 기타,승용,남,27세,상해없음,승용,여,40세,중상
2018051700100335,2018년 5월 17일 15시,목요일,전라남도 광양시 광양읍,경상사고,0,0,3,0,차대차 - 측면충돌,교차로운행방법위반,건조,흐림,교차로 - 교차로안,승용,여,58세,경상,승용,여,28세,경상
2018051700100359,2018년 5월 17일 16시,목요일,전라남도 여수시 문수동,경상사고,0,0,1,0,차대사람 - 차도통행중,안전운전불이행,젖음/습기,비,교차로 - 교차로안,승용,여,60세,상해없음,보행자,여,55세,경상
2018051700100360,2018년 5월 17일 16시,목요일,전라남도 장성군 진원면,중상사고,0,1,1,0,차대차 - 측면충돌,신호위반,건조,맑음,교차로 - 교차로안,화물,남,63세,상해없음,승용,여,58세,중상
2018051700100395,2018년 5월 17일 17시,목요일,전라남도 여수시 선원동,경상사고,0,0,1,0,차대차 - 추돌,안전운전불이행,젖음/습기,비,단일로 - 기타,승용,여,56세,상해없음,승용,남,43세,경상
2018051700100465,2018년 5월 17일 19시,목요일,전라남도 광양시 금호동,경상사고,0,0,1,0,차대차 - 기타,차로위반,젖음/습기,비,단일로 - 교량,건설기계,남,41세,상해없음,승용,여,35세,경상
2018051700100513,2018년 5월 17일 20시,목요일,전라남도 순천시 덕월동,경상사고,0,0,1,0,차대차 - 측면충돌,안전운전불이행,건조,맑음,단일로 - 기타,승용,남,58세,상해없음,이륜,남,30세,경상
2018051700100514,2018년 5월 17일 20시,목요일,전라남도 장흥군 부산면,경상사고,0,0,1,0,차대차 - 정면충돌,안전운전불이행,젖음/습기,비,단일로 - 기타,화물,남,25세,경상,농기계,남,78세,상해없음
2018051700100556,2018년 5월 17일 21시,목요일,전라남도 광양시 광양읍,중상사고,0,1,0,0,차대사람 - 횡단중,안전운전불이행,젖음/습기,비,단일로 - 기타,승용,남,50세,상해없음,보행자,여,33세,중상
2018051700100601,2018년 5월 17일 22시,목요일,전라남도 여수시 학동,경상사고,0,0,1,0,차대사람 - 횡단중,보행자보호의무위반,젖음/습기,흐림,단일로 - 기타,승용,남,36세,상해없음,보행자,남,30세,경상
2018051700100602,2018년 5월 17일 22시,목요일,전라남도 여수시 여서동,경상사고,0,0,1,0,차대차 - 측면충돌,교차로운행방법위반,건조,맑음,교차로 - 교차로안,승용,여,57세,상해없음,승용,여,41세,경상
2018051700100603,2018년 5월 17일 22시,목요일,전라남도 완도군 완도읍,경상사고,0,0,1,0,차대사람 - 횡단중,안전운전불이행,건조,맑음,단일로 - 기타,승용,남,32세,상해없음,보행자,남,53세,경상
2018051800100014,2018년 5월 18일 00시,금요일,전라남도 나주시 송월동,중상사고,0,1,0,0,차량단독 - 공작물충돌,안전운전불이행,젖음/습기,비,단일로 - 기타,승용,남,23세,중상,,,,
2018051800100052,2018년 5월 18일 02시,금요일,전라남도 영암군 신북면,경상사고,0,0,1,0,차량단독 - 공작물충돌,안전운전불이행,젖음/습기,비,단일로 - 기타,승용,남,42세,경상,,,,
2018051800100073,2018년 5월 18일 04시,금요일,전라남도 여수시 학동,경상사고,0,0,1,0,차대차 - 추돌,안전운전불이행,젖음/습기,맑음,교차로 - 교차로부근,기타불명,기타불명,미분류,기타불명,승용,남,21세,경상
2018051800100093,2018년 5월 18일 06시,금요일,전라남도 영암군 시종면,경상사고,0,0,1,0,차대차 - 정면충돌,중앙선침범,젖음/습기,비,단일로 - 기타,화물,남,58세,경상,승합,남,50세,상해없음
2018051800100143,2018년 5월 18일 08시,금요일,전라남도 나주시 산포면,경상사고,0,0,1,0,차대차 - 측면충돌,직진우회전진행방해,건조,맑음,교차로 - 교차로부근,승용,남,33세,상해없음,승용,남,59세,경상
2018051800100144,2018년 5월 18일 08시,금요일,전라남도 해남군 해남읍,경상사고,0,0,1,0,차대차 - 기타,신호위반,건조,맑음,교차로 - 교차로안,승용,남,30세,상해없음,자전거,남,63세,경상
2018051800100186,2018년 5월 18일 09시,금요일,전라남도 고흥군 고흥읍,경상사고,0,0,1,0,차대차 - 측면충돌,안전운전불이행,젖음/습기,비,단일로 - 기타,승용,남,68세,상해없음,이륜,남,75세,경상
2018051800100187,2018년 5월 18일 09시,금요일,전라남도 장성군 삼서면,경상사고,0,0,1,1,차량단독 - 기타,안전운전불이행,젖음/습기,흐림,기타 - 기타,승용,여,47세,부상신고,,,,
2018051800100207,2018년 5월 18일 10시,금요일,전라남도 목포시 옥암동,중상사고,0,1,0,0,차대차 - 측면충돌,안전운전불이행,건조,맑음,단일로 - 기타,승용,여,46세,상해없음,자전거,남,70세,중상
2018051800100208,2018년 5월 18일 10시,금요일,전라남도 목포시 산정동,중상사고,0,1,0,0,차대차 - 측면충돌,안전운전불이행,건조,맑음,단일로 - 기타,자전거,남,78세,중상,화물,남,65세,상해없음
2018051800100209,2018년 5월 18일 10시,금요일,전라남도 보성군 보성읍,경상사고,0,0,1,0,차대사람 - 횡단중,안전운전불이행,건조,맑음,단일로 - 기타,승용,여,56세,상해없음,보행자,여,15세,경상
2018051800100210,2018년 5월 18일 10시,금요일,전라남도 함평군 학교면,부상신고사고,0,0,0,1,차량단독 - 도로외이탈 - 기타,안전운전불이행,건조,맑음,단일로 - 기타,화물,여,52세,부상신고,,,,
2018051800100246,2018년 5월 18일 11시,금요일,전라남도 여수시 공화동,중상사고,0,1,0,0,차대사람 - 횡단중,안전운전불이행,건조,맑음,교차로 - 교차로안,승용,여,66세,상해없음,보행자,여,75세,중상
2018051800100247,2018년 5월 18일 11시,금요일,전라남도 곡성군 곡성읍,중상사고,0,2,2,0,차대차 - 추돌,안전운전불이행,젖음/습기,흐림,교차로 - 교차로부근,승용,남,67세,중상,승용,여,47세,경상
2018051800100248,2018년 5월 18일 11시,금요일,전라남도 곡성군 곡성읍,중상사고,0,1,0,0,차대차 - 측면충돌,안전운전불이행,젖음/습기,비,단일로 - 기타,승용,남,63세,중상,건설기계,남,46세,상해없음
2018051800100249,2018년 5월 18일 11시,금요일,전라남도 무안군 무안읍,경상사고,0,0,1,0,차대차 - 측면충돌,안전운전불이행,건조,맑음,교차로 - 교차로부근,승용,여,37세,상해없음,승용,남,25세,경상
2018051800100277,2018년 5월 18일 12시,금요일,전라남도 장흥군 관산읍,경상사고,0,0,1,0,차대차 - 후진중충돌,안전운전불이행,건조,맑음,단일로 - 기타,화물,남,72세,상해없음,화물,남,75세,경상
2018051800100278,2018년 5월 18일 12시,금요일,전라남도 진도군 군내면,경상사고,0,0,2,0,차대차 - 측면충돌,교차로운행방법위반,건조,맑음,교차로 - 교차로안,승용,남,53세,경상,화물,남,58세,경상
2018051800100301,2018년 5월 18일 13시,금요일,전라남도 해남군 해남읍,중상사고,0,1,0,0,차대사람 - 기타,안전운전불이행,건조,맑음,교차로 - 교차로안,승용,여,44세,상해없음,보행자,남,90세 이상,중상
2018051800100333,2018년 5월 18일 14시,금요일,전라남도 나주시 운곡동,중상사고,0,1,0,0,차대사람 - 기타,안전운전불이행,건조,맑음,단일로 - 기타,화물,남,33세,상해없음,보행자,남,62세,중상
2018051800100365,2018년 5월 18일 15시,금요일,전라남도 여수시 문수동,경상사고,0,0,1,0,차대차 - 측면충돌,교차로운행방법위반,건조,맑음,교차로 - 교차로안,승용,남,27세,상해없음,승용,여,33세,경상
2018051800100366,2018년 5월 18일 15시,금요일,전라남도 여수시 주삼동,경상사고,0,0,1,0,차대차 - 추돌,안전운전불이행,건조,맑음,교차로 - 교차로부근,승용,남,59세,상해없음,화물,남,45세,경상
2018051800100409,2018년 5월 18일 16시,금요일,전라남도 순천시 조례동,경상사고,0,0,4,0,차대차 - 측면충돌,교차로운행방법위반,건조,맑음,교차로 - 교차로안,승합,남,49세,상해없음,승용,남,66세,경상
2018051800100410,2018년 5월 18일 16시,금요일,전라남도 강진군 성전면,경상사고,0,0,3,0,차대차 - 추돌,안전운전불이행,건조,맑음,단일로 - 기타,화물,남,44세,상해없음,승용,여,49세,경상
2018051800100440,2018년 5월 18일 17시,금요일,전라남도 순천시 해룡면,중상사고,0,1,0,0,차대차 - 측면충돌,안전운전불이행,건조,맑음,교차로 - 교차로부근,승용,남,33세,상해없음,이륜,남,18세,중상
2018051800100441,2018년 5월 18일 17시,금요일,전라남도 보성군 노동면,중상사고,0,1,1,0,차대차 - 측면충돌,교차로운행방법위반,건조,맑음,교차로 - 교차로안,승합,남,55세,상해없음,농기계,남,60세,경상
2018051800100442,2018년 5월 18일 17시,금요일,전라남도 함평군 함평읍,경상사고,0,0,1,0,차대차 - 측면충돌,안전운전불이행,건조,맑음,단일로 - 기타,화물,남,61세,기타불명,자전거,남,75세,경상
2018051800100478,2018년 5월 18일 18시,금요일,전라남도 나주시 송월동,경상사고,0,0,1,0,차대차 - 측면충돌,신호위반,건조,맑음,교차로 - 교차로안,승용,남,71세,상해없음,승용,여,31세,경상
2018051800100610,2018년 5월 18일 21시,금요일,전라남도 목포시 용해동,경상사고,0,0,2,0,차대차 - 추돌,안전운전불이행,건조,맑음,단일로 - 기타,승용,여,33세,상해없음,승용,여,41세,경상
2018051800100611,2018년 5월 18일 21시,금요일,전라남도 영암군 삼호읍,경상사고,0,0,1,0,차대차 - 추돌,안전운전불이행,건조,맑음,단일로 - 기타,승용,남,34세,상해없음,승용,남,26세,경상
2018051800100641,2018년 5월 18일 22시,금요일,전라남도 목포시 옥암동,경상사고,0,0,1,0,차대차 - 기타,신호위반,건조,맑음,교차로 - 교차로안,승용,남,57세,상해없음,승용,남,39세,경상
2018051800100642,2018년 5월 18일 22시,금요일,전라남도 광양시 중동,중상사고,0,1,1,0,차대차 - 측면충돌,신호위반,건조,맑음,교차로 - 교차로안,승용,남,58세,상해없음,이륜,남,21세,경상
2018051800100678,2018년 5월 18일 23시,금요일,전라남도 목포시 용당동,경상사고,0,0,1,0,차대차 - 측면충돌,안전운전불이행,건조,맑음,단일로 - 기타,승용,남,22세,상해없음,특수,남,44세,경상
2018051900100073,2018년 5월 19일 03시,토요일,전라남도 목포시 산정동,경상사고,0,0,1,0,차대차 - 측면충돌,신호위반,건조,맑음,단일로 - 기타,승용,여,38세,상해없음,승용,남,47세,경상
2018051900100102,2018년 5월 19일 05시,토요일,전라남도 목포시 옥암동,중상사고,0,1,0,0,차대차 - 정면충돌,중앙선침범,건조,맑음,단일로 - 기타,승용,남,32세,상해없음,화물,남,34세,중상
2018051900100119,2018년 5월 19일 06시,토요일,전라남도 완도군 완도읍,경상사고,0,0,1,0,차대차 - 측면충돌,안전운전불이행,건조,맑음,단일로 - 기타,화물,남,47세,상해없음,승용,여,59세,경상
2018051900100135,2018년 5월 19일 07시,토요일,전라남도 여수시 봉계동,경상사고,0,0,1,0,차대차 - 후진중충돌,안전운전불이행,건조,맑음,단일로 - 기타,화물,남,35세,상해없음,승용,여,56세,경상
2018051900100157,2018년 5월 19일 08시,토요일,전라남도 광양시 성황동,중상사고,0,1,0,0,차대차 - 기타,안전운전불이행,건조,맑음,단일로 - 기타,승용,여,63세,중상,특수,남,47세,기타불명
2018051900100177,2018년 5월 19일 09시,토요일,전라남도 고흥군 대서면,중상사고,0,2,0,0,차대차 - 정면충돌,중앙선침범,건조,맑음,단일로 - 기타,승용,여,59세,중상,화물,남,76세,중상
2018051900100178,2018년 5월 19일 09시,토요일,전라남도 해남군 해남읍,중상사고,0,1,1,0,차대차 - 측면충돌,안전운전불이행,건조,맑음,교차로 - 교차로부근,화물,남,78세,상해없음,승용,남,64세,중상
2018051900100264,2018년 5월 19일 11시,토요일,전라남도 나주시 영산동,중상사고,0,1,0,0,차대사람 - 기타,안전운전불이행,건조,맑음,단일로 - 기타,승용,남,63세,상해없음,보행자,여,78세,중상
2018051900100298,2018년 5월 19일 12시,토요일,전라남도 무안군 몽탄면,중상사고,0,1,11,3,차대차 - 추돌,안전거리미확보,건조,맑음,단일로 - 터널,화물,남,72세,경상,승용,남,44세,상해없음
2018051900100299,2018년 5월 19일 12시,토요일,전라남도 여수시 광무동,경상사고,0,0,1,0,차량단독 - 기타,안전운전불이행,건조,맑음,단일로 - 기타,자전거,남,29세,경상,,,,
2018051900100352,2018년 5월 19일 13시,토요일,전라남도 고흥군 도양읍,경상사고,0,0,1,0,차대사람 - 차도통행중,안전운전불이행,건조,맑음,단일로 - 기타,승용,남,76세,상해없음,보행자,여,77세,경상
2018051900100353,2018년 5월 19일 13시,토요일,전라남도 진도군 의신면,중상사고,0,1,0,0,차대차 - 측면충돌,안전운전불이행,건조,맑음,단일로 - 기타,이륜,남,69세,중상,화물,남,32세,상해없음
2018051900100401,2018년 5월 19일 14시,토요일,전라남도 여수시 돌산읍,경상사고,0,0,5,0,차대차 - 측면충돌,안전운전불이행,건조,맑음,단일로 - 기타,승용,남,25세,상해없음,승용,여,61세,경상
2018051900100402,2018년 5월 19일 14시,토요일,전라남도 나주시 빛가람동,경상사고,0,0,1,0,차대차 - 기타,교차로운행방법위반,건조,맑음,교차로 - 교차로안,승용,남,24세,상해없음,이륜,남,35세,경상
2018051900100403,2018년 5월 19일 14시,토요일,전라남도 곡성군 곡성읍,부상신고사고,0,0,0,1,차대차 - 측면충돌,직진우회전진행방해,건조,맑음,교차로 - 교차로안,화물,남,47세,부상신고,농기계,남,60세,상해없음
2018051900100442,2018년 5월 19일 15시,토요일,전라남도 장성군 장성읍,경상사고,0,0,1,0,차대차 - 기타,안전거리미확보,건조,맑음,단일로 - 기타,승용,여,51세,상해없음,승용,여,34세,경상
2018051900100478,2018년 5월 19일 16시,토요일,전라남도 목포시 산정동,경상사고,0,0,1,0,차대차 - 측면충돌,안전운전불이행,건조,맑음,단일로 - 기타,승용,남,65세,상해없음,승용,여,59세,경상
2018051900100479,2018년 5월 19일 16시,토요일,전라남도 순천시 해룡면,중상사고,0,1,0,0,차대차 - 기타,안전운전불이행,건조,맑음,단일로 - 기타,자전거,남,31세,중상,자전거,남,15세,상해없음
2018051900100480,2018년 5월 19일 16시,토요일,전라남도 곡성군 곡성읍,중상사고,0,1,2,0,차대차 - 측면충돌,직진우회전진행방해,건조,맑음,교차로 - 교차로안,승용,남,63세,경상,승용,여,23세,경상
2018051900100521,2018년 5월 19일 17시,토요일,전라남도 목포시 산정동,경상사고,0,0,3,0,차대차 - 측면충돌,안전거리미확보,건조,맑음,단일로 - 기타,승용,남,19세,경상,승용,남,31세,경상
2018051900100522,2018년 5월 19일 17시,토요일,전라남도 여수시 학동,경상사고,0,0,1,0,차대사람 - 길가장자리구역통행중,안전운전불이행,건조,맑음,단일로 - 기타,승용,여,50세,상해없음,보행자,남,45세,경상
2018051900100523,2018년 5월 19일 17시,토요일,전라남도 여수시 웅천동,경상사고,0,0,6,0,차대차 - 추돌,안전운전불이행,건조,맑음,단일로 - 기타,승용,여,39세,경상,승용,여,39세,경상
2018051900100524,2018년 5월 19일 17시,토요일,전라남도 여수시 웅천동,경상사고,0,0,4,0,차대차 - 추돌,안전거리미확보,건조,맑음,단일로 - 기타,승용,남,51세,상해없음,승용,여,46세,경상
2018051900100525,2018년 5월 19일 17시,토요일,전라남도 무안군 청계면,경상사고,0,0,2,0,차대차 - 측면충돌,안전운전불이행,건조,맑음,기타 - 기타,승용,남,84세,상해없음,승용,남,56세,경상
2018051900100567,2018년 5월 19일 18시,토요일,전라남도 목포시 용해동,경상사고,0,0,5,0,차대차 - 측면충돌,안전운전불이행,건조,맑음,교차로 - 교차로안,승용,여,32세,경상,승합,남,38세,경상
2018051900100568,2018년 5월 19일 18시,토요일,전라남도 여수시 신기동,경상사고,0,0,2,0,차대차 - 추돌,안전운전불이행,건조,맑음,단일로 - 기타,승용,남,49세,상해없음,승용,여,50세,경상
2018051900100569,2018년 5월 19일 18시,토요일,전라남도 나주시 삼영동,경상사고,0,0,1,0,차대차 - 측면충돌,중앙선침범,건조,맑음,교차로 - 교차로안,이륜,남,63세,경상,화물,남,40세,상해없음
2018051900100571,2018년 5월 19일 18시,토요일,전라남도 광양시 광양읍,중상사고,0,1,0,0,차대사람 - 횡단중,안전운전불이행,건조,맑음,단일로 - 기타,승용,여,50세,상해없음,보행자,남,7세,중상
2018051900100572,2018년 5월 19일 18시,토요일,전라남도 구례군 산동면,경상사고,0,0,1,0,차대차 - 측면충돌,교차로운행방법위반,건조,맑음,교차로 - 교차로안,사륜오토바이(ATV),여,78세,경상,승용,남,62세,상해없음
2018051900100604,2018년 5월 19일 19시,토요일,전라남도 순천시 조례동,경상사고,0,0,1,0,차대차 - 측면충돌,차로위반,건조,맑음,단일로 - 기타,승용,남,53세,기타불명,승용,남,70세,경상
2018051900100605,2018년 5월 19일 19시,토요일,전라남도 담양군 담양읍,경상사고,0,0,3,0,차대차 - 기타,직진우회전진행방해,건조,맑음,교차로 - 교차로안,승용,남,54세,상해없음,승용,남,43세,경상
2018051900100639,2018년 5월 19일 20시,토요일,전라남도 구례군 마산면,경상사고,0,0,1,0,차대사람 - 길가장자리구역통행중,안전운전불이행,건조,맑음,단일로 - 기타,기타불명,기타불명,미분류,기타불명,보행자,여,64세,경상
2018051900100695,2018년 5월 19일 22시,토요일,전라남도 무안군 무안읍,경상사고,0,0,2,0,차대차 - 추돌,안전운전불이행,건조,맑음,교차로 - 교차로부근,승용,남,43세,상해없음,승용,여,44세,경상
2018051900100723,2018년 5월 19일 23시,토요일,전라남도 구례군 구례읍,중상사고,0,1,0,0,차량단독 - 공작물충돌,안전운전불이행,건조,기타,교차로 - 교차로안,승용,남,52세,중상,,,,
2018052000100026,2018년 5월 20일 01시,일요일,전라남도 광양시 마동,부상신고사고,0,0,0,1,차량단독 - 공작물충돌,안전운전불이행,건조,맑음,교차로 - 교차로부근,승용,남,51세,부상신고,,,,
2018052000100059,2018년 5월 20일 04시,일요일,전라남도 순천시 덕암동,중상사고,0,1,0,0,차대차 - 측면충돌,신호위반,건조,맑음,교차로 - 교차로안,승용,남,24세,상해없음,승용,남,57세,중상
2018052000100094,2018년 5월 20일 06시,일요일,전라남도 여수시 신기동,경상사고,0,0,1,0,차대차 - 추돌,안전운전불이행,건조,맑음,단일로 - 기타,승용,남,21세,상해없음,화물,남,39세,경상
2018052000100095,2018년 5월 20일 06시,일요일,전라남도 여수시 화양면,경상사고,0,0,1,0,차량단독 - 공작물충돌,안전운전불이행,건조,맑음,단일로 - 기타,승용,남,42세,경상,,,,
2018052000100152,2018년 5월 20일 10시,일요일,전라남도 담양군 금성면,중상사고,0,1,0,0,차대차 - 측면충돌,과속,건조,맑음,교차로 - 교차로안,승용,남,32세,상해없음,원동기,남,74세,중상
2018052000100153,2018년 5월 20일 10시,일요일,전라남도 곡성군 곡성읍,경상사고,0,0,1,0,차대차 - 측면충돌,직진우회전진행방해,건조,맑음,교차로 - 교차로안,승용,남,74세,상해없음,승용,남,59세,경상
2018052000100154,2018년 5월 20일 10시,일요일,전라남도 광양시 광양읍,경상사고,0,0,1,0,차대차 - 측면충돌,안전운전불이행,건조,맑음,교차로 - 교차로안,화물,남,53세,상해없음,승용,여,29세,경상
2018052000100172,2018년 5월 20일 11시,일요일,전라남도 신안군 장산면,중상사고,0,1,0,0,차대사람 - 기타,안전운전불이행,건조,맑음,단일로 - 기타,승합,남,58세,상해없음,보행자,남,63세,중상
2018052000100173,2018년 5월 20일 11시,일요일,전라남도 보성군 회천면,경상사고,0,0,1,0,차대차 - 측면충돌,신호위반,건조,맑음,교차로 - 교차로안,이륜,남,87세,경상,승용,여,31세,상해없음
2018052000100174,2018년 5월 20일 11시,일요일,전라남도 장성군 장성읍,경상사고,0,0,1,0,차대차 - 측면충돌,차로위반,건조,맑음,교차로 - 교차로부근,승용,남,64세,상해없음,화물,남,36세,경상
2018052000100175,2018년 5월 20일 11시,일요일,전라남도 완도군 완도읍,경상사고,0,0,1,0,차대사람 - 기타,안전운전불이행,건조,맑음,단일로 - 기타,승용,남,54세,상해없음,보행자,남,6세,경상
2018052000100201,2018년 5월 20일 12시,일요일,전라남도 함평군 학교면,중상사고,0,1,0,0,차대사람 - 기타,안전운전불이행,건조,맑음,단일로 - 기타,건설기계,남,47세,상해없음,보행자,여,84세,중상
2018052000100223,2018년 5월 20일 13시,일요일,전라남도 목포시 용해동,경상사고,0,0,1,0,차대차 - 기타,안전운전불이행,건조,맑음,단일로 - 기타,승용,남,38세,상해없음,이륜,남,21세,경상
2018052000100224,2018년 5월 20일 13시,일요일,전라남도 목포시 연산동,중상사고,0,1,0,0,차량단독 - 기타,안전운전불이행,건조,맑음,기타 - 기타,이륜,남,18세,중상,,,,
2018052000100225,2018년 5월 20일 13시,일요일,전라남도 순천시 해룡면,경상사고,0,0,1,0,차대차 - 추돌,안전운전불이행,건조,맑음,교차로 - 교차로부근,승용,남,57세,상해없음,승용,남,42세,경상
2018052000100226,2018년 5월 20일 13시,일요일,전라남도 영암군 신북면,경상사고,0,0,5,0,차대차 - 추돌,안전운전불이행,건조,맑음,단일로 - 기타,승용,남,31세,상해없음,승용,남,31세,경상
2018052000100257,2018년 5월 20일 14시,일요일,전라남도 무안군 해제면,경상사고,0,0,1,0,차대차 - 추돌,안전운전불이행,건조,맑음,교차로 - 교차로부근,화물,남,59세,상해없음,화물,여,63세,경상
2018052000100285,2018년 5월 20일 15시,일요일,전라남도 목포시 상동,경상사고,0,0,1,0,차대차 - 추돌,차로위반,건조,맑음,교차로 - 교차로부근,원동기,남,42세,경상,승용,남,49세,상해없음
2018052000100286,2018년 5월 20일 15시,일요일,전라남도 여수시 화양면,중상사고,0,1,3,0,차대차 - 측면충돌,신호위반,건조,맑음,교차로 - 교차로안,승합,남,60세,상해없음,승합,남,57세,경상
2018052000100287,2018년 5월 20일 15시,일요일,전라남도 곡성군 곡성읍,경상사고,0,0,1,0,차대차 - 측면충돌,안전운전불이행,건조,맑음,교차로 - 교차로부근,이륜,남,48세,상해없음,이륜,남,43세,경상
2018052000100288,2018년 5월 20일 15시,일요일,전라남도 곡성군 곡성읍,중상사고,0,1,0,0,차대사람 - 기타,안전운전불이행,건조,맑음,교차로 - 교차로안,승용,여,48세,상해없음,보행자,남,21세,중상
2018052000100289,2018년 5월 20일 15시,일요일,전라남도 무안군 현경면,사망사고,2,0,1,0,차대차 - 정면충돌,중앙선침범,건조,맑음,단일로 - 기타,승용,남,53세,사망,건설기계,남,60세,경상
2018052000100321,2018년 5월 20일 16시,일요일,전라남도 목포시 용해동,중상사고,0,1,2,0,차대차 - 기타,교차로운행방법위반,건조,맑음,교차로 - 교차로안,승용,남,45세,상해없음,승용,여,24세,중상
2018052000100349,2018년 5월 20일 17시,일요일,전라남도 목포시 연산동,경상사고,0,0,1,0,차량단독 - 전도전복 - 전복,안전운전불이행,건조,맑음,기타 - 기타,화물,남,54세,경상,미분류,미분류,미분류,미분류
2018052000100350,2018년 5월 20일 17시,일요일,전라남도 구례군 구례읍,경상사고,0,0,1,0,차대차 - 측면충돌,교차로운행방법위반,건조,흐림,교차로 - 교차로안,원동기,여,63세,경상,승용,남,72세,상해없음
2018052000100368,2018년 5월 20일 18시,일요일,전라남도 나주시 다시면,경상사고,0,0,1,0,차량단독 - 도로외이탈 - 기타,안전운전불이행,건조,맑음,교차로 - 교차로안,화물,여,38세,경상,,,,
2018052000100393,2018년 5월 20일 19시,일요일,전라남도 장흥군 장흥읍,경상사고,0,0,1,0,차대사람 - 길가장자리구역통행중,안전운전불이행,건조,맑음,단일로 - 기타,승용,남,68세,상해없음,보행자,여,76세,경상
2018052000100427,2018년 5월 20일 20시,일요일,전라남도 나주시 공산면,사망사고,1,0,1,0,차대차 - 추돌,과속,건조,맑음,단일로 - 기타,승용,남,29세,사망,농기계,남,59세,경상
2018052000100453,2018년 5월 20일 21시,일요일,전라남도 목포시 죽교동,중상사고,0,3,0,0,차량단독 - 공작물충돌,안전운전불이행,건조,맑음,단일로 - 기타,승용,남,37세,중상,,,,
2018052000100454,2018년 5월 20일 21시,일요일,전라남도 목포시 명륜동,중상사고,0,1,0,1,차대차 - 추돌,안전운전불이행,건조,맑음,단일로 - 기타,승용,남,61세,상해없음,승용,남,45세,부상신고
2018052000100502,2018년 5월 20일 23시,일요일,전라남도 광양시 광양읍,경상사고,0,0,3,0,차대차 - 정면충돌,신호위반,건조,맑음,교차로 - 교차로안,승용,남,35세,상해없음,승용,남,22세,경상
2018052100100036,2018년 5월 21일 04시,월요일,전라남도 무안군 청계면,사망사고,1,0,0,0,차대사람 - 기타,안전운전불이행,건조,맑음,단일로 - 기타,승용,여,40세,상해없음,보행자,남,64세,사망
2018052100100056,2018년 5월 21일 06시,월요일,전라남도 나주시 산포면,중상사고,0,1,0,0,차대차 - 측면충돌,직진우회전진행방해,건조,맑음,교차로 - 교차로안,승용,남,46세,상해없음,사륜오토바이(ATV),여,80세,중상
2018052100100069,2018년 5월 21일 07시,월요일,전라남도 나주시 산포면,경상사고,0,0,2,0,차대차 - 측면충돌,차로위반,건조,맑음,단일로 - 고가도로위,승용,여,32세,경상,승용,여,25세,경상
2018052100100109,2018년 5월 21일 08시,월요일,전라남도 목포시 용해동,경상사고,0,0,3,0,차대차 - 기타,안전거리미확보,건조,맑음,단일로 - 기타,승용,남,59세,상해없음,승용,남,50세,경상