사고번호,사고일시,요일,시군구,사고내용,사망자수,중상자수,경상자수,부상신고자수,사고유형,법규위반,노면상태,기상상태,도로형태,가해운전자 차종,가해운전자 성별,가해운전자 연령,가해운전자 상해정도,피해운전자 차종,피해운전자 성별,피해운전자 연령,피해운전자 상해정도
2018052100100110,2018년 5월 21일 08시,월요일,전라남도 구례군 토지면,경상사고,0,0,1,0,차대차 - 정면충돌,안전운전불이행,건조,맑음,교차로 - 교차로안,원동기,남,37세,경상,화물,남,56세,상해없음
2018052100100141,2018년 5월 21일 09시,월요일,전라남도 순천시 해룡면,경상사고,0,0,2,0,차대차 - 측면충돌,직진우회전진행방해,건조,맑음,교차로 - 교차로안,승용,남,55세,경상,승용,남,54세,경상
2018052100100142,2018년 5월 21일 09시,월요일,전라남도 해남군 산이면,중상사고,0,1,0,0,차대차 - 측면충돌,신호위반,건조,맑음,교차로 - 교차로안,건설기계,남,57세,상해없음,승용,남,55세,중상
2018052100100143,2018년 5월 21일 09시,월요일,전라남도 영암군 시종면,중상사고,0,1,0,0,차대사람 - 기타,안전운전불이행,건조,맑음,교차로 - 교차로안,승용,여,32세,상해없음,보행자,여,79세,중상
2018052100100214,2018년 5월 21일 11시,월요일,전라남도 여수시 여서동,경상사고,0,0,1,0,차대사람 - 기타,안전운전불이행,건조,맑음,교차로 - 교차로횡단보도내,승용,여,38세,상해없음,보행자,여,70세,경상
2018052100100215,2018년 5월 21일 11시,월요일,전라남도 고흥군 점암면,중상사고,0,3,1,0,차대차 - 정면충돌,중앙선침범,건조,맑음,단일로 - 기타,승용,남,63세,중상,승용,여,58세,중상
2018052100100242,2018년 5월 21일 12시,월요일,전라남도 고흥군 도덕면,경상사고,0,0,1,0,차대차 - 기타,안전운전불이행,건조,맑음,단일로 - 기타,승용,남,46세,상해없음,사륜오토바이(ATV),여,75세,경상
2018052100100243,2018년 5월 21일 12시,월요일,전라남도 곡성군 오곡면,중상사고,0,5,0,0,차대차 - 측면충돌,중앙선침범,건조,맑음,단일로 - 기타,화물,남,68세,상해없음,승용,남,64세,중상
2018052100100244,2018년 5월 21일 12시,월요일,전라남도 무안군 무안읍,중상사고,0,1,0,0,차대차 - 기타,안전운전불이행,건조,맑음,교차로 - 교차로부근,화물,남,68세,상해없음,이륜,남,54세,중상
2018052100100317,2018년 5월 21일 14시,월요일,전라남도 보성군 미력면,경상사고,0,0,1,0,차대차 - 측면충돌,신호위반,건조,맑음,교차로 - 교차로안,승용,남,34세,상해없음,승용,여,52세,경상
2018052100100347,2018년 5월 21일 15시,월요일,전라남도 영암군 삼호읍,경상사고,0,0,3,0,차대차 - 측면충돌,안전운전불이행,건조,맑음,교차로 - 교차로부근,승용,남,56세,경상,승용,남,59세,경상
2018052100100348,2018년 5월 21일 15시,월요일,전라남도 강진군 대구면,중상사고,0,1,2,0,차대차 - 정면충돌,중앙선침범,건조,맑음,단일로 - 기타,승용,여,25세,경상,승용,여,46세,경상
2018052100100425,2018년 5월 21일 17시,월요일,전라남도 영암군 영암읍,경상사고,0,0,2,0,차대차 - 기타,안전운전불이행,건조,맑음,교차로 - 교차로안,화물,남,49세,경상,승용,남,65세,경상
2018052100100426,2018년 5월 21일 17시,월요일,전라남도 장성군 남면,중상사고,0,1,2,0,차대차 - 측면충돌,직진우회전진행방해,건조,맑음,교차로 - 교차로안,승합,여,39세,경상,승용,여,62세,중상
2018052100100461,2018년 5월 21일 18시,월요일,전라남도 여수시 화양면,중상사고,0,1,0,0,차대사람 - 기타,안전운전불이행,건조,맑음,단일로 - 기타,화물,남,71세,상해없음,보행자,여,63세,중상
2018052100100462,2018년 5월 21일 18시,월요일,전라남도 담양군 수북면,중상사고,0,1,0,0,차대차 - 측면충돌,교차로운행방법위반,건조,맑음,교차로 - 교차로안,화물,남,56세,상해없음,화물,남,59세,중상
2018052100100529,2018년 5월 21일 20시,월요일,전라남도 순천시 연향동,경상사고,0,0,1,0,차대차 - 측면충돌,안전거리미확보,건조,맑음,단일로 - 기타,승용,남,31세,상해없음,승용,남,40세,경상
2018052100100530,2018년 5월 21일 20시,월요일,전라남도 강진군 강진읍,중상사고,0,2,0,0,차대차 - 기타,안전운전불이행,건조,맑음,단일로 - 기타,승용,남,45세,상해없음,화물,여,24세,중상
2018052100100595,2018년 5월 21일 22시,월요일,전라남도 목포시 상동,경상사고,0,0,1,0,차대차 - 후진중충돌,안전운전불이행,건조,맑음,단일로 - 기타,승용,남,60세,상해없음,승용,남,63세,경상
2018052100100596,2018년 5월 21일 22시,월요일,전라남도 보성군 미력면,중상사고,0,1,0,0,차대사람 - 길가장자리구역통행중,안전운전불이행,건조,맑음,단일로 - 기타,승합,여,54세,상해없음,보행자,남,69세,중상
2018052200100024,2018년 5월 22일 01시,화요일,전라남도 여수시 학동,경상사고,0,0,2,0,차대차 - 기타,교차로운행방법위반,건조,맑음,교차로 - 교차로안,승용,남,41세,상해없음,승용,남,40세,상해없음
2018052200100044,2018년 5월 22일 02시,화요일,전라남도 여수시 선원동,중상사고,0,1,0,0,차대차 - 측면충돌,안전운전불이행,건조,맑음,교차로 - 교차로안,승용,남,51세,상해없음,승용,남,24세,상해없음
2018052200100130,2018년 5월 22일 08시,화요일,전라남도 광양시 광양읍,경상사고,0,0,2,0,차대차 - 측면충돌,신호위반,건조,맑음,교차로 - 교차로안,승용,여,44세,경상,화물,남,60세,경상
2018052200100157,2018년 5월 22일 09시,화요일,전라남도 여수시 덕충동,중상사고,0,1,0,0,차대사람 - 횡단중,신호위반,건조,맑음,교차로 - 교차로안,승용,남,31세,상해없음,보행자,여,80세,중상
2018052200100158,2018년 5월 22일 09시,화요일,전라남도 보성군 미력면,중상사고,0,1,2,0,차량단독 - 전도전복 - 전도,안전운전불이행,건조,맑음,단일로 - 기타,화물,여,53세,경상,미분류,미분류,미분류,미분류
2018052200100159,2018년 5월 22일 09시,화요일,전라남도 구례군 마산면,경상사고,0,0,1,0,차대차 - 추돌,안전운전불이행,건조,맑음,기타 - 기타,승합,남,50세,상해없음,화물,남,66세,경상
2018052200100214,2018년 5월 22일 11시,화요일,전라남도 신안군 지도읍,사망사고,1,0,0,0,차량단독 - 도로외이탈 - 추락,안전운전불이행,건조,맑음,단일로 - 기타,농기계,남,70세,사망,,,,
2018052200100245,2018년 5월 22일 12시,화요일,전라남도 여수시 관문동,경상사고,0,0,1,0,차대차 - 추돌,차로위반,건조,맑음,단일로 - 기타,승용,남,45세,상해없음,이륜,남,70세,경상
2018052200100246,2018년 5월 22일 12시,화요일,전라남도 순천시 주암면,중상사고,0,1,0,0,차대차 - 측면충돌,안전운전불이행,건조,맑음,단일로 - 기타,승용,여,54세,상해없음,이륜,남,45세,중상
2018052200100247,2018년 5월 22일 12시,화요일,전라남도 고흥군 동일면,경상사고,0,0,1,0,차량단독 - 기타,안전운전불이행,건조,맑음,교차로 - 교차로부근,화물,남,59세,경상,,,,
2018052200100248,2018년 5월 22일 12시,화요일,전라남도 보성군 보성읍,경상사고,0,0,1,0,차대차 - 측면충돌,안전운전불이행,건조,맑음,단일로 - 기타,농기계,남,45세,경상,승용,여,57세,상해없음
2018052200100325,2018년 5월 22일 14시,화요일,전라남도 여수시 남면,경상사고,0,0,1,0,차량단독 - 공작물충돌,안전운전불이행,건조,맑음,단일로 - 기타,화물,남,58세,경상,,,,
2018052200100420,2018년 5월 22일 17시,화요일,전라남도 해남군 황산면,경상사고,0,0,2,0,차대차 - 후진중충돌,안전운전불이행,건조,맑음,주차장 - 주차장,화물,남,68세,상해없음,승용,남,44세,경상
2018052200100482,2018년 5월 22일 19시,화요일,전라남도 여수시 공화동,경상사고,0,0,2,0,차대차 - 측면충돌,교차로운행방법위반,건조,맑음,교차로 - 교차로안,승용,남,49세,상해없음,승용,남,34세,경상
2018052200100483,2018년 5월 22일 19시,화요일,전라남도 나주시 송월동,중상사고,0,1,0,0,차대사람 - 횡단중,보행자보호의무위반,젖음/습기,맑음,단일로 - 기타,화물,여,62세,상해없음,보행자,남,43세,중상
2018052200100525,2018년 5월 22일 20시,화요일,전라남도 함평군 해보면,중상사고,0,1,0,0,차대사람 - 길가장자리구역통행중,안전운전불이행,젖음/습기,맑음,단일로 - 기타,승용,남,64세,상해없음,보행자,남,44세,중상
2018052200100558,2018년 5월 22일 21시,화요일,전라남도 목포시 상동,경상사고,0,0,1,0,차대차 - 추돌,안전운전불이행,젖음/습기,비,단일로 - 기타,승용,남,56세,상해없음,승용,남,32세,경상
2018052200100559,2018년 5월 22일 21시,화요일,전라남도 목포시 산정동,중상사고,0,1,0,0,차대사람 - 기타,안전운전불이행,젖음/습기,비,단일로 - 기타,승용,남,68세,상해없음,보행자,남,58세,중상
2018052200100560,2018년 5월 22일 21시,화요일,전라남도 나주시 공산면,경상사고,0,0,1,0,차량단독 - 기타,안전운전불이행,젖음/습기,흐림,단일로 - 기타,화물,남,51세,경상,,,,
2018052200100623,2018년 5월 22일 23시,화요일,전라남도 순천시 연향동,경상사고,0,0,1,0,차대사람 - 기타,안전운전불이행,젖음/습기,비,단일로 - 기타,승용,남,49세,상해없음,보행자,여,49세,경상
2018052300100040,2018년 5월 23일 04시,수요일,전라남도 여수시 봉산동,경상사고,0,0,1,0,차대차 - 추돌,안전운전불이행,젖음/습기,비,단일로 - 기타,승용,남,36세,상해없음,화물,남,63세,경상
2018052300100084,2018년 5월 23일 07시,수요일,전라남도 나주시 금천면,경상사고,0,0,2,0,차대차 - 측면충돌,신호위반,건조,맑음,교차로 - 교차로안,이륜,남,71세,경상,승용,여,28세,경상
2018052300100085,2018년 5월 23일 07시,수요일,전라남도 나주시 경현동,중상사고,0,1,0,0,차량단독 - 공작물충돌,안전운전불이행,건조,맑음,단일로 - 기타,승용,남,79세,중상,,,,
2018052300100086,2018년 5월 23일 07시,수요일,전라남도 영암군 시종면,경상사고,0,0,1,0,차대차 - 정면충돌,안전운전불이행,건조,맑음,단일로 - 기타,원동기,남,69세,경상,승용,남,37세,상해없음
2018052300100128,2018년 5월 23일 08시,수요일,전라남도 여수시 선원동,경상사고,0,0,5,0,차대사람 - 횡단중,보행자보호의무위반,건조,맑음,교차로 - 교차로횡단보도내,승용,여,38세,상해없음,보행자,남,9세,경상
2018052300100129,2018년 5월 23일 08시,수요일,전라남도 장흥군 관산읍,경상사고,0,0,1,0,차대차 - 측면충돌,중앙선침범,건조,맑음,단일로 - 기타,이륜,남,75세,경상,화물,남,67세,상해없음
2018052300100130,2018년 5월 23일 08시,수요일,전라남도 강진군 강진읍,경상사고,0,0,1,0,차대차 - 기타,안전운전불이행,건조,맑음,단일로 - 기타,승용,남,25세,상해없음,자전거,여,64세,경상
2018052300100168,2018년 5월 23일 09시,수요일,전라남도 진도군 군내면,경상사고,0,0,1,0,차대차 - 정면충돌,안전운전불이행,건조,맑음,미분류 - 미분류,화물,남,47세,상해없음,승용,남,53세,경상
2018052300100233,2018년 5월 23일 11시,수요일,전라남도 담양군 담양읍,중상사고,0,2,0,0,차대차 - 측면충돌,차로위반,건조,맑음,단일로 - 기타,승용,남,51세,상해없음,승용,남,53세,중상
2018052300100234,2018년 5월 23일 11시,수요일,전라남도 완도군 고금면,경상사고,0,0,1,0,차대차 - 기타,안전운전불이행,건조,맑음,단일로 - 기타,화물,남,60세,상해없음,원동기,남,76세,경상
2018052300100235,2018년 5월 23일 11시,수요일,전라남도 무안군 삼향읍,경상사고,0,0,1,0,차대차 - 측면충돌,안전운전불이행,건조,맑음,교차로 - 교차로안,화물,남,49세,상해없음,승용,여,36세,경상
2018052300100276,2018년 5월 23일 12시,수요일,전라남도 목포시 상동,경상사고,0,0,3,0,차대차 - 측면충돌,교차로운행방법위반,건조,맑음,교차로 - 교차로안,승용,남,22세,경상,화물,남,45세,경상
2018052300100277,2018년 5월 23일 12시,수요일,전라남도 여수시 충무동,경상사고,0,0,1,0,차대차 - 추돌,안전운전불이행,건조,맑음,단일로 - 기타,승용,남,37세,상해없음,자전거,남,72세,경상
2018052300100278,2018년 5월 23일 12시,수요일,전라남도 해남군 문내면,중상사고,0,2,0,0,차대차 - 측면충돌,교차로운행방법위반,건조,맑음,교차로 - 교차로안,승용,여,42세,상해없음,화물,남,48세,중상
2018052300100312,2018년 5월 23일 13시,수요일,전라남도 목포시 산정동,경상사고,0,0,2,0,차대차 - 측면충돌,안전운전불이행,건조,맑음,단일로 - 기타,승용,여,57세,경상,승용,여,61세,경상
2018052300100344,2018년 5월 23일 14시,수요일,전라남도 나주시 빛가람동,경상사고,0,0,1,0,차대차 - 측면충돌,안전운전불이행,건조,맑음,단일로 - 기타,화물,남,57세,상해없음,건설기계,남,59세,상해없음
2018052300100345,2018년 5월 23일 14시,수요일,전라남도 고흥군 점암면,중상사고,0,1,0,0,차대차 - 측면충돌,안전운전불이행,건조,맑음,단일로 - 기타,승용,여,50세,상해없음,자전거,여,64세,중상
2018052300100346,2018년 5월 23일 14시,수요일,전라남도 고흥군 고흥읍,경상사고,0,0,1,0,차대차 - 측면충돌,안전운전불이행,건조,맑음,단일로 - 기타,승합,여,63세,상해없음,승용,남,18세,경상
2018052300100347,2018년 5월 23일 14시,수요일,전라남도 해남군 황산면,중상사고,0,1,0,0,차대사람 - 기타,안전운전불이행,건조,맑음,단일로 - 기타,사륜오토바이(ATV),여,57세,상해없음,보행자,여,81세,중상
2018052300100348,2018년 5월 23일 14시,수요일,전라남도 보성군 미력면,중상사고,0,1,0,0,차대사람 - 기타,안전운전불이행,건조,맑음,교차로 - 교차로안,화물,남,44세,상해없음,보행자,여,81세,중상
2018052300100349,2018년 5월 23일 14시,수요일,전라남도 광양시 옥곡면,경상사고,0,0,2,0,차대차 - 측면충돌,교차로운행방법위반,건조,맑음,교차로 - 교차로안,승용,남,63세,경상,화물,남,45세,상해없음
2018052300100416,2018년 5월 23일 16시,수요일,전라남도 목포시 용해동,경상사고,0,0,1,0,차대차 - 기타,안전운전불이행,건조,맑음,단일로 - 기타,승용,남,74세,상해없음,승용,여,62세,경상
2018052300100417,2018년 5월 23일 16시,수요일,전라남도 여수시 신기동,경상사고,0,0,1,0,차대사람 - 횡단중,보행자보호의무위반,건조,맑음,교차로 - 교차로안,승용,여,47세,상해없음,보행자,여,53세,경상
2018052300100418,2018년 5월 23일 16시,수요일,전라남도 곡성군 곡성읍,경상사고,0,0,1,0,차대차 - 측면충돌,직진우회전진행방해,건조,맑음,교차로 - 교차로안,승용,남,29세,상해없음,이륜,여,69세,경상
2018052300100455,2018년 5월 23일 17시,수요일,전라남도 여수시 덕충동,사망사고,1,0,0,0,차대사람 - 횡단중,안전운전불이행,건조,맑음,교차로 - 교차로부근,승용,남,46세,상해없음,보행자,여,64세,사망
2018052300100456,2018년 5월 23일 17시,수요일,전라남도 순천시 동외동,경상사고,0,0,4,0,차대차 - 측면충돌,직진우회전진행방해,건조,맑음,교차로 - 교차로안,승용,남,57세,경상,승용,여,54세,경상
2018052300100457,2018년 5월 23일 17시,수요일,전라남도 나주시 다시면,경상사고,0,0,1,0,차대차 - 측면충돌,직진우회전진행방해,건조,맑음,교차로 - 교차로안,이륜,여,66세,경상,화물,남,64세,상해없음
2018052300100458,2018년 5월 23일 17시,수요일,전라남도 강진군 대구면,경상사고,0,0,1,0,차대차 - 측면충돌,안전운전불이행,건조,맑음,단일로 - 기타,원동기,남,78세,경상,화물,남,70세,상해없음
2018052300100459,2018년 5월 23일 17시,수요일,전라남도 담양군 수북면,경상사고,0,0,1,0,차대차 - 측면충돌,안전운전불이행,건조,맑음,단일로 - 기타,농기계,남,67세,상해없음,승용,남,38세,경상
2018052300100516,2018년 5월 23일 18시,수요일,전라남도 영광군 백수읍,경상사고,0,0,3,0,차대차 - 측면충돌,안전거리미확보,건조,맑음,교차로 - 교차로부근,승용,남,79세,상해없음,승용,남,56세,경상
2018052300100517,2018년 5월 23일 18시,수요일,전라남도 광양시 금호동,경상사고,0,0,1,0,차대차 - 측면충돌,안전거리미확보,건조,맑음,교차로 - 교차로부근,특수,남,57세,상해없음,승용,남,60세,경상
2018052300100562,2018년 5월 23일 19시,수요일,전라남도 여수시 문수동,중상사고,0,1,0,0,차대차 - 추돌,중앙선침범,건조,맑음,단일로 - 기타,승용,여,54세,상해없음,이륜,남,25세,중상
2018052300100620,2018년 5월 23일 21시,수요일,전라남도 목포시 용당동,경상사고,0,0,2,0,차대차 - 추돌,안전운전불이행,건조,맑음,교차로 - 교차로부근,승용,여,40세,경상,승용,여,52세,경상
2018052300100639,2018년 5월 23일 22시,수요일,전라남도 여수시 교동,중상사고,0,1,0,0,차대사람 - 횡단중,안전운전불이행,건조,맑음,단일로 - 기타,승용,여,54세,상해없음,보행자,여,65세,중상
2018052300100640,2018년 5월 23일 22시,수요일,전라남도 나주시 금천면,경상사고,0,0,1,0,차대차 - 측면충돌,안전운전불이행,건조,맑음,단일로 - 기타,승용,남,68세,상해없음,승용,여,46세,경상
2018052300100641,2018년 5월 23일 22시,수요일,전라남도 광양시 광양읍,경상사고,0,0,1,0,차대차 - 측면충돌,신호위반,건조,맑음,교차로 - 교차로안,승용,남,40세,상해없음,승용,여,40세,경상
2018052300100656,2018년 5월 23일 23시,수요일,전라남도 목포시 상동,경상사고,0,0,1,0,차대차 - 기타,안전운전불이행,건조,맑음,단일로 - 기타,승용,여,61세,상해없음,특수,남,36세,경상
2018052400100009,2018년 5월 24일 00시,목요일,전라남도 영광군 영광읍,경상사고,0,0,2,0,차대차 - 측면충돌,직진우회전진행방해,건조,맑음,교차로 - 교차로안,승용,남,66세,경상,승용,남,48세,경상
2018052400100029,2018년 5월 24일 02시,목요일,전라남도 무안군 무안읍,경상사고,0,0,1,0,차대사람 - 차도통행중,안전운전불이행,건조,맑음,단일로 - 기타,승용,남,19세,상해없음,보행자,남,20세,경상
2018052400100030,2018년 5월 24일 02시,목요일,전라남도 무안군 무안읍,경상사고,0,0,1,0,차대사람 - 기타,안전운전불이행,건조,맑음,기타 - 기타,승용,남,19세,상해없음,보행자,남,61세,경상
2018052400100079,2018년 5월 24일 07시,목요일,전라남도 영광군 홍농읍,중상사고,0,1,0,0,차대사람 - 길가장자리구역통행중,안전운전불이행,건조,맑음,단일로 - 기타,승용,남,51세,상해없음,보행자,여,56세,중상
2018052400100125,2018년 5월 24일 08시,목요일,전라남도 목포시 석현동,중상사고,0,1,3,0,차대사람 - 기타,기타,건조,맑음,단일로 - 기타,승용,여,20세,상해없음,보행자,여,33세,경상
2018052400100126,2018년 5월 24일 08시,목요일,전라남도 순천시 연향동,경상사고,0,0,3,0,차대차 - 측면충돌,교차로운행방법위반,건조,맑음,교차로 - 교차로안,승용,남,31세,경상,승용,여,55세,경상
2018052400100127,2018년 5월 24일 08시,목요일,전라남도 나주시 봉황면,경상사고,0,0,1,0,차대차 - 측면충돌,안전운전불이행,건조,맑음,단일로 - 기타,승용,남,55세,상해없음,승용,여,27세,상해없음
2018052400100128,2018년 5월 24일 08시,목요일,전라남도 해남군 문내면,경상사고,0,0,1,0,차대차 - 기타,안전운전불이행,건조,맑음,단일로 - 기타,건설기계,남,60세,상해없음,승용,여,38세,경상
2018052400100129,2018년 5월 24일 08시,목요일,전라남도 화순군 능주면,경상사고,0,0,2,0,차대차 - 측면충돌,교차로운행방법위반,건조,맑음,교차로 - 교차로안,승용,여,30세,경상,화물,남,61세,경상
2018052400100130,2018년 5월 24일 08시,목요일,전라남도 영암군 영암읍,경상사고,0,0,1,0,차대차 - 측면충돌,안전운전불이행,건조,맑음,교차로 - 교차로안,승용,여,41세,상해없음,승용,여,50세,경상
2018052400100131,2018년 5월 24일 08시,목요일,전라남도 곡성군 오산면,부상신고사고,0,0,0,1,차량단독 - 공작물충돌,안전운전불이행,건조,맑음,단일로 - 기타,승용,남,79세,부상신고,,,,
2018052400100199,2018년 5월 24일 10시,목요일,전라남도 목포시 산정동,경상사고,0,0,2,0,차대차 - 기타,교차로운행방법위반,건조,맑음,교차로 - 교차로안,화물,남,60세,경상,화물,여,60세,경상
2018052400100200,2018년 5월 24일 10시,목요일,전라남도 해남군 옥천면,중상사고,0,1,0,0,차대차 - 기타,교차로운행방법위반,건조,맑음,교차로 - 교차로안,화물,여,40세,상해없음,이륜,남,75세,중상
2018052400100201,2018년 5월 24일 10시,목요일,전라남도 화순군 화순읍,중상사고,0,1,0,0,차대사람 - 기타,안전운전불이행,건조,맑음,단일로 - 기타,화물,남,36세,상해없음,보행자,남,48세,중상
2018052400100266,2018년 5월 24일 12시,목요일,전라남도 여수시 봉산동,경상사고,0,0,1,0,차대차 - 측면충돌,교차로운행방법위반,건조,맑음,교차로 - 교차로안,승용,여,57세,상해없음,이륜,남,20세,경상
2018052400100267,2018년 5월 24일 12시,목요일,전라남도 여수시 문수동,경상사고,0,0,1,0,차대차 - 측면충돌,교차로운행방법위반,건조,맑음,교차로 - 교차로안,승용,여,56세,상해없음,승용,남,35세,경상
2018052400100305,2018년 5월 24일 13시,목요일,전라남도 영암군 학산면,경상사고,0,0,3,0,차대차 - 측면충돌,안전운전불이행,건조,맑음,교차로 - 교차로안,이륜,남,18세,경상,승용,여,55세,경상
2018052400100355,2018년 5월 24일 15시,목요일,전라남도 보성군 회천면,부상신고사고,0,0,0,1,차대차 - 측면충돌,안전운전불이행,건조,맑음,단일로 - 기타,승용,남,59세,부상신고,승용,남,39세,상해없음
2018052400100391,2018년 5월 24일 16시,목요일,전라남도 순천시 장천동,중상사고,0,1,0,0,차량단독 - 공작물충돌,안전운전불이행,건조,맑음,단일로 - 기타,승용,남,78세,중상,,,,
2018052400100392,2018년 5월 24일 16시,목요일,전라남도 해남군 북일면,경상사고,0,0,1,0,차대사람 - 기타,안전운전불이행,건조,맑음,단일로 - 기타,화물,남,33세,상해없음,보행자,여,90세 이상,경상
2018052400100393,2018년 5월 24일 16시,목요일,전라남도 영암군 미암면,중상사고,0,1,0,0,차대차 - 기타,안전운전불이행,건조,맑음,교차로 - 교차로안,이륜,남,82세,중상,화물,남,58세,상해없음
2018052400100394,2018년 5월 24일 16시,목요일,전라남도 무안군 일로읍,중상사고,0,1,0,0,차대차 - 기타,안전운전불이행,건조,맑음,단일로 - 기타,농기계,남,81세,중상,화물,남,37세,상해없음
2018052400100427,2018년 5월 24일 17시,목요일,전라남도 순천시 장천동,중상사고,0,1,0,0,차대사람 - 횡단중,보행자보호의무위반,건조,맑음,교차로 - 교차로횡단보도내,승용,남,48세,상해없음,보행자,여,69세,중상
2018052400100428,2018년 5월 24일 17시,목요일,전라남도 함평군 대동면,중상사고,0,1,0,0,차대사람 - 기타,안전운전불이행,건조,맑음,단일로 - 기타,화물,남,67세,상해없음,보행자,남,2세,중상
2018052400100429,2018년 5월 24일 17시,목요일,전라남도 장성군 장성읍,경상사고,0,0,1,0,차대차 - 측면충돌,안전운전불이행,건조,맑음,교차로 - 교차로안,자전거,남,13세,경상,승용,여,49세,상해없음
2018052400100430,2018년 5월 24일 17시,목요일,전라남도 담양군 대전면,경상사고,0,0,5,0,차대차 - 추돌,안전운전불이행,건조,맑음,단일로 - 기타,승용,남,40세,상해없음,승용,여,38세,경상
2018052400100431,2018년 5월 24일 17시,목요일,전라남도 광양시 광양읍,경상사고,0,0,1,0,차대차 - 측면충돌,교차로운행방법위반,건조,맑음,교차로 - 교차로안,승용,남,53세,상해없음,승용,여,44세,상해없음
2018052400100480,2018년 5월 24일 18시,목요일,전라남도 순천시 조례동,경상사고,0,0,1,0,차대차 - 추돌,안전거리미확보,건조,맑음,단일로 - 기타,화물,남,66세,상해없음,승용,여,48세,경상
2018052400100481,2018년 5월 24일 18시,목요일,전라남도 광양시 중동,부상신고사고,0,0,0,1,차대차 - 측면충돌,신호위반,건조,맑음,교차로 - 교차로안,이륜,남,44세,부상신고,승용,여,32세,상해없음
2018052400100511,2018년 5월 24일 19시,목요일,전라남도 순천시 오천동,중상사고,0,3,1,0,차대차 - 측면충돌,안전운전불이행,건조,맑음,교차로 - 교차로안,승용,여,62세,중상,승용,남,38세,경상
2018052400100512,2018년 5월 24일 19시,목요일,전라남도 순천시 장천동,부상신고사고,0,0,0,1,차대사람 - 차도통행중,기타,건조,맑음,단일로 - 기타,승합,남,45세,상해없음,보행자,여,16세,부상신고
2018052400100513,2018년 5월 24일 19시,목요일,전라남도 해남군 화산면,중상사고,0,2,2,0,차대차 - 기타,안전운전불이행,건조,맑음,단일로 - 기타,화물,남,65세,상해없음,승용,여,28세,경상
2018052400100514,2018년 5월 24일 19시,목요일,전라남도 해남군 송지면,사망사고,1,0,0,0,차량단독 - 기타,안전운전불이행,건조,맑음,단일로 - 기타,화물,남,60세,사망,,,,
2018052400100549,2018년 5월 24일 20시,목요일,전라남도 목포시 옥암동,경상사고,0,0,1,0,차대사람 - 기타,기타,건조,맑음,기타 - 기타,승용,남,35세,상해없음,보행자,남,4세,경상
2018052400100550,2018년 5월 24일 20시,목요일,전라남도 영암군 신북면,경상사고,0,0,1,0,차량단독 - 기타,안전운전불이행,건조,맑음,단일로 - 기타,이륜,여,63세,경상,,,,
2018052400100579,2018년 5월 24일 21시,목요일,전라남도 완도군 신지면,중상사고,0,1,0,0,차량단독 - 전도전복 - 전복,기타,건조,맑음,단일로 - 교량,승용,여,48세,중상,미분류,미분류,미분류,미분류
2018052500100010,2018년 5월 25일 00시,금요일,전라남도 목포시 상동,경상사고,0,0,2,0,차대차 - 기타,신호위반,건조,맑음,교차로 - 교차로안,승용,남,27세,상해없음,승용,남,59세,경상
2018052500100011,2018년 5월 25일 00시,금요일,전라남도 여수시 둔덕동,중상사고,0,1,0,0,차대차 - 측면충돌,신호위반,건조,맑음,교차로 - 교차로안,승용,여,44세,상해없음,이륜,남,26세,중상
2018052500100063,2018년 5월 25일 05시,금요일,전라남도 목포시 상동,중상사고,0,1,0,0,차대차 - 기타,신호위반,건조,맑음,교차로 - 교차로안,승용,남,32세,기타불명,승용,남,62세,중상
2018052500100074,2018년 5월 25일 06시,금요일,전라남도 광양시 광양읍,경상사고,0,0,1,0,차대차 - 측면충돌,교차로운행방법위반,건조,맑음,교차로 - 교차로안,이륜,남,69세,경상,승용,남,70세,상해없음
2018052500100096,2018년 5월 25일 07시,금요일,전라남도 영암군 신북면,경상사고,0,0,1,0,차대사람 - 차도통행중,안전운전불이행,건조,맑음,교차로 - 교차로부근,승용,여,46세,상해없음,보행자,남,16세,경상
2018052500100097,2018년 5월 25일 07시,금요일,전라남도 강진군 강진읍,경상사고,0,0,1,0,차대차 - 기타,직진우회전진행방해,건조,맑음,교차로 - 교차로안,승용,남,72세,상해없음,자전거,남,14세,경상
2018052500100125,2018년 5월 25일 08시,금요일,전라남도 순천시 남정동,중상사고,0,1,0,0,차대차 - 측면충돌,교차로운행방법위반,건조,맑음,교차로 - 교차로안,승용,남,58세,기타불명,자전거,남,14세,중상
2018052500100167,2018년 5월 25일 09시,금요일,전라남도 순천시 해룡면,중상사고,0,1,0,0,차대차 - 추돌,안전거리미확보,건조,맑음,단일로 - 기타,화물,남,63세,상해없음,자전거,남,69세,중상
2018052500100168,2018년 5월 25일 09시,금요일,전라남도 무안군 청계면,사망사고,1,0,0,0,차대차 - 측면충돌,안전운전불이행,건조,맑음,교차로 - 교차로부근,화물,남,35세,상해없음,사륜오토바이(ATV),남,58세,사망
2018052500100240,2018년 5월 25일 11시,금요일,전라남도 목포시 산정동,경상사고,0,0,1,0,차대차 - 측면충돌,안전운전불이행,건조,맑음,단일로 - 기타,이륜,남,72세,상해없음,승용,여,57세,경상