사고번호,사고일시,요일,시군구,사고내용,사망자수,중상자수,경상자수,부상신고자수,사고유형,법규위반,노면상태,기상상태,도로형태,가해운전자 차종,가해운전자 성별,가해운전자 연령,가해운전자 상해정도,피해운전자 차종,피해운전자 성별,피해운전자 연령,피해운전자 상해정도
2018053000100050,2018년 5월 30일 05시,수요일,전라남도 목포시 옥암동,경상사고,0,0,1,0,차대차 - 측면충돌,신호위반,건조,기타,교차로 - 교차로안,화물,남,62세,상해없음,승합,남,58세,경상
2018053000100127,2018년 5월 30일 08시,수요일,전라남도 여수시 학동,경상사고,0,0,1,0,차대차 - 측면충돌,차로위반,건조,맑음,단일로 - 기타,승용,남,74세,상해없음,승합,남,50세,상해없음
2018053000100128,2018년 5월 30일 08시,수요일,전라남도 광양시 옥룡면,경상사고,0,0,1,0,차대차 - 측면충돌,안전운전불이행,건조,맑음,단일로 - 기타,화물,남,57세,상해없음,승합,남,57세,상해없음
2018053000100166,2018년 5월 30일 09시,수요일,전라남도 나주시 다시면,중상사고,0,1,0,0,차대사람 - 기타,안전운전불이행,건조,맑음,단일로 - 기타,화물,남,54세,상해없음,보행자,여,76세,중상
2018053000100193,2018년 5월 30일 10시,수요일,전라남도 목포시 산정동,경상사고,0,0,2,0,차대차 - 측면충돌,교차로운행방법위반,건조,맑음,교차로 - 교차로안,승용,남,44세,경상,승용,여,57세,경상
2018053000100194,2018년 5월 30일 10시,수요일,전라남도 보성군 미력면,부상신고사고,0,0,0,1,차량단독 - 기타,안전운전불이행,건조,맑음,단일로 - 기타,화물,남,44세,부상신고,,,,
2018053000100195,2018년 5월 30일 10시,수요일,전라남도 장성군 장성읍,경상사고,0,0,1,0,차대차 - 측면충돌,직진우회전진행방해,건조,맑음,교차로 - 교차로안,화물,남,25세,상해없음,승용,남,31세,경상
2018053000100247,2018년 5월 30일 12시,수요일,전라남도 해남군 황산면,경상사고,0,0,1,0,차대차 - 측면충돌,교차로운행방법위반,건조,맑음,교차로 - 교차로안,화물,남,49세,상해없음,화물,남,62세,경상
2018053000100275,2018년 5월 30일 13시,수요일,전라남도 나주시 삼영동,경상사고,0,0,2,0,차대차 - 측면충돌,신호위반,건조,맑음,교차로 - 교차로안,승용,남,74세,상해없음,승용,남,23세,경상
2018053000100308,2018년 5월 30일 14시,수요일,전라남도 여수시 화장동,경상사고,0,0,1,0,차대사람 - 길가장자리구역통행중,안전운전불이행,건조,맑음,단일로 - 기타,특수,남,52세,상해없음,보행자,여,51세,경상
2018053000100309,2018년 5월 30일 14시,수요일,전라남도 장흥군 장흥읍,중상사고,0,1,0,0,차대차 - 측면충돌,교차로운행방법위반,건조,맑음,교차로 - 교차로안,승용,여,67세,상해없음,이륜,여,71세,중상
2018053000100310,2018년 5월 30일 14시,수요일,전라남도 해남군 옥천면,중상사고,0,4,0,0,차량단독 - 전도전복 - 전복,안전운전불이행,건조,맑음,단일로 - 기타,화물,여,54세,상해없음,미분류,미분류,미분류,미분류
2018053000100367,2018년 5월 30일 15시,수요일,전라남도 여수시 주삼동,경상사고,0,0,2,0,차대차 - 측면충돌,안전운전불이행,건조,맑음,단일로 - 기타,승합,남,54세,상해없음,승합,남,45세,경상
2018053000100368,2018년 5월 30일 15시,수요일,전라남도 함평군 신광면,중상사고,0,2,1,0,차대차 - 정면충돌,중앙선침범,건조,맑음,단일로 - 기타,승용,남,53세,경상,승용,남,66세,중상
2018053000100369,2018년 5월 30일 15시,수요일,전라남도 영암군 삼호읍,경상사고,0,0,1,0,차대차 - 측면충돌,안전운전불이행,건조,맑음,교차로 - 교차로안,특수,남,44세,상해없음,승용,여,26세,경상
2018053000100370,2018년 5월 30일 15시,수요일,전라남도 완도군 금일읍,경상사고,0,0,1,0,차대차 - 기타,안전운전불이행,건조,맑음,단일로 - 기타,화물,여,52세,상해없음,이륜,남,69세,경상
2018053000100413,2018년 5월 30일 16시,수요일,전라남도 목포시 산정동,경상사고,0,0,2,0,차대차 - 측면충돌,안전운전불이행,건조,맑음,단일로 - 기타,승용,남,57세,상해없음,승용,남,69세,경상
2018053000100448,2018년 5월 30일 17시,수요일,전라남도 여수시 남산동,중상사고,0,1,0,0,차대사람 - 차도통행중,안전운전불이행,건조,맑음,교차로 - 교차로안,승용,여,30세,상해없음,보행자,여,78세,중상
2018053000100449,2018년 5월 30일 17시,수요일,전라남도 장흥군 장흥읍,경상사고,0,0,1,0,차량단독 - 공작물충돌,안전운전불이행,건조,맑음,단일로 - 기타,화물,남,62세,경상,,,,
2018053000100499,2018년 5월 30일 18시,수요일,전라남도 목포시 용해동,경상사고,0,0,3,0,차대차 - 측면충돌,안전운전불이행,건조,맑음,단일로 - 기타,승용,남,31세,경상,승용,여,41세,경상
2018053000100533,2018년 5월 30일 19시,수요일,전라남도 순천시 별량면,경상사고,0,0,1,0,차대차 - 측면충돌,안전운전불이행,건조,맑음,단일로 - 기타,농기계,남,73세,경상,승용,여,62세,상해없음
2018053000100534,2018년 5월 30일 19시,수요일,전라남도 진도군 군내면,중상사고,0,1,0,0,차량단독 - 공작물충돌,안전운전불이행,건조,맑음,기타 - 기타,화물,남,76세,상해없음,,,,
2018053000100563,2018년 5월 30일 20시,수요일,전라남도 보성군 득량면,중상사고,0,1,0,0,차대사람 - 기타,안전운전불이행,건조,맑음,교차로 - 교차로부근,승용,남,47세,상해없음,보행자,여,53세,중상
2018053000100590,2018년 5월 30일 21시,수요일,전라남도 여수시 학동,경상사고,0,0,1,0,차대사람 - 보도통행중,기타,건조,맑음,단일로 - 기타,승용,여,49세,상해없음,보행자,남,61세,경상
2018053000100591,2018년 5월 30일 21시,수요일,전라남도 광양시 옥곡면,중상사고,0,1,1,0,차대차 - 기타,교차로운행방법위반,건조,맑음,교차로 - 교차로안,승용,남,48세,상해없음,화물,남,66세,경상
2018053000100636,2018년 5월 30일 23시,수요일,전라남도 목포시 석현동,부상신고사고,0,0,0,1,차대차 - 측면충돌,안전운전불이행,건조,맑음,단일로 - 기타,이륜,남,27세,부상신고,승용,남,22세,상해없음
2018053100100024,2018년 5월 31일 01시,목요일,전라남도 순천시 연향동,경상사고,0,0,2,0,차대차 - 추돌,안전운전불이행,건조,맑음,교차로 - 교차로부근,승용,여,41세,상해없음,승용,남,26세,경상
2018053100100038,2018년 5월 31일 03시,목요일,전라남도 여수시 미평동,중상사고,0,1,0,0,차대차 - 측면충돌,안전운전불이행,건조,맑음,교차로 - 교차로안,이륜,남,25세,상해없음,화물,남,36세,기타불명
2018053100100055,2018년 5월 31일 05시,목요일,전라남도 장흥군 장흥읍,경상사고,0,0,1,0,차량단독 - 공작물충돌,안전운전불이행,건조,맑음,단일로 - 기타,화물,남,50세,경상,,,,
2018053100100056,2018년 5월 31일 05시,목요일,전라남도 광양시 다압면,중상사고,0,1,0,0,차대차 - 추돌,안전운전불이행,건조,맑음,교차로 - 교차로안,화물,남,60세,상해없음,농기계,남,81세,중상
2018053100100091,2018년 5월 31일 07시,목요일,전라남도 장흥군 대덕읍,경상사고,0,0,1,0,차대차 - 후진중충돌,안전운전불이행,건조,맑음,교차로 - 교차로안,승용,남,82세,상해없음,승용,남,56세,경상
2018053100100146,2018년 5월 31일 08시,목요일,전라남도 여수시 교동,경상사고,0,0,1,0,차대차 - 기타,교차로운행방법위반,건조,맑음,교차로 - 교차로부근,화물,남,66세,상해없음,승합,남,55세,상해없음
2018053100100147,2018년 5월 31일 08시,목요일,전라남도 여수시 봉산동,경상사고,0,0,3,0,차대차 - 측면충돌,교차로운행방법위반,건조,맑음,교차로 - 교차로안,승용,여,45세,경상,승용,남,60세,경상
2018053100100148,2018년 5월 31일 08시,목요일,전라남도 순천시 석현동,사망사고,1,1,0,0,차대차 - 정면충돌,중앙선침범,건조,맑음,단일로 - 기타,승용,여,51세,중상,승용,여,54세,사망
2018053100100149,2018년 5월 31일 08시,목요일,전라남도 영광군 영광읍,중상사고,0,1,0,0,차대사람 - 횡단중,보행자보호의무위반,건조,맑음,교차로 - 교차로횡단보도내,화물,남,59세,상해없음,보행자,남,40세,중상
2018053100100208,2018년 5월 31일 09시,목요일,전라남도 목포시 상동,경상사고,0,0,1,0,차대차 - 기타,기타,건조,맑음,교차로 - 교차로안,승용,여,42세,상해없음,승합,남,41세,경상
2018053100100209,2018년 5월 31일 09시,목요일,전라남도 여수시 돌산읍,경상사고,0,0,2,0,차대차 - 정면충돌,중앙선침범,건조,맑음,단일로 - 기타,승용,여,57세,상해없음,화물,남,63세,경상
2018053100100210,2018년 5월 31일 09시,목요일,전라남도 순천시 승주읍,중상사고,0,1,1,0,차량단독 - 전도전복 - 전도,안전운전불이행,건조,맑음,단일로 - 기타,이륜,남,43세,중상,미분류,미분류,미분류,미분류
2018053100100211,2018년 5월 31일 09시,목요일,전라남도 함평군 함평읍,중상사고,0,1,0,0,차대차 - 측면충돌,신호위반,건조,맑음,교차로 - 교차로안,이륜,남,71세,중상,화물,남,41세,상해없음
2018053100100212,2018년 5월 31일 09시,목요일,전라남도 강진군 강진읍,경상사고,0,0,5,0,차대차 - 측면충돌,교차로운행방법위반,건조,맑음,교차로 - 교차로안,승용,여,55세,경상,승용,남,50세,경상
2018053100100213,2018년 5월 31일 09시,목요일,전라남도 완도군 완도읍,경상사고,0,0,1,0,차대사람 - 차도통행중,안전운전불이행,건조,맑음,교차로 - 교차로안,승용,여,43세,상해없음,보행자,남,75세,경상
2018053100100235,2018년 5월 31일 10시,목요일,전라남도 나주시 다시면,경상사고,0,0,2,0,차대차 - 측면충돌,직진우회전진행방해,건조,맑음,교차로 - 교차로안,화물,남,78세,상해없음,승용,남,41세,경상
2018053100100265,2018년 5월 31일 11시,목요일,전라남도 해남군 해남읍,중상사고,0,1,0,0,차대차 - 기타,신호위반,건조,맑음,교차로 - 교차로안,승용,남,58세,상해없음,이륜,남,65세,중상
2018053100100292,2018년 5월 31일 12시,목요일,전라남도 여수시 학동,중상사고,0,2,0,0,차대사람 - 길가장자리구역통행중,안전운전불이행,건조,맑음,기타 - 기타,승용,남,29세,상해없음,보행자,여,84세,중상
2018053100100293,2018년 5월 31일 12시,목요일,전라남도 나주시 영산동,경상사고,0,0,4,0,차대차 - 측면충돌,직진우회전진행방해,건조,맑음,교차로 - 교차로안,승용,남,56세,경상,승용,남,65세,경상
2018053100100360,2018년 5월 31일 14시,목요일,전라남도 목포시 상동,중상사고,0,1,0,0,차대사람 - 횡단중,보행자보호의무위반,건조,맑음,단일로 - 기타,승용,남,53세,상해없음,보행자,남,7세,중상
2018053100100401,2018년 5월 31일 15시,목요일,전라남도 목포시 용당동,경상사고,0,0,2,0,차대차 - 측면충돌,안전운전불이행,건조,맑음,교차로 - 교차로부근,승용,남,70세,상해없음,화물,남,43세,경상
2018053100100496,2018년 5월 31일 17시,목요일,전라남도 순천시 왕지동,경상사고,0,0,1,0,차대차 - 기타,직진우회전진행방해,건조,맑음,교차로 - 교차로안,승용,여,26세,상해없음,승용,여,40세,경상
2018053100100497,2018년 5월 31일 17시,목요일,전라남도 장흥군 장흥읍,중상사고,0,1,1,0,차량단독 - 도로외이탈 - 추락,안전운전불이행,건조,맑음,단일로 - 기타,화물,남,33세,경상,,,,
2018053100100541,2018년 5월 31일 18시,목요일,전라남도 목포시 상동,경상사고,0,0,1,0,차대사람 - 횡단중,중앙선침범,건조,맑음,단일로 - 기타,승용,남,52세,상해없음,보행자,여,24세,경상
2018053100100542,2018년 5월 31일 18시,목요일,전라남도 화순군 화순읍,부상신고사고,0,0,0,1,차량단독 - 전도전복 - 전도,안전운전불이행,건조,맑음,교차로 - 교차로부근,자전거,남,12세,부상신고,미분류,미분류,미분류,미분류
2018053100100543,2018년 5월 31일 18시,목요일,전라남도 광양시 옥곡면,경상사고,0,0,1,0,차대차 - 측면충돌,안전운전불이행,건조,맑음,교차로 - 교차로안,건설기계,남,60세,상해없음,화물,남,61세,경상
2018053100100580,2018년 5월 31일 19시,목요일,전라남도 여수시 신월동,중상사고,0,1,0,0,차대사람 - 횡단중,안전운전불이행,건조,맑음,단일로 - 기타,승용,여,46세,상해없음,보행자,남,7세,중상
2018053100100611,2018년 5월 31일 20시,목요일,전라남도 목포시 용당동,중상사고,0,1,0,0,차대사람 - 기타,교차로운행방법위반,건조,맑음,교차로 - 교차로안,승용,여,56세,상해없음,보행자,여,71세,중상
2018053100100612,2018년 5월 31일 20시,목요일,전라남도 순천시 중앙동,경상사고,0,0,1,0,차대차 - 측면충돌,직진우회전진행방해,건조,흐림,교차로 - 교차로안,승합,남,71세,상해없음,승용,여,30세,경상
2018053100100613,2018년 5월 31일 20시,목요일,전라남도 영암군 삼호읍,경상사고,0,0,1,0,차대차 - 후진중충돌,안전운전불이행,건조,맑음,교차로 - 교차로안,승용,남,48세,상해없음,승용,남,37세,경상
2018053100100646,2018년 5월 31일 21시,목요일,전라남도 무안군 삼향읍,경상사고,0,0,3,0,차대차 - 추돌,안전운전불이행,건조,맑음,단일로 - 기타,승용,여,27세,상해없음,승용,여,36세,경상
2018053100100669,2018년 5월 31일 22시,목요일,전라남도 여수시 선원동,경상사고,0,0,2,0,차대차 - 측면충돌,안전운전불이행,건조,맑음,교차로 - 교차로안,승용,남,36세,경상,승용,남,24세,경상
2018060100100055,2018년 6월 1일 03시,금요일,전라남도 나주시 남평읍,경상사고,0,0,1,0,차량단독 - 도로외이탈 - 기타,안전운전불이행,건조,맑음,단일로 - 기타,승용,여,24세,경상,,,,
2018060100100070,2018년 6월 1일 05시,금요일,전라남도 완도군 완도읍,경상사고,0,0,1,0,차대차 - 추돌,안전운전불이행,건조,맑음,교차로 - 교차로안,승합,남,21세,상해없음,승용,남,45세,경상
2018060100100098,2018년 6월 1일 07시,금요일,전라남도 무안군 현경면,경상사고,0,0,1,0,차대차 - 측면충돌,안전운전불이행,건조,맑음,교차로 - 교차로부근,이륜,남,73세,기타불명,승용,여,46세,경상
2018060100100131,2018년 6월 1일 08시,금요일,전라남도 목포시 옥암동,경상사고,0,0,2,0,차대차 - 기타,안전운전불이행,건조,맑음,단일로 - 기타,기타불명,기타불명,미분류,기타불명,승합,남,52세,상해없음
2018060100100132,2018년 6월 1일 08시,금요일,전라남도 여수시 여천동,경상사고,0,0,4,0,차대차 - 추돌,안전운전불이행,건조,맑음,단일로 - 기타,승용,남,40세,경상,승용,여,56세,경상
2018060100100133,2018년 6월 1일 08시,금요일,전라남도 여수시 신기동,경상사고,0,0,2,0,차대차 - 추돌,안전운전불이행,건조,맑음,교차로 - 교차로부근,승용,여,60세,상해없음,승용,남,41세,경상
2018060100100134,2018년 6월 1일 08시,금요일,전라남도 나주시 금천면,경상사고,0,0,1,0,차대차 - 추돌,안전운전불이행,건조,맑음,교차로 - 교차로부근,승용,남,34세,상해없음,승용,남,42세,경상
2018060100100135,2018년 6월 1일 08시,금요일,전라남도 나주시 남평읍,중상사고,0,1,0,0,차대차 - 측면충돌,안전운전불이행,건조,맑음,단일로 - 기타,화물,남,58세,상해없음,자전거,남,71세,중상
2018060100100136,2018년 6월 1일 08시,금요일,전라남도 장흥군 장흥읍,경상사고,0,0,1,0,차량단독 - 전도전복 - 전도,안전운전불이행,건조,맑음,단일로 - 기타,이륜,남,84세,경상,미분류,미분류,미분류,미분류
2018060100100137,2018년 6월 1일 08시,금요일,전라남도 화순군 이양면,중상사고,0,2,0,0,차량단독 - 공작물충돌,안전운전불이행,건조,맑음,단일로 - 기타,화물,남,69세,중상,,,,
2018060100100182,2018년 6월 1일 09시,금요일,전라남도 목포시 용당동,경상사고,0,0,2,0,차대차 - 측면충돌,교차로운행방법위반,건조,맑음,교차로 - 교차로안,이륜,남,83세,경상,승용,남,55세,상해없음
2018060100100183,2018년 6월 1일 09시,금요일,전라남도 함평군 나산면,중상사고,0,1,0,0,차대차 - 측면충돌,직진우회전진행방해,건조,맑음,교차로 - 교차로안,승합,남,48세,상해없음,자전거,남,42세,중상
2018060100100213,2018년 6월 1일 10시,금요일,전라남도 목포시 산정동,경상사고,0,0,1,0,차대차 - 측면충돌,직진우회전진행방해,건조,맑음,교차로 - 교차로안,승용,남,50세,상해없음,승용,여,42세,경상
2018060100100214,2018년 6월 1일 10시,금요일,전라남도 고흥군 동강면,중상사고,0,1,0,0,차대차 - 추돌,안전운전불이행,건조,맑음,단일로 - 기타,승용,남,19세,상해없음,화물,남,59세,중상
2018060100100215,2018년 6월 1일 10시,금요일,전라남도 강진군 작천면,사망사고,1,0,0,0,차대사람 - 길가장자리구역통행중,안전운전불이행,기타,맑음,교차로 - 교차로부근,건설기계,남,63세,상해없음,보행자,남,32세,사망
2018060100100281,2018년 6월 1일 12시,금요일,전라남도 나주시 산포면,중상사고,0,1,9,0,차대차 - 추돌,안전운전불이행,건조,맑음,단일로 - 기타,승합,남,57세,상해없음,승용,남,45세,중상
2018060100100311,2018년 6월 1일 13시,금요일,전라남도 목포시 옥암동,중상사고,0,1,0,0,차대차 - 측면충돌,안전운전불이행,건조,맑음,단일로 - 기타,화물,남,31세,상해없음,이륜,남,28세,중상
2018060100100345,2018년 6월 1일 14시,금요일,전라남도 목포시 옥암동,경상사고,0,0,2,0,차대차 - 측면충돌,안전운전불이행,건조,맑음,단일로 - 기타,승용,여,49세,상해없음,승용,여,63세,상해없음
2018060100100346,2018년 6월 1일 14시,금요일,전라남도 담양군 수북면,사망사고,1,0,0,0,차대차 - 기타,안전운전불이행,건조,맑음,단일로 - 기타,승용,여,52세,상해없음,자전거,남,74세,사망
2018060100100347,2018년 6월 1일 14시,금요일,전라남도 담양군 고서면,경상사고,0,0,1,0,차대차 - 기타,직진우회전진행방해,건조,맑음,교차로 - 교차로안,승용,남,35세,상해없음,농기계,남,83세,경상
2018060100100392,2018년 6월 1일 15시,금요일,전라남도 여수시 수정동,중상사고,0,1,4,0,차대차 - 측면충돌,안전운전불이행,건조,맑음,단일로 - 기타,승용,남,62세,상해없음,승용,남,52세,상해없음
2018060100100393,2018년 6월 1일 15시,금요일,전라남도 여수시 학동,부상신고사고,0,0,0,1,차대차 - 측면충돌,안전운전불이행,건조,맑음,단일로 - 기타,원동기,남,40세,부상신고,승용,여,54세,상해없음
2018060100100394,2018년 6월 1일 15시,금요일,전라남도 보성군 조성면,중상사고,0,1,0,0,차대차 - 측면충돌,안전거리미확보,건조,맑음,단일로 - 기타,화물,남,67세,상해없음,자전거,남,79세,중상
2018060100100395,2018년 6월 1일 15시,금요일,전라남도 영암군 영암읍,중상사고,0,1,0,0,차대차 - 추돌,안전운전불이행,건조,맑음,단일로 - 기타,승용,남,78세,상해없음,농기계,남,64세,중상
2018060100100431,2018년 6월 1일 16시,금요일,전라남도 완도군 고금면,경상사고,0,0,1,0,차대차 - 정면충돌,안전운전불이행,건조,맑음,단일로 - 기타,화물,남,65세,상해없음,승용,남,44세,경상
2018060100100477,2018년 6월 1일 17시,금요일,전라남도 여수시 덕충동,경상사고,0,0,2,0,차대차 - 측면충돌,신호위반,건조,맑음,교차로 - 교차로안,승용,남,72세,상해없음,승용,남,28세,상해없음
2018060100100527,2018년 6월 1일 18시,금요일,전라남도 나주시 용산동,경상사고,0,0,1,0,차대차 - 측면충돌,안전운전불이행,건조,맑음,교차로 - 교차로안,승용,남,24세,상해없음,승용,여,50세,경상
2018060100100528,2018년 6월 1일 18시,금요일,전라남도 나주시 남평읍,중상사고,0,1,0,0,차량단독 - 기타,기타,건조,맑음,단일로 - 기타,승합,남,34세,상해없음,,,,
2018060100100529,2018년 6월 1일 18시,금요일,전라남도 고흥군 고흥읍,경상사고,0,0,1,0,차대사람 - 기타,안전운전불이행,건조,맑음,교차로 - 교차로안,승용,여,63세,상해없음,보행자,남,45세,경상
2018060100100574,2018년 6월 1일 19시,금요일,전라남도 목포시 상동,경상사고,0,0,1,0,차대차 - 측면충돌,안전운전불이행,건조,맑음,단일로 - 기타,이륜,남,32세,경상,승용,남,33세,상해없음
2018060100100575,2018년 6월 1일 19시,금요일,전라남도 보성군 득량면,부상신고사고,0,0,0,1,차량단독 - 전도전복 - 전도,안전운전불이행,건조,맑음,단일로 - 기타,화물,남,64세,부상신고,미분류,미분류,미분류,미분류
2018060100100613,2018년 6월 1일 20시,금요일,전라남도 목포시 옥암동,경상사고,0,0,3,0,차대차 - 측면충돌,안전운전불이행,건조,맑음,교차로 - 교차로안,승용,남,63세,경상,승용,남,45세,경상
2018060100100614,2018년 6월 1일 20시,금요일,전라남도 순천시 조례동,중상사고,0,1,0,0,차대사람 - 횡단중,보행자보호의무위반,건조,맑음,교차로 - 교차로횡단보도내,승용,여,46세,상해없음,보행자,여,73세,중상
2018060100100615,2018년 6월 1일 20시,금요일,전라남도 담양군 금성면,사망사고,1,0,0,0,차량단독 - 기타,안전운전불이행,건조,맑음,단일로 - 기타,승용,남,47세,사망,,,,
2018060100100640,2018년 6월 1일 21시,금요일,전라남도 목포시 상동,경상사고,0,0,1,0,차대차 - 측면충돌,중앙선침범,건조,맑음,단일로 - 기타,승용,남,23세,상해없음,이륜,남,21세,경상
2018060100100641,2018년 6월 1일 21시,금요일,전라남도 영암군 삼호읍,중상사고,0,1,8,0,차대차 - 추돌,안전운전불이행,건조,맑음,교차로 - 교차로안,승합,남,48세,상해없음,승용,여,44세,중상
2018060100100642,2018년 6월 1일 21시,금요일,전라남도 담양군 창평면,경상사고,0,0,1,0,차대차 - 추돌,안전운전불이행,건조,맑음,교차로 - 교차로부근,화물,남,46세,상해없음,승용,남,66세,경상
2018060100100681,2018년 6월 1일 22시,금요일,전라남도 순천시 서면,경상사고,0,0,3,0,차대차 - 정면충돌,중앙선침범,건조,맑음,교차로 - 교차로부근,승용,여,50세,경상,화물,남,62세,상해없음
2018060100100682,2018년 6월 1일 22시,금요일,전라남도 순천시 조례동,경상사고,0,0,1,0,차대차 - 측면충돌,신호위반,건조,맑음,교차로 - 교차로안,승용,남,52세,상해없음,승용,여,60세,경상
2018060100100683,2018년 6월 1일 22시,금요일,전라남도 순천시 조례동,경상사고,0,0,1,0,차량단독 - 기타,안전운전불이행,건조,맑음,단일로 - 기타,승용,남,35세,상해없음,,,,
2018060200100009,2018년 6월 2일 00시,토요일,전라남도 여수시 국동,경상사고,0,0,1,0,차대차 - 측면충돌,안전운전불이행,건조,맑음,단일로 - 기타,승용,여,62세,경상,승합,남,60세,기타불명
2018060200100033,2018년 6월 2일 01시,토요일,전라남도 순천시 조례동,경상사고,0,0,1,0,차대사람 - 차도통행중,안전운전불이행,건조,맑음,단일로 - 기타,승용,남,57세,상해없음,보행자,남,44세,경상
2018060200100047,2018년 6월 2일 02시,토요일,전라남도 순천시 연향동,경상사고,0,0,1,0,차대사람 - 차도통행중,안전운전불이행,건조,맑음,교차로 - 교차로부근,승용,여,29세,상해없음,보행자,남,47세,경상
2018060200100078,2018년 6월 2일 05시,토요일,전라남도 광양시 마동,중상사고,0,1,2,0,차대차 - 측면충돌,신호위반,건조,맑음,교차로 - 교차로안,승용,남,66세,상해없음,화물,남,75세,중상
2018060200100079,2018년 6월 2일 05시,토요일,전라남도 광양시 광양읍,중상사고,0,1,1,0,차대차 - 측면충돌,신호위반,건조,맑음,교차로 - 교차로안,승용,남,25세,경상,승용,여,53세,중상
2018060200100107,2018년 6월 2일 07시,토요일,전라남도 목포시 산정동,중상사고,0,1,0,0,차대차 - 측면충돌,안전운전불이행,건조,맑음,단일로 - 기타,승용,남,36세,상해없음,자전거,남,77세,중상
2018060200100108,2018년 6월 2일 07시,토요일,전라남도 장성군 북하면,중상사고,0,1,0,0,차대차 - 기타,안전운전불이행,건조,맑음,교차로 - 교차로안,사륜오토바이(ATV),남,70세,중상,화물,남,59세,상해없음
2018060200100109,2018년 6월 2일 07시,토요일,전라남도 구례군 토지면,경상사고,0,0,1,0,차대차 - 추돌,안전거리미확보,건조,맑음,단일로 - 기타,화물,남,47세,상해없음,화물,남,24세,경상
2018060200100127,2018년 6월 2일 08시,토요일,전라남도 해남군 삼산면,경상사고,0,0,3,0,차대차 - 추돌,기타,건조,맑음,단일로 - 기타,승합,여,63세,경상,승용,여,48세,경상
2018060200100128,2018년 6월 2일 08시,토요일,전라남도 함평군 손불면,중상사고,0,2,0,0,차대차 - 정면충돌,중앙선침범,건조,맑음,단일로 - 기타,승용,남,48세,중상,승용,여,55세,중상
2018060200100129,2018년 6월 2일 08시,토요일,전라남도 진도군 진도읍,경상사고,0,0,1,0,차대사람 - 차도통행중,안전운전불이행,건조,맑음,기타 - 기타,승용,남,80세,상해없음,보행자,남,62세,경상
2018060200100184,2018년 6월 2일 10시,토요일,전라남도 여수시 광무동,경상사고,0,0,1,0,차대차 - 측면충돌,교차로운행방법위반,건조,맑음,교차로 - 교차로안,승용,남,71세,상해없음,승용,남,45세,경상
2018060200100222,2018년 6월 2일 11시,토요일,전라남도 여수시 율촌면,경상사고,0,0,1,0,차대차 - 측면충돌,안전운전불이행,건조,맑음,단일로 - 기타,승용,남,65세,상해없음,승용,남,64세,경상
2018060200100223,2018년 6월 2일 11시,토요일,전라남도 강진군 칠량면,중상사고,0,1,0,0,차대차 - 측면충돌,중앙선침범,건조,맑음,단일로 - 기타,화물,남,74세,중상,건설기계,남,58세,상해없음
2018060200100224,2018년 6월 2일 11시,토요일,전라남도 강진군 옴천면,경상사고,0,0,1,1,차대차 - 측면충돌,중앙선침범,건조,맑음,단일로 - 기타,이륜,여,60세,부상신고,승용,여,56세,경상
2018060200100225,2018년 6월 2일 11시,토요일,전라남도 강진군 작천면,경상사고,0,0,1,0,차대차 - 측면충돌,안전운전불이행,건조,맑음,단일로 - 기타,이륜,남,63세,경상,승용,남,59세,상해없음
2018060200100226,2018년 6월 2일 11시,토요일,전라남도 무안군 현경면,경상사고,0,0,2,0,차대차 - 측면충돌,교차로운행방법위반,건조,맑음,교차로 - 교차로안,승용,남,52세,상해없음,화물,남,53세,경상
2018060200100227,2018년 6월 2일 11시,토요일,전라남도 무안군 일로읍,경상사고,0,0,1,0,차대차 - 기타,안전거리미확보,건조,맑음,단일로 - 기타,승용,남,52세,상해없음,자전거,남,29세,경상
2018060200100276,2018년 6월 2일 12시,토요일,전라남도 신안군 신의면,중상사고,0,1,0,0,차대차 - 기타,교차로운행방법위반,건조,맑음,교차로 - 교차로안,화물,남,50세,상해없음,이륜,남,75세,중상
2018060200100277,2018년 6월 2일 12시,토요일,전라남도 순천시 조례동,경상사고,0,0,1,0,차대차 - 측면충돌,안전운전불이행,건조,맑음,단일로 - 기타,승용,여,49세,상해없음,승용,여,50세,경상
2018060200100278,2018년 6월 2일 12시,토요일,전라남도 장흥군 장흥읍,경상사고,0,0,1,0,차대사람 - 길가장자리구역통행중,안전운전불이행,건조,맑음,주차장 - 주차장,승용,남,33세,상해없음,보행자,여,77세,경상
2018060200100279,2018년 6월 2일 12시,토요일,전라남도 화순군 화순읍,경상사고,0,0,1,1,차대차 - 측면충돌,직진우회전진행방해,건조,맑음,교차로 - 교차로안,승용,여,43세,부상신고,승용,여,56세,경상
2018060200100317,2018년 6월 2일 13시,토요일,전라남도 여수시 학동,경상사고,0,0,1,0,차대차 - 측면충돌,직진우회전진행방해,건조,맑음,교차로 - 교차로안,승용,여,42세,경상,승용,남,35세,상해없음
2018060200100318,2018년 6월 2일 13시,토요일,전라남도 영암군 신북면,경상사고,0,0,2,0,차대차 - 측면충돌,안전운전불이행,건조,맑음,교차로 - 교차로안,승용,남,24세,상해없음,승용,남,37세,경상
2018060200100360,2018년 6월 2일 14시,토요일,전라남도 장흥군 안양면,경상사고,0,0,1,0,차량단독 - 도로외이탈 - 추락,안전운전불이행,건조,맑음,단일로 - 기타,승용,여,56세,상해없음,,,,
2018060200100361,2018년 6월 2일 14시,토요일,전라남도 완도군 완도읍,경상사고,0,0,2,0,차대차 - 측면충돌,안전운전불이행,건조,맑음,교차로 - 교차로안,화물,남,71세,상해없음,화물,남,39세,경상