사고번호,사고일시,요일,시군구,사고내용,사망자수,중상자수,경상자수,부상신고자수,사고유형,법규위반,노면상태,기상상태,도로형태,가해운전자 차종,가해운전자 성별,가해운전자 연령,가해운전자 상해정도,피해운전자 차종,피해운전자 성별,피해운전자 연령,피해운전자 상해정도
2018060200100404,2018년 6월 2일 15시,토요일,전라남도 화순군 화순읍,중상사고,0,1,3,0,차대차 - 측면충돌,교차로운행방법위반,건조,맑음,교차로 - 교차로안,승용,남,64세,경상,승용,남,60세,경상
2018060200100456,2018년 6월 2일 16시,토요일,전라남도 무안군 삼향읍,경상사고,0,0,1,0,차대사람 - 기타,보행자보호의무위반,건조,맑음,기타 - 기타,승용,여,32세,상해없음,보행자,남,6세,경상
2018060200100511,2018년 6월 2일 17시,토요일,전라남도 목포시 옥암동,중상사고,0,1,1,0,차대차 - 기타,신호위반,건조,맑음,교차로 - 교차로안,이륜,남,40세,중상,승용,여,47세,경상
2018060200100618,2018년 6월 2일 20시,토요일,전라남도 순천시 대대동,경상사고,0,0,1,0,차대차 - 기타,교차로운행방법위반,건조,맑음,교차로 - 교차로안,승용,여,44세,상해없음,자전거,남,16세,경상
2018060200100619,2018년 6월 2일 20시,토요일,전라남도 강진군 군동면,경상사고,0,0,1,0,차대차 - 기타,교차로운행방법위반,건조,맑음,교차로 - 교차로안,승용,남,23세,상해없음,이륜,남,57세,경상
2018060200100649,2018년 6월 2일 21시,토요일,전라남도 완도군 완도읍,경상사고,0,0,1,0,차대차 - 기타,안전운전불이행,건조,맑음,교차로 - 교차로안,자전거,남,82세,경상,승용,여,34세,상해없음
2018060200100650,2018년 6월 2일 21시,토요일,전라남도 광양시 광양읍,중상사고,0,1,0,0,차대사람 - 횡단중,안전운전불이행,건조,맑음,단일로 - 기타,승용,여,52세,상해없음,보행자,남,46세,중상
2018060200100680,2018년 6월 2일 22시,토요일,전라남도 목포시 남교동,경상사고,0,0,1,0,차대차 - 기타,교차로운행방법위반,건조,맑음,교차로 - 교차로안,승용,남,38세,상해없음,승용,남,44세,경상
2018060200100681,2018년 6월 2일 22시,토요일,전라남도 장성군 삼서면,경상사고,0,0,3,0,차대차 - 기타,중앙선침범,건조,맑음,단일로 - 기타,승용,남,69세,상해없음,승용,여,35세,경상
2018060200100706,2018년 6월 2일 23시,토요일,전라남도 보성군 회천면,경상사고,0,0,1,0,차대차 - 측면충돌,교차로운행방법위반,건조,맑음,교차로 - 교차로안,승용,남,43세,상해없음,화물,남,36세,경상
2018060200100707,2018년 6월 2일 23시,토요일,전라남도 광양시 중동,경상사고,0,0,2,0,차대차 - 측면충돌,신호위반,건조,맑음,교차로 - 교차로안,승용,남,24세,상해없음,승용,남,29세,경상
2018060300100087,2018년 6월 3일 07시,일요일,전라남도 강진군 강진읍,중상사고,0,1,0,0,차대사람 - 기타,안전운전불이행,건조,맑음,단일로 - 기타,승용,여,38세,상해없음,보행자,여,60세,중상
2018060300100088,2018년 6월 3일 07시,일요일,전라남도 강진군 강진읍,부상신고사고,0,0,0,1,차대사람 - 기타,안전운전불이행,건조,맑음,단일로 - 기타,화물,남,52세,상해없음,보행자,남,48세,부상신고
2018060300100142,2018년 6월 3일 10시,일요일,전라남도 목포시 산정동,경상사고,0,0,1,0,차대사람 - 차도통행중,안전운전불이행,건조,맑음,교차로 - 교차로안,승용,남,44세,상해없음,보행자,여,78세,경상
2018060300100143,2018년 6월 3일 10시,일요일,전라남도 광양시 다압면,사망사고,1,0,0,0,차량단독 - 전도전복 - 전도,안전운전불이행,건조,맑음,단일로 - 기타,이륜,여,36세,사망,미분류,미분류,미분류,미분류
2018060300100164,2018년 6월 3일 11시,일요일,전라남도 나주시 이창동,부상신고사고,0,0,0,1,차량단독 - 기타,안전운전불이행,건조,맑음,단일로 - 기타,이륜,남,69세,부상신고,,,,
2018060300100165,2018년 6월 3일 11시,일요일,전라남도 함평군 함평읍,경상사고,0,0,1,1,차대차 - 측면충돌,안전운전불이행,건조,맑음,단일로 - 기타,승용,여,60세,부상신고,화물,남,36세,경상
2018060300100188,2018년 6월 3일 12시,일요일,전라남도 여수시 웅천동,중상사고,0,1,2,0,차량단독 - 전도전복 - 전복,안전운전불이행,건조,맑음,교차로 - 교차로부근,화물,남,18세,상해없음,미분류,미분류,미분류,미분류
2018060300100247,2018년 6월 3일 14시,일요일,전라남도 구례군 구례읍,부상신고사고,0,0,0,1,차대차 - 측면충돌,안전운전불이행,건조,맑음,기타 - 기타,자전거,남,9세,부상신고,승용,여,45세,상해없음
2018060300100307,2018년 6월 3일 16시,일요일,전라남도 목포시 연산동,경상사고,0,0,1,0,차대사람 - 차도통행중,안전운전불이행,건조,맑음,단일로 - 기타,승용,여,39세,상해없음,보행자,남,7세,경상
2018060300100344,2018년 6월 3일 17시,일요일,전라남도 순천시 조례동,경상사고,0,0,1,0,차대차 - 후진중충돌,안전운전불이행,건조,맑음,단일로 - 기타,승용,남,46세,기타불명,승용,여,26세,경상
2018060300100381,2018년 6월 3일 18시,일요일,전라남도 여수시 웅천동,경상사고,0,0,1,0,차대차 - 측면충돌,안전운전불이행,건조,맑음,교차로 - 교차로부근,승용,남,31세,상해없음,승용,남,69세,경상
2018060300100382,2018년 6월 3일 18시,일요일,전라남도 나주시 다도면,중상사고,0,1,0,0,차량단독 - 기타,안전운전불이행,건조,맑음,단일로 - 기타,농기계,남,68세,중상,,,,
2018060300100408,2018년 6월 3일 19시,일요일,전라남도 목포시 상동,경상사고,0,0,2,0,차대차 - 측면충돌,교차로운행방법위반,건조,맑음,교차로 - 교차로안,승용,남,68세,경상,승용,남,58세,경상
2018060300100409,2018년 6월 3일 19시,일요일,전라남도 목포시 옥암동,중상사고,0,1,0,0,차대차 - 측면충돌,신호위반,건조,맑음,단일로 - 기타,승용,여,46세,상해없음,이륜,남,26세,중상
2018060300100434,2018년 6월 3일 20시,일요일,전라남도 고흥군 대서면,중상사고,0,1,0,0,차량단독 - 기타,안전운전불이행,건조,맑음,단일로 - 기타,이륜,남,46세,중상,,,,
2018060300100435,2018년 6월 3일 20시,일요일,전라남도 해남군 해남읍,경상사고,0,0,1,0,차대차 - 기타,안전운전불이행,건조,맑음,단일로 - 기타,화물,남,59세,상해없음,승용,남,32세,경상
2018060300100436,2018년 6월 3일 20시,일요일,전라남도 담양군 담양읍,경상사고,0,0,2,0,차대차 - 추돌,안전운전불이행,건조,맑음,단일로 - 기타,승용,남,32세,경상,농기계,남,59세,경상
2018060300100471,2018년 6월 3일 21시,일요일,전라남도 목포시 용당동,경상사고,0,0,3,0,차대차 - 기타,안전운전불이행,건조,맑음,단일로 - 기타,기타불명,기타불명,미분류,기타불명,승합,남,42세,상해없음
2018060300100472,2018년 6월 3일 21시,일요일,전라남도 나주시 송월동,경상사고,0,0,1,0,차대사람 - 횡단중,안전운전불이행,건조,흐림,단일로 - 기타,승용,남,51세,상해없음,보행자,남,37세,경상
2018060300100473,2018년 6월 3일 21시,일요일,전라남도 무안군 일로읍,경상사고,0,0,1,0,차대차 - 측면충돌,신호위반,건조,맑음,교차로 - 교차로안,승용,남,64세,상해없음,승용,남,39세,경상
2018060300100493,2018년 6월 3일 22시,일요일,전라남도 해남군 계곡면,경상사고,0,0,1,0,차량단독 - 기타,안전운전불이행,건조,맑음,단일로 - 기타,승용,남,67세,경상,,,,
2018060300100508,2018년 6월 3일 23시,일요일,전라남도 장성군 북이면,부상신고사고,0,0,0,1,차대차 - 추돌,안전운전불이행,건조,맑음,단일로 - 기타,승용,남,66세,부상신고,농기계,남,79세,기타불명
2018060400100085,2018년 6월 4일 07시,월요일,전라남도 무안군 청계면,경상사고,0,0,2,0,차대차 - 기타,안전운전불이행,건조,맑음,단일로 - 기타,화물,남,36세,상해없음,승용,남,27세,경상
2018060400100134,2018년 6월 4일 08시,월요일,전라남도 나주시 송월동,경상사고,0,0,2,0,차대차 - 측면충돌,교차로운행방법위반,건조,맑음,교차로 - 교차로안,승용,남,29세,상해없음,화물,남,24세,경상
2018060400100135,2018년 6월 4일 08시,월요일,전라남도 보성군 보성읍,경상사고,0,0,1,1,차대차 - 측면충돌,안전운전불이행,건조,맑음,교차로 - 교차로안,화물,남,69세,부상신고,승용,여,50세,경상
2018060400100136,2018년 6월 4일 08시,월요일,전라남도 보성군 보성읍,경상사고,0,0,1,0,차대사람 - 차도통행중,안전운전불이행,건조,맑음,단일로 - 기타,화물,남,41세,상해없음,보행자,여,76세,경상
2018060400100137,2018년 6월 4일 08시,월요일,전라남도 무안군 현경면,중상사고,0,1,7,0,차대차 - 추돌,안전운전불이행,건조,맑음,단일로 - 기타,화물,남,50세,중상,승합,남,47세,경상
2018060400100181,2018년 6월 4일 09시,월요일,전라남도 목포시 석현동,중상사고,0,1,1,0,차대차 - 측면충돌,신호위반,건조,맑음,교차로 - 교차로부근,이륜,남,69세,경상,승용,남,64세,상해없음
2018060400100182,2018년 6월 4일 09시,월요일,전라남도 보성군 벌교읍,경상사고,0,0,1,0,차대차 - 추돌,안전운전불이행,건조,맑음,단일로 - 기타,승용,남,63세,상해없음,승용,여,32세,경상
2018060400100211,2018년 6월 4일 10시,월요일,전라남도 나주시 동수동,중상사고,0,2,0,0,차대차 - 측면충돌,안전운전불이행,건조,맑음,교차로 - 교차로안,화물,남,57세,중상,화물,남,43세,중상
2018060400100212,2018년 6월 4일 10시,월요일,전라남도 구례군 광의면,중상사고,0,1,1,0,차대차 - 기타,교차로운행방법위반,건조,맑음,교차로 - 교차로안,승용,여,67세,경상,승용,여,59세,중상
2018060400100247,2018년 6월 4일 11시,월요일,전라남도 목포시 죽교동,경상사고,0,0,1,0,차대사람 - 기타,기타,건조,맑음,단일로 - 기타,화물,남,53세,상해없음,보행자,남,38세,경상
2018060400100248,2018년 6월 4일 11시,월요일,전라남도 고흥군 남양면,경상사고,0,0,1,0,차대차 - 추돌,안전운전불이행,건조,맑음,단일로 - 기타,승용,남,37세,경상,화물,남,62세,상해없음
2018060400100316,2018년 6월 4일 13시,월요일,전라남도 순천시 장천동,경상사고,0,0,1,0,차대차 - 측면충돌,안전운전불이행,건조,맑음,단일로 - 기타,승용,남,61세,상해없음,화물,남,63세,경상
2018060400100317,2018년 6월 4일 13시,월요일,전라남도 고흥군 도양읍,경상사고,0,0,1,0,차대차 - 측면충돌,신호위반,건조,맑음,교차로 - 교차로안,화물,남,70세,상해없음,화물,남,59세,경상
2018060400100318,2018년 6월 4일 13시,월요일,전라남도 화순군 능주면,중상사고,0,1,0,0,차량단독 - 전도전복 - 전도,안전운전불이행,건조,맑음,단일로 - 기타,농기계,남,80세,중상,미분류,미분류,미분류,미분류
2018060400100349,2018년 6월 4일 14시,월요일,전라남도 순천시 가곡동,경상사고,0,0,1,0,차대차 - 추돌,안전거리미확보,건조,맑음,단일로 - 기타,화물,남,61세,상해없음,승용,여,38세,경상
2018060400100350,2018년 6월 4일 14시,월요일,전라남도 함평군 월야면,경상사고,0,0,3,0,차대차 - 측면충돌,교차로운행방법위반,건조,맑음,교차로 - 교차로안,화물,남,53세,경상,승용,남,31세,경상
2018060400100351,2018년 6월 4일 14시,월요일,전라남도 장성군 삼계면,경상사고,0,0,1,0,차대차 - 측면충돌,안전운전불이행,건조,맑음,단일로 - 기타,승용,남,60세,상해없음,화물,남,55세,상해없음
2018060400100352,2018년 6월 4일 14시,월요일,전라남도 진도군 진도읍,경상사고,0,0,1,0,차대사람 - 횡단중,안전운전불이행,건조,맑음,주차장 - 주차장,화물,남,52세,상해없음,보행자,여,78세,경상
2018060400100374,2018년 6월 4일 15시,월요일,전라남도 목포시 산정동,경상사고,0,0,2,0,차대차 - 측면충돌,신호위반,건조,맑음,교차로 - 교차로안,승용,남,67세,상해없음,승합,남,41세,경상
2018060400100375,2018년 6월 4일 15시,월요일,전라남도 목포시 산정동,중상사고,0,1,1,0,차대차 - 측면충돌,신호위반,건조,맑음,교차로 - 교차로안,승용,여,48세,경상,이륜,남,75세,중상
2018060400100409,2018년 6월 4일 16시,월요일,전라남도 여수시 관문동,경상사고,0,0,3,0,차대차 - 추돌,교차로운행방법위반,건조,맑음,교차로 - 교차로안,승용,여,62세,상해없음,승용,남,31세,경상
2018060400100410,2018년 6월 4일 16시,월요일,전라남도 보성군 보성읍,중상사고,0,1,0,0,차대차 - 추돌,안전거리미확보,건조,맑음,단일로 - 기타,이륜,여,69세,중상,화물,남,65세,상해없음
2018060400100412,2018년 6월 4일 16시,월요일,전라남도 무안군 무안읍,경상사고,0,0,1,0,차대차 - 측면충돌,안전운전불이행,건조,맑음,교차로 - 교차로안,승용,여,39세,상해없음,승합,남,58세,경상
2018060400100413,2018년 6월 4일 16시,월요일,전라남도 진도군 조도면,경상사고,0,0,2,0,차대차 - 기타,교차로운행방법위반,건조,맑음,단일로 - 기타,화물,남,61세,상해없음,승용,남,52세,상해없음
2018060400100462,2018년 6월 4일 17시,월요일,전라남도 목포시 상동,경상사고,0,0,1,0,차대차 - 기타,안전운전불이행,건조,맑음,교차로 - 교차로안,기타불명,기타불명,미분류,기타불명,승용,여,63세,경상
2018060400100545,2018년 6월 4일 19시,월요일,전라남도 여수시 화장동,경상사고,0,0,1,0,차대차 - 측면충돌,안전거리미확보,건조,맑음,단일로 - 기타,승용,남,37세,상해없음,이륜,남,57세,경상
2018060400100546,2018년 6월 4일 19시,월요일,전라남도 여수시 안산동,경상사고,0,0,2,0,차대차 - 측면충돌,신호위반,건조,맑음,교차로 - 교차로안,승용,여,58세,상해없음,승용,남,65세,경상
2018060400100547,2018년 6월 4일 19시,월요일,전라남도 고흥군 고흥읍,중상사고,0,1,0,0,차대차 - 측면충돌,안전운전불이행,건조,맑음,단일로 - 기타,화물,남,45세,상해없음,자전거,남,17세,중상
2018060400100572,2018년 6월 4일 20시,월요일,전라남도 완도군 완도읍,경상사고,0,0,1,0,차대차 - 정면충돌,중앙선침범,건조,맑음,단일로 - 기타,승용,남,87세,상해없음,화물,여,50세,경상
2018060400100599,2018년 6월 4일 21시,월요일,전라남도 목포시 상동,경상사고,0,0,1,1,차대차 - 측면충돌,신호위반,건조,맑음,교차로 - 교차로부근,이륜,남,20세,부상신고,승용,남,60세,경상
2018060400100625,2018년 6월 4일 22시,월요일,전라남도 여수시 공화동,경상사고,0,0,4,0,차대차 - 측면충돌,신호위반,건조,맑음,교차로 - 교차로안,승용,남,71세,경상,승합,남,50세,경상
2018060400100626,2018년 6월 4일 22시,월요일,전라남도 여수시 안산동,경상사고,0,0,1,0,차대사람 - 기타,안전운전불이행,건조,맑음,단일로 - 기타,승용,여,40세,기타불명,보행자,남,45세,경상
2018060400100627,2018년 6월 4일 22시,월요일,전라남도 순천시 풍덕동,경상사고,0,0,1,0,차대사람 - 기타,안전운전불이행,건조,맑음,기타 - 기타,자전거,남,18세,상해없음,보행자,남,55세,경상
2018060400100628,2018년 6월 4일 22시,월요일,전라남도 구례군 구례읍,경상사고,0,0,2,0,차대차 - 추돌,안전운전불이행,건조,기타,단일로 - 기타,화물,남,63세,상해없음,승용,남,62세,경상
2018060500100057,2018년 6월 5일 05시,화요일,전라남도 목포시 산정동,경상사고,0,0,2,0,차대차 - 측면충돌,기타,건조,맑음,교차로 - 교차로안,화물,남,56세,경상,화물,남,60세,경상
2018060500100092,2018년 6월 5일 07시,화요일,전라남도 나주시 대호동,경상사고,0,0,2,0,차대차 - 측면충돌,안전운전불이행,건조,맑음,교차로 - 교차로안,승용,남,62세,상해없음,승용,여,42세,경상
2018060500100122,2018년 6월 5일 08시,화요일,전라남도 목포시 석현동,중상사고,0,1,0,0,차대차 - 기타,안전운전불이행,건조,맑음,교차로 - 교차로안,이륜,남,68세,중상,승용,여,63세,상해없음
2018060500100123,2018년 6월 5일 08시,화요일,전라남도 순천시 해룡면,경상사고,0,0,2,0,차대차 - 기타,안전거리미확보,건조,맑음,단일로 - 기타,승용,여,43세,경상,승용,남,39세,경상
2018060500100124,2018년 6월 5일 08시,화요일,전라남도 화순군 이양면,중상사고,0,1,1,0,차대차 - 측면충돌,교차로운행방법위반,건조,맑음,교차로 - 교차로안,승용,여,39세,상해없음,승용,여,53세,상해없음
2018060500100125,2018년 6월 5일 08시,화요일,전라남도 담양군 담양읍,경상사고,0,0,1,0,차대차 - 측면충돌,신호위반,건조,맑음,교차로 - 교차로안,승용,여,35세,상해없음,승용,남,47세,경상
2018060500100169,2018년 6월 5일 09시,화요일,전라남도 순천시 조례동,경상사고,0,0,1,0,차대차 - 측면충돌,안전운전불이행,젖음/습기,비,교차로 - 교차로안,승용,남,57세,상해없음,승용,여,52세,경상
2018060500100170,2018년 6월 5일 09시,화요일,전라남도 순천시 조례동,경상사고,0,0,1,0,차대차 - 추돌,안전거리미확보,젖음/습기,흐림,단일로 - 기타,승용,남,70세,상해없음,승용,남,27세,경상
2018060500100171,2018년 6월 5일 09시,화요일,전라남도 영암군 신북면,경상사고,0,0,1,0,차량단독 - 기타,안전운전불이행,건조,맑음,단일로 - 기타,이륜,여,60세,경상,,,,
2018060500100172,2018년 6월 5일 09시,화요일,전라남도 영암군 삼호읍,경상사고,0,0,2,0,차대차 - 측면충돌,안전운전불이행,건조,맑음,단일로 - 기타,화물,남,73세,경상,화물,여,43세,경상
2018060500100173,2018년 6월 5일 09시,화요일,전라남도 곡성군 죽곡면,경상사고,0,0,1,0,차대차 - 측면충돌,안전운전불이행,건조,맑음,단일로 - 기타,화물,남,61세,상해없음,화물,여,50세,경상
2018060500100212,2018년 6월 5일 10시,화요일,전라남도 순천시 낙안면,중상사고,0,3,1,0,차량단독 - 기타,안전운전불이행,건조,맑음,단일로 - 기타,승합,남,55세,상해없음,,,,
2018060500100236,2018년 6월 5일 11시,화요일,전라남도 여수시 봉산동,경상사고,0,0,1,0,차대차 - 측면충돌,신호위반,젖음/습기,비,교차로 - 교차로안,승용,여,46세,상해없음,승용,남,41세,상해없음
2018060500100284,2018년 6월 5일 13시,화요일,전라남도 장성군 장성읍,경상사고,0,0,1,0,차량단독 - 공작물충돌,안전운전불이행,건조,맑음,단일로 - 기타,화물,남,48세,경상,,,,
2018060500100324,2018년 6월 5일 14시,화요일,전라남도 목포시 옥암동,경상사고,0,0,1,0,차대차 - 기타,과속,건조,맑음,교차로 - 교차로부근,승용,남,36세,상해없음,승용,남,56세,경상
2018060500100325,2018년 6월 5일 14시,화요일,전라남도 나주시 삼영동,경상사고,0,0,1,0,차량단독 - 기타,안전운전불이행,건조,맑음,단일로 - 기타,이륜,남,21세,경상,,,,
2018060500100326,2018년 6월 5일 14시,화요일,전라남도 강진군 강진읍,중상사고,0,1,0,0,차량단독 - 전도전복 - 전도,안전운전불이행,건조,맑음,단일로 - 기타,원동기,남,50세,중상,미분류,미분류,미분류,미분류
2018060500100366,2018년 6월 5일 15시,화요일,전라남도 진도군 임회면,중상사고,0,1,1,0,차대차 - 기타,교차로운행방법위반,건조,맑음,교차로 - 교차로부근,승용,남,76세,상해없음,사륜오토바이(ATV),남,75세,경상
2018060500100367,2018년 6월 5일 15시,화요일,전라남도 광양시 옥곡면,사망사고,1,0,0,0,차량단독 - 공작물충돌,안전운전불이행,건조,맑음,단일로 - 기타,특수,남,47세,사망,,,,
2018060500100407,2018년 6월 5일 16시,화요일,전라남도 목포시 산정동,중상사고,0,1,0,0,차대사람 - 기타,안전운전불이행,건조,맑음,단일로 - 기타,승용,여,62세,기타불명,보행자,여,82세,중상
2018060500100452,2018년 6월 5일 17시,화요일,전라남도 화순군 화순읍,중상사고,0,1,0,0,차대사람 - 횡단중,안전운전불이행,건조,맑음,단일로 - 기타,승용,남,47세,상해없음,보행자,남,55세,중상
2018060500100453,2018년 6월 5일 17시,화요일,전라남도 광양시 성황동,경상사고,0,0,3,0,차대차 - 측면충돌,안전운전불이행,건조,맑음,교차로 - 교차로안,승용,남,56세,경상,승용,남,54세,경상
2018060500100514,2018년 6월 5일 18시,화요일,전라남도 목포시 호남동,경상사고,0,0,1,0,차대사람 - 기타,안전운전불이행,기타,맑음,단일로 - 기타,기타불명,기타불명,미분류,기타불명,보행자,여,71세,경상
2018060500100515,2018년 6월 5일 18시,화요일,전라남도 여수시 신기동,경상사고,0,0,1,0,차대차 - 측면충돌,안전운전불이행,건조,맑음,단일로 - 기타,승용,남,31세,상해없음,승용,여,52세,상해없음
2018060500100516,2018년 6월 5일 18시,화요일,전라남도 화순군 도곡면,경상사고,0,0,2,0,차대차 - 측면충돌,신호위반,건조,맑음,교차로 - 교차로안,승용,남,57세,상해없음,승용,여,57세,경상
2018060500100517,2018년 6월 5일 18시,화요일,전라남도 화순군 화순읍,경상사고,0,0,1,0,차대차 - 측면충돌,안전거리미확보,건조,맑음,단일로 - 기타,승용,남,29세,상해없음,이륜,남,56세,경상
2018060500100579,2018년 6월 5일 20시,화요일,전라남도 순천시 연향동,경상사고,0,0,2,0,차대차 - 추돌,안전거리미확보,젖음/습기,흐림,단일로 - 기타,승용,남,27세,경상,승용,남,26세,상해없음
2018060500100645,2018년 6월 5일 22시,화요일,전라남도 여수시 봉계동,경상사고,0,0,3,0,차대차 - 추돌,안전운전불이행,건조,맑음,단일로 - 기타,승용,남,26세,상해없음,승용,남,44세,경상
2018060500100646,2018년 6월 5일 22시,화요일,전라남도 순천시 연향동,경상사고,0,0,2,0,차대차 - 정면충돌,중앙선침범,건조,맑음,교차로 - 교차로부근,승용,남,23세,상해없음,승용,남,33세,경상
2018060500100672,2018년 6월 5일 23시,화요일,전라남도 목포시 상동,경상사고,0,0,1,0,차대사람 - 횡단중,보행자보호의무위반,건조,맑음,교차로 - 교차로부근,승용,남,25세,상해없음,보행자,남,69세,경상
2018060600100032,2018년 6월 6일 01시,수요일,전라남도 목포시 연산동,경상사고,0,0,1,0,차량단독 - 공작물충돌,안전운전불이행,건조,맑음,단일로 - 기타,승용,여,41세,경상,,,,
2018060600100033,2018년 6월 6일 01시,수요일,전라남도 여수시 여서동,경상사고,0,0,2,0,차대차 - 측면충돌,안전운전불이행,건조,맑음,단일로 - 기타,승용,남,45세,상해없음,승용,남,44세,경상
2018060600100049,2018년 6월 6일 02시,수요일,전라남도 영암군 삼호읍,중상사고,0,1,2,0,차량단독 - 공작물충돌,안전운전불이행,건조,맑음,단일로 - 기타,승용,남,18세,상해없음,,,,
2018060600100103,2018년 6월 6일 06시,수요일,전라남도 여수시 오림동,경상사고,0,0,1,0,차대차 - 측면충돌,신호위반,건조,맑음,교차로 - 교차로안,승용,남,35세,상해없음,화물,남,57세,경상
2018060600100120,2018년 6월 6일 07시,수요일,전라남도 광양시 태인동,중상사고,0,1,3,0,차대차 - 측면충돌,교차로운행방법위반,건조,맑음,교차로 - 교차로안,승용,남,26세,경상,특수,남,41세,경상
2018060600100136,2018년 6월 6일 08시,수요일,전라남도 순천시 해룡면,사망사고,1,0,0,0,차대차 - 측면충돌,신호위반,건조,맑음,교차로 - 교차로안,화물,남,24세,상해없음,승용,여,62세,사망
2018060600100152,2018년 6월 6일 09시,수요일,전라남도 영광군 영광읍,경상사고,0,0,3,0,차대차 - 측면충돌,안전거리미확보,건조,맑음,단일로 - 기타,승용,남,70세,경상,승용,여,45세,경상
2018060600100153,2018년 6월 6일 09시,수요일,전라남도 영암군 삼호읍,중상사고,0,2,0,0,차대차 - 측면충돌,안전운전불이행,건조,맑음,교차로 - 교차로안,화물,남,54세,중상,승용,남,23세,중상
2018060600100170,2018년 6월 6일 10시,수요일,전라남도 광양시 광양읍,경상사고,0,0,2,0,차대차 - 추돌,안전거리미확보,건조,맑음,교차로 - 교차로부근,건설기계,남,38세,상해없음,승용,여,53세,경상
2018060600100196,2018년 6월 6일 11시,수요일,전라남도 여수시 웅천동,경상사고,0,0,1,0,차대차 - 측면충돌,신호위반,건조,맑음,교차로 - 교차로횡단보도내,승합,여,65세,상해없음,자전거,남,13세,경상
2018060600100197,2018년 6월 6일 11시,수요일,전라남도 여수시 서교동,경상사고,0,0,1,0,차대사람 - 길가장자리구역통행중,안전운전불이행,건조,맑음,단일로 - 기타,승용,여,52세,상해없음,보행자,여,78세,경상
2018060600100198,2018년 6월 6일 11시,수요일,전라남도 나주시 금천면,중상사고,0,2,4,0,차대차 - 기타,안전운전불이행,건조,맑음,교차로 - 교차로안,화물,남,67세,경상,승용,남,34세,경상
2018060600100199,2018년 6월 6일 11시,수요일,전라남도 광양시 광양읍,경상사고,0,0,1,0,차대차 - 기타,차로위반,건조,맑음,교차로 - 교차로안,화물,남,61세,상해없음,승용,여,59세,경상
2018060600100238,2018년 6월 6일 12시,수요일,전라남도 목포시 상동,경상사고,0,0,2,0,차대차 - 측면충돌,안전운전불이행,건조,맑음,단일로 - 기타,승용,여,35세,상해없음,승용,남,22세,경상
2018060600100239,2018년 6월 6일 12시,수요일,전라남도 무안군 청계면,경상사고,0,0,1,0,차대차 - 추돌,안전운전불이행,건조,맑음,단일로 - 기타,승합,남,59세,경상,건설기계,남,54세,기타불명
2018060600100311,2018년 6월 6일 14시,수요일,전라남도 나주시 빛가람동,중상사고,0,1,0,0,차대차 - 기타,불법유턴,건조,맑음,교차로 - 교차로부근,화물,남,43세,상해없음,이륜,남,27세,중상
2018060600100350,2018년 6월 6일 15시,수요일,전라남도 목포시 상동,경상사고,0,0,5,0,차대차 - 기타,중앙선침범,건조,맑음,기타 - 기타,승용,여,39세,경상,승용,남,57세,경상
2018060600100351,2018년 6월 6일 15시,수요일,전라남도 여수시 문수동,경상사고,0,0,2,0,차대사람 - 횡단중,안전운전불이행,건조,맑음,단일로 - 기타,승용,여,44세,상해없음,보행자,여,7세,경상
2018060600100385,2018년 6월 6일 16시,수요일,전라남도 순천시 해룡면,중상사고,0,1,0,0,차대사람 - 횡단중,신호위반,건조,맑음,교차로 - 교차로횡단보도내,이륜,남,22세,상해없음,보행자,남,13세,중상
2018060600100386,2018년 6월 6일 16시,수요일,전라남도 나주시 왕곡면,경상사고,0,0,1,0,차대차 - 추돌,안전운전불이행,건조,맑음,단일로 - 기타,승용,남,53세,상해없음,화물,남,42세,경상
2018060600100387,2018년 6월 6일 16시,수요일,전라남도 고흥군 도양읍,경상사고,0,0,2,0,차대차 - 추돌,안전운전불이행,건조,맑음,교차로 - 교차로부근,승용,남,48세,상해없음,승용,남,56세,경상
2018060600100424,2018년 6월 6일 17시,수요일,전라남도 화순군 화순읍,경상사고,0,0,3,0,차대차 - 추돌,안전운전불이행,건조,맑음,교차로 - 교차로부근,승용,남,39세,상해없음,승용,남,60세,경상
2018060600100425,2018년 6월 6일 17시,수요일,전라남도 영암군 삼호읍,경상사고,0,0,1,0,차대차 - 기타,신호위반,건조,맑음,교차로 - 교차로부근,건설기계,남,24세,상해없음,승용,남,56세,경상
2018060600100457,2018년 6월 6일 18시,수요일,전라남도 나주시 금천면,경상사고,0,0,1,0,차대차 - 추돌,안전운전불이행,건조,맑음,교차로 - 교차로안,승용,남,37세,상해없음,승용,남,23세,경상
2018060600100562,2018년 6월 6일 22시,수요일,전라남도 목포시 산정동,경상사고,0,0,1,0,차대사람 - 기타,안전운전불이행,건조,맑음,기타 - 기타,승용,남,26세,상해없음,보행자,남,52세,경상
2018060600100580,2018년 6월 6일 23시,수요일,전라남도 여수시 신기동,경상사고,0,0,2,0,차대차 - 측면충돌,안전운전불이행,건조,맑음,교차로 - 교차로안,승합,남,59세,상해없음,승합,여,61세,경상
2018060700100039,2018년 6월 7일 05시,목요일,전라남도 순천시 서면,경상사고,0,0,1,0,차대차 - 측면충돌,직진우회전진행방해,건조,맑음,교차로 - 교차로안,승용,남,60세,상해없음,승용,여,44세,경상
2018060700100040,2018년 6월 7일 05시,목요일,전라남도 강진군 칠량면,중상사고,0,6,1,0,차대차 - 추돌,안전운전불이행,건조,맑음,단일로 - 기타,승합,남,71세,중상,농기계,남,79세,경상
2018060700100076,2018년 6월 7일 07시,목요일,전라남도 나주시 문평면,경상사고,0,0,1,0,차량단독 - 기타,안전운전불이행,건조,맑음,단일로 - 기타,농기계,남,72세,경상,,,,