사고번호,사고일시,요일,시군구,사고내용,사망자수,중상자수,경상자수,부상신고자수,사고유형,법규위반,노면상태,기상상태,도로형태,가해운전자 차종,가해운전자 성별,가해운전자 연령,가해운전자 상해정도,피해운전자 차종,피해운전자 성별,피해운전자 연령,피해운전자 상해정도
2018061100100524,2018년 6월 11일 20시,월요일,전라남도 영암군 영암읍,중상사고,0,1,0,0,차대사람 - 횡단중,안전운전불이행,건조,맑음,교차로 - 교차로부근,승용,여,49세,상해없음,보행자,여,63세,중상
2018061100100551,2018년 6월 11일 21시,월요일,전라남도 장흥군 장흥읍,경상사고,0,0,1,0,차대차 - 측면충돌,교차로운행방법위반,건조,맑음,교차로 - 교차로안,승용,남,47세,상해없음,승용,여,25세,경상
2018061100100552,2018년 6월 11일 21시,월요일,전라남도 고흥군 도덕면,중상사고,0,1,0,0,차대사람 - 기타,안전운전불이행,젖음/습기,비,단일로 - 기타,화물,남,47세,상해없음,보행자,남,70세,중상
2018061100100616,2018년 6월 11일 23시,월요일,전라남도 순천시 덕암동,경상사고,0,0,2,0,차대차 - 측면충돌,직진우회전진행방해,건조,맑음,교차로 - 교차로안,승용,남,25세,경상,승용,남,52세,경상
2018061200100036,2018년 6월 12일 04시,화요일,전라남도 여수시 신기동,중상사고,0,1,0,0,차대사람 - 횡단중,안전운전불이행,건조,맑음,단일로 - 기타,승용,남,64세,상해없음,보행자,남,49세,중상
2018061200100052,2018년 6월 12일 06시,화요일,전라남도 여수시 만흥동,중상사고,0,1,1,0,차대차 - 측면충돌,안전운전불이행,젖음/습기,비,단일로 - 기타,승용,남,51세,상해없음,승용,남,26세,경상
2018061200100072,2018년 6월 12일 07시,화요일,전라남도 강진군 군동면,경상사고,0,0,2,0,차대차 - 추돌,안전운전불이행,건조,맑음,단일로 - 기타,승용,여,62세,경상,화물,남,60세,경상
2018061200100116,2018년 6월 12일 08시,화요일,전라남도 화순군 화순읍,경상사고,0,0,3,0,차대차 - 측면충돌,교차로운행방법위반,건조,맑음,교차로 - 교차로안,승합,남,57세,경상,화물,남,77세,경상
2018061200100152,2018년 6월 12일 09시,화요일,전라남도 영광군 법성면,경상사고,0,0,1,0,차대차 - 기타,중앙선침범,건조,맑음,교차로 - 교차로부근,화물,남,59세,상해없음,자전거,남,63세,경상
2018061200100195,2018년 6월 12일 10시,화요일,전라남도 여수시 봉산동,중상사고,0,1,0,0,차대차 - 측면충돌,교차로운행방법위반,건조,맑음,교차로 - 교차로안,승용,남,61세,상해없음,화물,남,66세,중상
2018061200100196,2018년 6월 12일 10시,화요일,전라남도 장흥군 장흥읍,중상사고,0,1,0,0,차대차 - 추돌,안전운전불이행,건조,맑음,교차로 - 교차로안,승용,여,77세,중상,승합,남,63세,상해없음
2018061200100197,2018년 6월 12일 10시,화요일,전라남도 해남군 송지면,경상사고,0,0,1,0,차대사람 - 기타,안전운전불이행,건조,맑음,단일로 - 기타,화물,남,58세,상해없음,보행자,남,28세,경상
2018061200100198,2018년 6월 12일 10시,화요일,전라남도 영암군 삼호읍,중상사고,0,3,0,0,차대차 - 추돌,안전운전불이행,건조,맑음,단일로 - 기타,승용,남,69세,중상,화물,남,57세,중상
2018061200100227,2018년 6월 12일 11시,화요일,전라남도 나주시 노안면,경상사고,0,0,2,0,차대차 - 기타,안전거리미확보,건조,맑음,교차로 - 교차로안,승용,여,60세,경상,화물,남,44세,경상
2018061200100228,2018년 6월 12일 11시,화요일,전라남도 완도군 고금면,경상사고,0,0,1,0,차량단독 - 전도전복 - 전복,안전운전불이행,건조,맑음,단일로 - 기타,승용,여,51세,경상,미분류,미분류,미분류,미분류
2018061200100256,2018년 6월 12일 12시,화요일,전라남도 여수시 교동,중상사고,0,1,0,0,차대차 - 정면충돌,직진우회전진행방해,건조,맑음,교차로 - 교차로안,승용,남,66세,상해없음,이륜,남,20세,중상
2018061200100257,2018년 6월 12일 12시,화요일,전라남도 여수시 소라면,경상사고,0,0,1,1,차대차 - 추돌,안전운전불이행,건조,맑음,단일로 - 기타,이륜,남,28세,부상신고,승용,여,42세,경상
2018061200100285,2018년 6월 12일 13시,화요일,전라남도 담양군 담양읍,경상사고,0,0,1,0,차대차 - 추돌,안전운전불이행,건조,맑음,교차로 - 교차로부근,승용,남,57세,상해없음,이륜,남,81세,경상
2018061200100315,2018년 6월 12일 14시,화요일,전라남도 영광군 영광읍,경상사고,0,0,1,0,차대사람 - 횡단중,안전운전불이행,건조,맑음,교차로 - 교차로부근,승용,여,44세,상해없음,보행자,여,7세,경상
2018061200100384,2018년 6월 12일 16시,화요일,전라남도 영광군 영광읍,경상사고,0,0,1,0,차대차 - 측면충돌,직진우회전진행방해,건조,맑음,교차로 - 교차로안,승용,여,50세,상해없음,승용,여,39세,경상
2018061200100437,2018년 6월 12일 17시,화요일,전라남도 순천시 왕지동,경상사고,0,0,1,0,차대사람 - 기타,보행자보호의무위반,건조,맑음,교차로 - 교차로횡단보도내,승용,남,57세,상해없음,보행자,남,11세,경상
2018061200100438,2018년 6월 12일 17시,화요일,전라남도 순천시 승주읍,부상신고사고,0,0,0,1,차대차 - 측면충돌,안전운전불이행,건조,맑음,단일로 - 기타,농기계,남,75세,부상신고,승용,여,60세,상해없음
2018061200100439,2018년 6월 12일 17시,화요일,전라남도 담양군 월산면,중상사고,0,1,0,0,차대사람 - 기타,안전운전불이행,건조,맑음,기타 - 기타,승용,여,45세,상해없음,보행자,남,29세,중상
2018061200100440,2018년 6월 12일 17시,화요일,전라남도 진도군 진도읍,경상사고,0,0,1,0,차량단독 - 기타,안전운전불이행,건조,맑음,단일로 - 기타,이륜,남,16세,경상,,,,
2018061200100490,2018년 6월 12일 18시,화요일,전라남도 순천시 풍덕동,중상사고,0,1,0,0,차대차 - 기타,직진우회전진행방해,건조,맑음,교차로 - 교차로안,승용,여,28세,상해없음,자전거,남,16세,중상
2018061200100491,2018년 6월 12일 18시,화요일,전라남도 나주시 봉황면,경상사고,0,0,1,0,차대차 - 기타,안전운전불이행,건조,맑음,단일로 - 기타,화물,남,40세,상해없음,이륜,남,69세,경상
2018061200100492,2018년 6월 12일 18시,화요일,전라남도 광양시 중동,중상사고,0,1,0,0,차대차 - 측면충돌,직진우회전진행방해,건조,맑음,교차로 - 교차로안,승용,남,64세,기타불명,이륜,여,71세,중상
2018061200100533,2018년 6월 12일 19시,화요일,전라남도 곡성군 입면,경상사고,0,0,3,0,차대차 - 정면충돌,안전운전불이행,건조,맑음,단일로 - 기타,화물,남,64세,경상,승용,남,26세,경상
2018061200100573,2018년 6월 12일 20시,화요일,전라남도 화순군 화순읍,중상사고,0,1,0,0,차대사람 - 횡단중,안전운전불이행,건조,맑음,단일로 - 기타,승용,여,53세,상해없음,보행자,남,76세,중상
2018061200100574,2018년 6월 12일 20시,화요일,전라남도 강진군 대구면,경상사고,0,0,1,1,차대차 - 측면충돌,중앙선침범,건조,흐림,교차로 - 교차로부근,승용,여,24세,부상신고,승용,남,47세,경상
2018061200100575,2018년 6월 12일 20시,화요일,전라남도 강진군 강진읍,경상사고,0,0,1,0,차량단독 - 공작물충돌,안전운전불이행,건조,흐림,단일로 - 기타,승용,여,47세,경상,,,,
2018061200100605,2018년 6월 12일 21시,화요일,전라남도 무안군 삼향읍,부상신고사고,0,0,0,1,차대사람 - 횡단중,보행자보호의무위반,건조,맑음,교차로 - 교차로안,승용,남,45세,상해없음,보행자,여,35세,부상신고
2018061300100012,2018년 6월 13일 00시,수요일,전라남도 목포시 상동,중상사고,0,1,1,0,차대차 - 기타,안전운전불이행,건조,맑음,교차로 - 교차로안,승용,남,50세,상해없음,이륜,남,16세,경상
2018061300100013,2018년 6월 13일 00시,수요일,전라남도 진도군 임회면,사망사고,1,0,0,0,차량단독 - 공작물충돌,안전운전불이행,건조,맑음,단일로 - 기타,승용,여,56세,사망,,,,
2018061300100045,2018년 6월 13일 02시,수요일,전라남도 영암군 덕진면,부상신고사고,0,0,0,1,차량단독 - 공작물충돌,과속,건조,맑음,단일로 - 기타,승용,남,27세,부상신고,,,,
2018061300100155,2018년 6월 13일 09시,수요일,전라남도 강진군 강진읍,경상사고,0,0,1,0,차대차 - 측면충돌,교차로운행방법위반,건조,맑음,교차로 - 교차로안,원동기,남,78세,경상,화물,남,61세,상해없음
2018061300100207,2018년 6월 13일 11시,수요일,전라남도 목포시 석현동,경상사고,0,0,2,0,차대차 - 기타,신호위반,건조,맑음,교차로 - 교차로부근,화물,남,26세,경상,화물,남,56세,경상
2018061300100208,2018년 6월 13일 11시,수요일,전라남도 여수시 소라면,경상사고,0,0,5,0,차대차 - 추돌,안전운전불이행,건조,맑음,단일로 - 기타,승용,남,75세,상해없음,승용,남,19세,경상
2018061300100209,2018년 6월 13일 11시,수요일,전라남도 장성군 장성읍,중상사고,0,1,1,0,차대사람 - 차도통행중,중앙선침범,건조,맑음,단일로 - 기타,건설기계,남,43세,상해없음,보행자,남,84세,중상
2018061300100210,2018년 6월 13일 11시,수요일,전라남도 담양군 대덕면,경상사고,0,0,1,0,차대차 - 측면충돌,기타,건조,맑음,교차로 - 교차로안,승용,남,58세,상해없음,승용,여,59세,경상
2018061300100244,2018년 6월 13일 12시,수요일,전라남도 순천시 풍덕동,중상사고,0,1,4,0,차대차 - 측면충돌,직진우회전진행방해,건조,맑음,교차로 - 교차로안,승용,여,27세,경상,승용,남,30세,상해없음
2018061300100245,2018년 6월 13일 12시,수요일,전라남도 영광군 법성면,경상사고,0,0,1,0,차대차 - 측면충돌,안전거리미확보,건조,맑음,단일로 - 기타,승용,남,42세,상해없음,승용,남,38세,경상
2018061300100306,2018년 6월 13일 14시,수요일,전라남도 여수시 선원동,경상사고,0,0,1,0,차대차 - 측면충돌,안전운전불이행,건조,맑음,교차로 - 교차로안,승용,남,32세,상해없음,특수,남,49세,경상
2018061300100374,2018년 6월 13일 16시,수요일,전라남도 순천시 해룡면,중상사고,0,1,1,0,차대차 - 정면충돌,과속,건조,맑음,교차로 - 교차로안,화물,남,59세,중상,승합,남,63세,경상
2018061300100375,2018년 6월 13일 16시,수요일,전라남도 고흥군 도양읍,부상신고사고,0,0,0,1,차대차 - 추돌,안전운전불이행,건조,맑음,단일로 - 기타,승용,여,53세,부상신고,화물,남,58세,기타불명
2018061300100474,2018년 6월 13일 19시,수요일,전라남도 순천시 인제동,경상사고,0,0,1,0,차대차 - 측면충돌,직진우회전진행방해,건조,맑음,교차로 - 교차로안,승합,남,58세,상해없음,승용,여,68세,경상
2018061300100508,2018년 6월 13일 20시,수요일,전라남도 화순군 화순읍,중상사고,0,1,3,0,차대차 - 정면충돌,안전운전불이행,건조,맑음,교차로 - 교차로안,승용,남,66세,경상,승용,남,25세,경상
2018061400100014,2018년 6월 14일 01시,목요일,전라남도 여수시 봉산동,중상사고,0,2,1,0,차대차 - 측면충돌,교차로운행방법위반,건조,맑음,교차로 - 교차로안,승용,남,37세,상해없음,승용,남,64세,중상
2018061400100015,2018년 6월 14일 01시,목요일,전라남도 광양시 광양읍,부상신고사고,0,0,0,1,차량단독 - 공작물충돌,기타,건조,맑음,교차로 - 교차로안,승합,여,38세,부상신고,,,,
2018061400100020,2018년 6월 14일 02시,목요일,전라남도 순천시 조례동,중상사고,0,1,0,0,차대차 - 측면충돌,직진우회전진행방해,건조,맑음,교차로 - 교차로안,승용,남,20세,상해없음,승용,남,19세,중상
2018061400100067,2018년 6월 14일 07시,목요일,전라남도 나주시 공산면,경상사고,0,0,1,0,차대차 - 측면충돌,안전운전불이행,건조,맑음,단일로 - 기타,농기계,남,80세,경상,승합,남,46세,상해없음
2018061400100068,2018년 6월 14일 07시,목요일,전라남도 화순군 화순읍,경상사고,0,0,1,0,차대차 - 기타,안전운전불이행,건조,맑음,단일로 - 기타,자전거,남,11세,경상,승용,남,66세,상해없음
2018061400100109,2018년 6월 14일 08시,목요일,전라남도 목포시 산정동,경상사고,0,0,1,0,차대사람 - 횡단중,안전운전불이행,건조,맑음,기타 - 기타,기타불명,기타불명,미분류,기타불명,보행자,여,75세,경상
2018061400100110,2018년 6월 14일 08시,목요일,전라남도 나주시 이창동,경상사고,0,0,1,0,차대사람 - 기타,안전운전불이행,건조,맑음,단일로 - 기타,승용,여,40세,상해없음,보행자,여,15세,경상
2018061400100111,2018년 6월 14일 08시,목요일,전라남도 고흥군 고흥읍,중상사고,0,1,2,0,차대차 - 추돌,안전운전불이행,건조,맑음,단일로 - 기타,화물,남,23세,경상,승용,여,38세,중상
2018061400100112,2018년 6월 14일 08시,목요일,전라남도 해남군 산이면,중상사고,0,1,0,0,차대차 - 기타,안전운전불이행,건조,맑음,교차로 - 교차로안,농기계,남,76세,상해없음,승합,남,26세,상해없음
2018061400100113,2018년 6월 14일 08시,목요일,전라남도 영암군 영암읍,경상사고,0,0,1,0,차대차 - 추돌,안전운전불이행,건조,맑음,단일로 - 기타,승용,남,46세,경상,화물,남,33세,상해없음
2018061400100155,2018년 6월 14일 09시,목요일,전라남도 목포시 산정동,경상사고,0,0,3,0,차대차 - 후진중충돌,안전운전불이행,건조,맑음,단일로 - 기타,승용,남,63세,상해없음,승용,여,42세,경상
2018061400100156,2018년 6월 14일 09시,목요일,전라남도 목포시 상동,경상사고,0,0,1,0,차대차 - 측면충돌,안전운전불이행,건조,맑음,단일로 - 기타,승용,남,33세,상해없음,승용,여,69세,경상
2018061400100176,2018년 6월 14일 10시,목요일,전라남도 보성군 복내면,중상사고,0,1,2,0,차대차 - 측면충돌,교차로운행방법위반,건조,맑음,교차로 - 교차로안,승용,여,45세,중상,화물,남,25세,경상
2018061400100177,2018년 6월 14일 10시,목요일,전라남도 영암군 서호면,경상사고,0,0,1,0,차대차 - 기타,안전운전불이행,건조,맑음,교차로 - 교차로안,농기계,남,78세,경상,화물,남,56세,상해없음
2018061400100209,2018년 6월 14일 11시,목요일,전라남도 목포시 상동,경상사고,0,0,1,0,차대차 - 측면충돌,안전운전불이행,건조,맑음,단일로 - 기타,승용,남,79세,상해없음,승용,남,63세,경상
2018061400100210,2018년 6월 14일 11시,목요일,전라남도 해남군 삼산면,중상사고,0,1,1,0,차량단독 - 도로외이탈 - 기타,안전운전불이행,건조,맑음,단일로 - 기타,화물,남,74세,경상,,,,
2018061400100211,2018년 6월 14일 11시,목요일,전라남도 영암군 영암읍,경상사고,0,0,1,0,차대차 - 기타,안전운전불이행,건조,맑음,교차로 - 교차로부근,승용,여,55세,상해없음,승합,남,54세,상해없음
2018061400100212,2018년 6월 14일 11시,목요일,전라남도 장성군 장성읍,경상사고,0,0,2,0,차대차 - 측면충돌,신호위반,건조,맑음,교차로 - 교차로안,승용,남,32세,경상,화물,남,50세,경상
2018061400100213,2018년 6월 14일 11시,목요일,전라남도 무안군 삼향읍,경상사고,0,0,4,0,차대차 - 정면충돌,안전운전불이행,건조,맑음,교차로 - 교차로안,승용,여,36세,상해없음,승용,남,54세,경상
2018061400100234,2018년 6월 14일 12시,목요일,전라남도 장성군 진원면,부상신고사고,0,0,0,1,차대차 - 측면충돌,직진우회전진행방해,건조,맑음,단일로 - 기타,승용,여,26세,부상신고,화물,남,52세,상해없음
2018061400100263,2018년 6월 14일 13시,목요일,전라남도 나주시 산포면,경상사고,0,0,2,0,차대차 - 추돌,안전거리미확보,건조,맑음,단일로 - 기타,승용,남,22세,경상,화물,남,30세,경상
2018061400100264,2018년 6월 14일 13시,목요일,전라남도 고흥군 점암면,중상사고,0,2,0,0,차대사람 - 기타,안전운전불이행,건조,맑음,단일로 - 기타,특수,남,58세,중상,보행자,남,47세,중상
2018061400100265,2018년 6월 14일 13시,목요일,전라남도 강진군 도암면,경상사고,0,0,1,0,차대차 - 측면충돌,교차로운행방법위반,건조,맑음,교차로 - 교차로안,승용,남,63세,상해없음,화물,남,65세,상해없음
2018061400100266,2018년 6월 14일 13시,목요일,전라남도 완도군 고금면,경상사고,0,0,1,0,차대차 - 측면충돌,기타,건조,맑음,교차로 - 교차로부근,승용,여,61세,상해없음,이륜,남,77세,경상
2018061400100291,2018년 6월 14일 14시,목요일,전라남도 장흥군 관산읍,중상사고,0,1,0,0,차대사람 - 차도통행중,안전운전불이행,건조,맑음,단일로 - 기타,화물,남,78세,상해없음,보행자,남,22세,중상
2018061400100292,2018년 6월 14일 14시,목요일,전라남도 고흥군 고흥읍,중상사고,0,1,0,0,차대사람 - 길가장자리구역통행중,안전운전불이행,건조,맑음,단일로 - 기타,이륜,남,26세,상해없음,보행자,여,57세,중상
2018061400100336,2018년 6월 14일 15시,목요일,전라남도 목포시 상동,경상사고,0,0,2,0,차대차 - 측면충돌,안전운전불이행,건조,맑음,단일로 - 기타,사륜오토바이(ATV),남,19세,경상,자전거,남,79세,경상
2018061400100337,2018년 6월 14일 15시,목요일,전라남도 여수시 공화동,경상사고,0,0,1,0,차대차 - 추돌,안전운전불이행,건조,맑음,교차로 - 교차로부근,이륜,남,26세,상해없음,승용,남,53세,경상
2018061400100338,2018년 6월 14일 15시,목요일,전라남도 순천시 연향동,경상사고,0,0,1,0,차대차 - 측면충돌,교차로운행방법위반,건조,맑음,교차로 - 교차로안,승용,남,30세,상해없음,승용,여,64세,경상
2018061400100339,2018년 6월 14일 15시,목요일,전라남도 고흥군 고흥읍,중상사고,0,1,0,0,차대차 - 측면충돌,교차로운행방법위반,건조,맑음,교차로 - 교차로안,승합,남,61세,상해없음,자전거,여,56세,중상
2018061400100340,2018년 6월 14일 15시,목요일,전라남도 곡성군 석곡면,경상사고,0,0,1,0,차대차 - 추돌,안전운전불이행,건조,맑음,교차로 - 교차로부근,이륜,여,78세,경상,화물,남,47세,상해없음
2018061400100381,2018년 6월 14일 16시,목요일,전라남도 순천시 풍덕동,중상사고,0,1,0,0,차대차 - 후진중충돌,안전운전불이행,건조,맑음,단일로 - 기타,화물,남,56세,상해없음,승용,남,55세,중상
2018061400100382,2018년 6월 14일 16시,목요일,전라남도 해남군 해남읍,중상사고,0,1,0,0,차대차 - 기타,안전운전불이행,건조,맑음,단일로 - 기타,이륜,남,80세,중상,승용,여,44세,상해없음
2018061400100383,2018년 6월 14일 16시,목요일,전라남도 영암군 덕진면,경상사고,0,0,2,0,차대차 - 기타,안전운전불이행,건조,맑음,교차로 - 교차로안,승용,남,72세,경상,화물,남,64세,경상
2018061400100384,2018년 6월 14일 16시,목요일,전라남도 강진군 군동면,경상사고,0,0,1,0,차대차 - 측면충돌,안전운전불이행,건조,맑음,교차로 - 교차로부근,승용,남,71세,상해없음,이륜,여,71세,경상
2018061400100424,2018년 6월 14일 17시,목요일,전라남도 목포시 상동,경상사고,0,0,2,0,차대차 - 측면충돌,안전운전불이행,건조,맑음,단일로 - 기타,승용,남,55세,경상,승용,여,59세,경상
2018061400100425,2018년 6월 14일 17시,목요일,전라남도 목포시 산정동,경상사고,0,0,1,0,차대차 - 후진중충돌,안전운전불이행,건조,맑음,단일로 - 기타,화물,남,45세,상해없음,승용,남,29세,경상
2018061400100426,2018년 6월 14일 17시,목요일,전라남도 장성군 황룡면,경상사고,0,0,4,0,차대차 - 추돌,안전운전불이행,건조,맑음,단일로 - 기타,화물,여,57세,경상,승용,남,70세,경상
2018061400100427,2018년 6월 14일 17시,목요일,전라남도 강진군 강진읍,경상사고,0,0,1,0,차대차 - 추돌,안전운전불이행,건조,맑음,교차로 - 교차로부근,승용,남,62세,상해없음,승용,남,47세,경상
2018061400100428,2018년 6월 14일 17시,목요일,전라남도 곡성군 옥과면,경상사고,0,0,1,0,차대차 - 기타,안전운전불이행,건조,맑음,단일로 - 기타,농기계,남,41세,상해없음,승용,여,61세,경상
2018061400100429,2018년 6월 14일 17시,목요일,전라남도 광양시 광양읍,경상사고,0,0,1,0,차대차 - 측면충돌,직진우회전진행방해,건조,맑음,교차로 - 교차로안,이륜,남,34세,경상,승용,남,43세,상해없음
2018061400100485,2018년 6월 14일 18시,목요일,전라남도 목포시 죽교동,경상사고,0,0,2,0,차대차 - 측면충돌,안전운전불이행,건조,맑음,단일로 - 기타,승용,남,37세,경상,승합,남,46세,경상
2018061400100486,2018년 6월 14일 18시,목요일,전라남도 여수시 충무동,중상사고,0,1,0,0,차대사람 - 기타,보행자보호의무위반,건조,맑음,단일로 - 기타,승용,여,59세,상해없음,보행자,남,8세,중상
2018061400100487,2018년 6월 14일 18시,목요일,전라남도 여수시 충무동,경상사고,0,0,1,0,차대사람 - 기타,안전운전불이행,건조,맑음,기타 - 기타,이륜,남,61세,기타불명,보행자,남,16세,경상
2018061400100526,2018년 6월 14일 19시,목요일,전라남도 순천시 해룡면,경상사고,0,0,1,0,차대차 - 정면충돌,교차로운행방법위반,건조,맑음,교차로 - 교차로안,화물,남,66세,상해없음,승용,여,57세,경상
2018061400100560,2018년 6월 14일 20시,목요일,전라남도 순천시 장천동,경상사고,0,0,1,0,차대차 - 기타,안전운전불이행,건조,맑음,단일로 - 기타,화물,남,62세,상해없음,승용,남,29세,경상
2018061400100561,2018년 6월 14일 20시,목요일,전라남도 장흥군 부산면,중상사고,0,1,0,0,차대차 - 정면충돌,중앙선침범,건조,맑음,단일로 - 기타,농기계,남,62세,상해없음,승용,남,55세,중상
2018061400100562,2018년 6월 14일 20시,목요일,전라남도 무안군 운남면,중상사고,0,1,0,0,차량단독 - 공작물충돌,안전운전불이행,건조,맑음,교차로 - 교차로부근,화물,남,50세,중상,,,,
2018061400100584,2018년 6월 14일 21시,목요일,전라남도 여수시 미평동,경상사고,0,0,1,0,차대사람 - 기타,안전운전불이행,건조,맑음,단일로 - 기타,승합,남,60세,상해없음,보행자,남,55세,경상
2018061400100621,2018년 6월 14일 22시,목요일,전라남도 목포시 대성동,중상사고,0,1,2,0,차대차 - 측면충돌,안전운전불이행,건조,기타,기타 - 기타,이륜,남,17세,중상,승용,여,45세,경상
2018061400100622,2018년 6월 14일 22시,목요일,전라남도 순천시 연향동,경상사고,0,0,2,0,차대차 - 측면충돌,불법유턴,건조,맑음,단일로 - 기타,승용,여,42세,상해없음,승용,여,50세,경상
2018061400100623,2018년 6월 14일 22시,목요일,전라남도 나주시 삼영동,경상사고,0,0,1,0,차량단독 - 전도전복 - 전복,안전운전불이행,건조,맑음,단일로 - 기타,승용,남,42세,경상,미분류,미분류,미분류,미분류
2018061400100643,2018년 6월 14일 23시,목요일,전라남도 목포시 상동,경상사고,0,0,4,0,차대차 - 측면충돌,신호위반,건조,기타,교차로 - 교차로안,승용,남,25세,경상,승용,남,31세,경상
2018061400100644,2018년 6월 14일 23시,목요일,전라남도 함평군 함평읍,경상사고,0,0,1,0,차대차 - 측면충돌,안전운전불이행,건조,맑음,단일로 - 기타,승용,남,34세,상해없음,화물,남,57세,경상
2018061500100057,2018년 6월 15일 06시,금요일,전라남도 목포시 산정동,경상사고,0,0,1,0,차대차 - 추돌,안전운전불이행,건조,맑음,단일로 - 기타,승용,남,25세,상해없음,승용,남,50세,경상
2018061500100075,2018년 6월 15일 07시,금요일,전라남도 여수시 봉산동,경상사고,0,0,1,0,차대차 - 기타,안전운전불이행,건조,맑음,단일로 - 기타,화물,남,72세,상해없음,승합,남,57세,상해없음
2018061500100076,2018년 6월 15일 07시,금요일,전라남도 완도군 노화읍,경상사고,0,0,1,0,차대차 - 정면충돌,중앙선침범,건조,맑음,단일로 - 기타,화물,남,51세,상해없음,승용,여,35세,경상
2018061500100145,2018년 6월 15일 09시,금요일,전라남도 목포시 상동,경상사고,0,0,1,0,차대차 - 측면충돌,중앙선침범,건조,맑음,단일로 - 기타,승용,여,53세,상해없음,승용,남,26세,경상
2018061500100146,2018년 6월 15일 09시,금요일,전라남도 여수시 소호동,경상사고,0,0,1,0,차대차 - 측면충돌,교차로운행방법위반,건조,맑음,교차로 - 교차로안,승용,여,37세,상해없음,이륜,여,48세,경상
2018061500100147,2018년 6월 15일 09시,금요일,전라남도 나주시 봉황면,경상사고,0,0,1,0,차대차 - 측면충돌,직진우회전진행방해,건조,맑음,교차로 - 교차로안,원동기,남,81세,경상,화물,남,45세,상해없음
2018061500100178,2018년 6월 15일 10시,금요일,전라남도 목포시 상동,부상신고사고,0,0,0,1,차대차 - 측면충돌,교차로운행방법위반,건조,맑음,교차로 - 교차로안,승용,여,46세,기타불명,승용,남,30세,부상신고
2018061500100179,2018년 6월 15일 10시,금요일,전라남도 영암군 덕진면,경상사고,0,0,2,0,차대차 - 추돌,안전운전불이행,건조,맑음,교차로 - 교차로부근,승용,남,76세,경상,승용,여,59세,경상
2018061500100298,2018년 6월 15일 14시,금요일,전라남도 여수시 중흥동,경상사고,0,0,1,0,차대차 - 측면충돌,교차로운행방법위반,건조,맑음,교차로 - 교차로안,화물,남,37세,상해없음,승용,여,51세,경상
2018061500100385,2018년 6월 15일 16시,금요일,전라남도 목포시 연산동,경상사고,0,0,3,0,차대차 - 추돌,안전운전불이행,건조,맑음,단일로 - 기타,승용,남,21세,상해없음,승용,여,24세,경상
2018061500100386,2018년 6월 15일 16시,금요일,전라남도 순천시 해룡면,중상사고,0,1,0,0,차대차 - 측면충돌,교차로운행방법위반,건조,맑음,교차로 - 교차로안,승용,남,46세,상해없음,자전거,남,41세,중상
2018061500100387,2018년 6월 15일 16시,금요일,전라남도 순천시 해룡면,중상사고,0,1,0,0,차대차 - 측면충돌,안전운전불이행,건조,맑음,교차로 - 교차로안,승용,여,56세,상해없음,이륜,남,22세,중상
2018061500100388,2018년 6월 15일 16시,금요일,전라남도 강진군 군동면,경상사고,0,0,2,0,차대차 - 후진중충돌,안전운전불이행,건조,맑음,교차로 - 교차로부근,화물,남,72세,상해없음,승합,남,45세,경상
2018061500100444,2018년 6월 15일 17시,금요일,전라남도 순천시 해룡면,중상사고,0,1,0,0,차대차 - 측면충돌,안전운전불이행,건조,맑음,교차로 - 교차로안,승용,여,52세,상해없음,이륜,남,20세,중상
2018061500100445,2018년 6월 15일 17시,금요일,전라남도 순천시 조례동,중상사고,0,1,2,0,차대차 - 측면충돌,안전운전불이행,건조,맑음,단일로 - 기타,승용,여,32세,상해없음,승용,남,50세,경상
2018061500100498,2018년 6월 15일 18시,금요일,전라남도 목포시 연산동,경상사고,0,0,1,0,차대사람 - 기타,안전운전불이행,건조,맑음,단일로 - 기타,승용,여,51세,상해없음,보행자,여,63세,경상
2018061500100499,2018년 6월 15일 18시,금요일,전라남도 목포시 상동,경상사고,0,0,1,0,차대차 - 측면충돌,신호위반,건조,맑음,교차로 - 교차로안,승용,남,54세,상해없음,이륜,남,19세,경상
2018061500100535,2018년 6월 15일 19시,금요일,전라남도 광양시 다압면,중상사고,0,1,0,0,차량단독 - 기타,안전운전불이행,건조,맑음,단일로 - 기타,자전거,남,56세,중상,,,,
2018061500100573,2018년 6월 15일 20시,금요일,전라남도 여수시 오림동,경상사고,0,0,1,0,차대차 - 측면충돌,교차로운행방법위반,건조,맑음,교차로 - 교차로안,승용,남,57세,상해없음,승용,남,41세,경상
2018061500100645,2018년 6월 15일 22시,금요일,전라남도 목포시 산정동,경상사고,0,0,2,0,차대사람 - 기타,교차로운행방법위반,건조,맑음,교차로 - 교차로안,승용,남,54세,상해없음,보행자,여,20세,경상
2018061500100646,2018년 6월 15일 22시,금요일,전라남도 영암군 삼호읍,경상사고,0,0,2,0,차대차 - 기타,안전운전불이행,건조,맑음,교차로 - 교차로부근,화물,남,47세,상해없음,승합,남,54세,상해없음
2018061600100024,2018년 6월 16일 01시,토요일,전라남도 여수시 봉산동,중상사고,0,1,1,0,차대차 - 측면충돌,신호위반,건조,맑음,교차로 - 교차로안,이륜,남,18세,중상,승용,남,61세,상해없음
2018061600100087,2018년 6월 16일 06시,토요일,전라남도 고흥군 풍양면,중상사고,0,2,0,0,차대차 - 측면충돌,직진우회전진행방해,건조,맑음,교차로 - 교차로안,승용,남,78세,중상,승용,남,54세,중상