사고번호,사고일시,요일,시군구,사고내용,사망자수,중상자수,경상자수,부상신고자수,사고유형,법규위반,노면상태,기상상태,도로형태,가해운전자 차종,가해운전자 성별,가해운전자 연령,가해운전자 상해정도,피해운전자 차종,피해운전자 성별,피해운전자 연령,피해운전자 상해정도
2018061600100088,2018년 6월 16일 06시,토요일,전라남도 장성군 진원면,중상사고,0,1,1,0,차대차 - 측면충돌,신호위반,건조,맑음,교차로 - 교차로안,화물,남,49세,상해없음,승용,여,55세,중상
2018061600100119,2018년 6월 16일 08시,토요일,전라남도 여수시 교동,경상사고,0,0,1,0,차대사람 - 기타,안전운전불이행,건조,맑음,교차로 - 교차로부근,승용,남,61세,상해없음,보행자,여,65세,경상
2018061600100120,2018년 6월 16일 08시,토요일,전라남도 화순군 이양면,사망사고,1,0,1,0,차대차 - 측면충돌,과속,건조,맑음,단일로 - 기타,승용,남,30세,경상,화물,남,57세,사망
2018061600100121,2018년 6월 16일 08시,토요일,전라남도 강진군 성전면,중상사고,0,1,1,0,차량단독 - 공작물충돌,안전운전불이행,건조,맑음,단일로 - 기타,승용,여,38세,경상,,,,
2018061600100139,2018년 6월 16일 09시,토요일,전라남도 해남군 산이면,중상사고,0,1,0,0,차대사람 - 기타,안전운전불이행,건조,맑음,기타 - 기타,화물,남,61세,상해없음,보행자,남,66세,중상
2018061600100156,2018년 6월 16일 10시,토요일,전라남도 여수시 학동,경상사고,0,0,1,0,차대차 - 측면충돌,안전운전불이행,건조,맑음,교차로 - 교차로안,승용,여,24세,상해없음,승용,남,45세,경상
2018061600100224,2018년 6월 16일 12시,토요일,전라남도 담양군 담양읍,경상사고,0,0,1,0,차대차 - 기타,안전운전불이행,건조,맑음,단일로 - 기타,화물,남,54세,상해없음,승용,남,45세,상해없음
2018061600100225,2018년 6월 16일 12시,토요일,전라남도 담양군 수북면,경상사고,0,0,3,0,차대차 - 측면충돌,안전운전불이행,건조,맑음,교차로 - 교차로부근,승용,여,65세,경상,화물,남,49세,경상
2018061600100226,2018년 6월 16일 12시,토요일,전라남도 담양군 고서면,중상사고,0,1,3,0,차대차 - 측면충돌,안전운전불이행,건조,맑음,단일로 - 기타,화물,남,63세,중상,승용,남,74세,경상
2018061600100253,2018년 6월 16일 13시,토요일,전라남도 순천시 오천동,중상사고,0,1,0,1,차대차 - 추돌,안전운전불이행,건조,맑음,단일로 - 기타,승용,여,39세,부상신고,이륜,남,59세,중상
2018061600100254,2018년 6월 16일 13시,토요일,전라남도 나주시 교동,경상사고,0,0,1,0,차대차 - 추돌,안전운전불이행,건조,맑음,단일로 - 기타,승용,여,25세,상해없음,승용,남,42세,경상
2018061600100331,2018년 6월 16일 15시,토요일,전라남도 신안군 안좌면,중상사고,0,1,0,0,차량단독 - 도로외이탈 - 추락,안전운전불이행,건조,맑음,단일로 - 기타,이륜,남,59세,중상,,,,
2018061600100332,2018년 6월 16일 15시,토요일,전라남도 영암군 삼호읍,경상사고,0,0,4,0,차대차 - 측면충돌,안전운전불이행,건조,맑음,교차로 - 교차로부근,승용,남,20세,상해없음,승용,남,52세,경상
2018061600100376,2018년 6월 16일 16시,토요일,전라남도 순천시 조례동,중상사고,0,1,0,0,차대사람 - 기타,신호위반,건조,맑음,교차로 - 교차로안,승용,남,21세,상해없음,보행자,여,12세,중상
2018061600100377,2018년 6월 16일 16시,토요일,전라남도 영광군 영광읍,경상사고,0,0,1,0,차대차 - 추돌,안전운전불이행,건조,맑음,단일로 - 기타,화물,남,63세,상해없음,승용,남,40세,경상
2018061600100419,2018년 6월 16일 17시,토요일,전라남도 여수시 종화동,경상사고,0,0,1,0,차대사람 - 길가장자리구역통행중,안전운전불이행,건조,맑음,단일로 - 기타,기타불명,기타불명,미분류,기타불명,보행자,여,73세,경상
2018061600100420,2018년 6월 16일 17시,토요일,전라남도 여수시 학동,경상사고,0,0,4,0,차대차 - 측면충돌,교차로운행방법위반,건조,맑음,교차로 - 교차로부근,승용,남,70세,경상,승용,여,34세,경상
2018061600100466,2018년 6월 16일 18시,토요일,전라남도 순천시 상사면,중상사고,0,1,3,1,차대차 - 정면충돌,안전운전불이행,건조,맑음,단일로 - 기타,승용,여,56세,경상,화물,남,59세,중상
2018061600100566,2018년 6월 16일 21시,토요일,전라남도 광양시 마동,경상사고,0,0,1,0,차대차 - 측면충돌,차로위반,건조,맑음,단일로 - 기타,승용,남,62세,상해없음,승용,남,52세,상해없음
2018061700100088,2018년 6월 17일 06시,일요일,전라남도 영암군 영암읍,사망사고,1,0,0,0,차량단독 - 공작물충돌,안전운전불이행,건조,맑음,기타 - 기타,승용,남,40세,사망,,,,
2018061700100122,2018년 6월 17일 09시,일요일,전라남도 순천시 풍덕동,경상사고,0,0,1,0,차대차 - 측면충돌,교차로운행방법위반,건조,맑음,교차로 - 교차로안,승용,남,64세,상해없음,이륜,남,42세,경상
2018061700100137,2018년 6월 17일 10시,일요일,전라남도 목포시 산정동,경상사고,0,0,1,0,차대사람 - 기타,안전운전불이행,건조,맑음,단일로 - 기타,화물,남,72세,상해없음,보행자,남,50세,경상
2018061700100206,2018년 6월 17일 13시,일요일,전라남도 목포시 옥암동,경상사고,0,0,1,0,차대차 - 측면충돌,직진우회전진행방해,건조,맑음,교차로 - 교차로안,승용,여,32세,상해없음,이륜,남,33세,경상
2018061700100262,2018년 6월 17일 15시,일요일,전라남도 장흥군 장흥읍,중상사고,0,4,1,0,차대차 - 측면충돌,안전운전불이행,건조,맑음,단일로 - 기타,승용,여,53세,중상,승합,남,67세,경상
2018061700100285,2018년 6월 17일 16시,일요일,전라남도 강진군 군동면,경상사고,0,0,6,0,차대차 - 추돌,안전거리미확보,건조,맑음,단일로 - 기타,승용,남,48세,상해없음,승용,여,49세,경상
2018061700100317,2018년 6월 17일 17시,일요일,전라남도 여수시 학동,경상사고,0,0,1,0,차대차 - 측면충돌,차로위반,건조,맑음,단일로 - 기타,화물,남,70세,상해없음,승용,여,42세,경상
2018061700100351,2018년 6월 17일 18시,일요일,전라남도 목포시 죽교동,중상사고,0,1,0,0,차대사람 - 보도통행중,보행자보호의무위반,건조,맑음,교차로 - 교차로횡단보도내,화물,남,58세,상해없음,보행자,여,57세,중상
2018061700100380,2018년 6월 17일 19시,일요일,전라남도 순천시 풍덕동,경상사고,0,0,5,0,차대차 - 추돌,안전거리미확보,건조,맑음,교차로 - 교차로부근,승용,남,53세,상해없음,승용,남,29세,경상
2018061700100381,2018년 6월 17일 19시,일요일,전라남도 나주시 이창동,경상사고,0,0,1,0,차대차 - 측면충돌,중앙선침범,건조,맑음,단일로 - 기타,농기계,남,80세,상해없음,승용,남,70세,경상
2018061700100382,2018년 6월 17일 19시,일요일,전라남도 고흥군 도양읍,경상사고,0,0,1,0,차량단독 - 전도전복 - 전도,안전운전불이행,건조,맑음,단일로 - 기타,사륜오토바이(ATV),남,79세,경상,미분류,미분류,미분류,미분류
2018061700100404,2018년 6월 17일 20시,일요일,전라남도 목포시 옥암동,경상사고,0,0,1,0,차대차 - 측면충돌,중앙선침범,건조,맑음,교차로 - 교차로부근,이륜,남,38세,상해없음,이륜,남,20세,경상
2018061700100405,2018년 6월 17일 20시,일요일,전라남도 광양시 중동,중상사고,0,1,0,0,차대차 - 측면충돌,중앙선침범,건조,맑음,단일로 - 기타,이륜,남,19세,중상,승용,여,52세,상해없음
2018061800100010,2018년 6월 18일 00시,월요일,전라남도 여수시 학동,중상사고,0,1,0,0,차대차 - 기타,안전운전불이행,건조,맑음,단일로 - 기타,승용,남,24세,중상,승용,남,31세,기타불명
2018061800100025,2018년 6월 18일 04시,월요일,전라남도 여수시 중앙동,경상사고,0,0,1,0,차대차 - 측면충돌,안전운전불이행,젖음/습기,흐림,기타 - 기타,승용,남,28세,상해없음,승용,남,26세,경상
2018061800100043,2018년 6월 18일 06시,월요일,전라남도 영광군 홍농읍,중상사고,0,3,2,0,차대차 - 측면충돌,직진우회전진행방해,건조,맑음,교차로 - 교차로안,승용,남,37세,경상,화물,남,49세,경상
2018061800100116,2018년 6월 18일 08시,월요일,전라남도 여수시 웅천동,경상사고,0,0,1,0,차대차 - 정면충돌,신호위반,건조,맑음,교차로 - 교차로안,화물,남,58세,상해없음,승용,남,62세,경상
2018061800100117,2018년 6월 18일 08시,월요일,전라남도 여수시 학동,경상사고,0,0,1,0,차대사람 - 기타,안전운전불이행,건조,맑음,기타 - 기타,승용,남,31세,상해없음,보행자,여,46세,경상
2018061800100118,2018년 6월 18일 08시,월요일,전라남도 영광군 영광읍,경상사고,0,0,2,0,차대차 - 측면충돌,안전거리미확보,건조,맑음,단일로 - 기타,건설기계,남,36세,상해없음,승용,남,38세,경상
2018061800100198,2018년 6월 18일 10시,월요일,전라남도 해남군 계곡면,경상사고,0,0,1,0,차대차 - 기타,안전운전불이행,건조,맑음,교차로 - 교차로부근,승용,남,39세,상해없음,사륜오토바이(ATV),남,82세,경상
2018061800100199,2018년 6월 18일 10시,월요일,전라남도 해남군 계곡면,경상사고,0,0,2,0,차대차 - 기타,교차로운행방법위반,건조,맑음,교차로 - 교차로안,승용,여,40세,경상,승용,남,37세,경상
2018061800100233,2018년 6월 18일 11시,월요일,전라남도 여수시 광무동,경상사고,0,0,1,0,차대차 - 측면충돌,안전운전불이행,건조,맑음,교차로 - 교차로안,승용,남,60세,상해없음,화물,남,33세,경상
2018061800100234,2018년 6월 18일 11시,월요일,전라남도 여수시 선원동,경상사고,0,0,1,0,차대사람 - 횡단중,안전운전불이행,건조,맑음,교차로 - 교차로안,화물,남,59세,상해없음,보행자,여,75세,경상
2018061800100264,2018년 6월 18일 12시,월요일,전라남도 순천시 해룡면,경상사고,0,0,1,0,차대차 - 추돌,안전거리미확보,건조,맑음,교차로 - 교차로부근,승용,남,71세,상해없음,승용,남,28세,경상
2018061800100294,2018년 6월 18일 13시,월요일,전라남도 여수시 둔덕동,경상사고,0,0,2,0,차대차 - 추돌,안전운전불이행,건조,맑음,교차로 - 교차로부근,승용,남,62세,상해없음,승용,남,31세,경상
2018061800100295,2018년 6월 18일 13시,월요일,전라남도 여수시 선원동,경상사고,0,0,2,0,차대차 - 측면충돌,안전운전불이행,건조,맑음,교차로 - 교차로안,화물,남,34세,경상,승용,남,57세,경상
2018061800100296,2018년 6월 18일 13시,월요일,전라남도 완도군 완도읍,중상사고,0,1,0,0,차대차 - 측면충돌,중앙선침범,건조,맑음,교차로 - 교차로부근,승용,여,59세,상해없음,승용,여,58세,중상
2018061800100297,2018년 6월 18일 13시,월요일,전라남도 광양시 광양읍,경상사고,0,0,4,0,차대차 - 추돌,안전운전불이행,건조,맑음,단일로 - 기타,화물,남,33세,경상,화물,남,23세,경상
2018061800100298,2018년 6월 18일 13시,월요일,전라남도 구례군 구례읍,중상사고,0,1,0,0,차량단독 - 기타,안전운전불이행,건조,맑음,기타 - 기타,이륜,남,68세,중상,,,,
2018061800100327,2018년 6월 18일 14시,월요일,전라남도 여수시 화양면,경상사고,0,0,1,0,차대차 - 측면충돌,기타,건조,맑음,단일로 - 기타,화물,남,63세,상해없음,특수,남,62세,경상
2018061800100328,2018년 6월 18일 14시,월요일,전라남도 고흥군 고흥읍,중상사고,0,1,0,0,차대차 - 기타,중앙선침범,건조,맑음,단일로 - 기타,승용,남,63세,상해없음,이륜,여,53세,중상
2018061800100457,2018년 6월 18일 17시,월요일,전라남도 영암군 학산면,경상사고,0,0,1,0,차대차 - 추돌,안전운전불이행,건조,맑음,단일로 - 기타,화물,남,72세,상해없음,승용,여,59세,경상
2018061800100519,2018년 6월 18일 18시,월요일,전라남도 목포시 옥암동,경상사고,0,0,3,0,차대차 - 추돌,안전운전불이행,건조,맑음,단일로 - 기타,승용,여,38세,상해없음,승용,여,42세,경상
2018061800100520,2018년 6월 18일 18시,월요일,전라남도 여수시 웅천동,경상사고,0,0,1,0,차대차 - 측면충돌,신호위반,건조,맑음,교차로 - 교차로안,승용,여,26세,상해없음,승용,여,51세,경상
2018061800100521,2018년 6월 18일 18시,월요일,전라남도 여수시 웅천동,경상사고,0,0,1,0,차대차 - 추돌,안전운전불이행,건조,맑음,단일로 - 기타,승용,남,53세,상해없음,승용,남,25세,경상
2018061800100522,2018년 6월 18일 18시,월요일,전라남도 순천시 조례동,경상사고,0,0,1,0,차대차 - 측면충돌,안전운전불이행,건조,맑음,교차로 - 교차로안,승용,남,66세,상해없음,승용,남,69세,경상
2018061800100560,2018년 6월 18일 19시,월요일,전라남도 여수시 선원동,경상사고,0,0,1,0,차대차 - 측면충돌,안전거리미확보,건조,맑음,단일로 - 기타,승용,여,38세,상해없음,이륜,남,19세,경상
2018061800100561,2018년 6월 18일 19시,월요일,전라남도 진도군 지산면,중상사고,0,1,0,0,차량단독 - 공작물충돌,안전운전불이행,건조,맑음,단일로 - 기타,화물,남,53세,중상,,,,
2018061800100654,2018년 6월 18일 22시,월요일,전라남도 순천시 해룡면,경상사고,0,0,1,0,차대차 - 후진중충돌,안전운전불이행,건조,맑음,기타 - 기타,승용,남,50세,상해없음,승용,여,33세,경상
2018061800100679,2018년 6월 18일 23시,월요일,전라남도 순천시 덕암동,경상사고,0,0,2,0,차대차 - 기타,안전운전불이행,건조,맑음,교차로 - 교차로안,승용,여,51세,기타불명,승용,남,56세,경상
2018061900100041,2018년 6월 19일 05시,화요일,전라남도 여수시 웅천동,중상사고,0,1,1,0,차대차 - 정면충돌,교차로운행방법위반,건조,맑음,교차로 - 교차로안,건설기계,남,69세,상해없음,승용,여,44세,경상
2018061900100057,2018년 6월 19일 06시,화요일,전라남도 화순군 화순읍,부상신고사고,0,0,0,6,차대차 - 측면충돌,교차로운행방법위반,건조,맑음,교차로 - 교차로안,승용,남,79세,상해없음,승용,남,20세,부상신고
2018061900100074,2018년 6월 19일 07시,화요일,전라남도 광양시 광양읍,중상사고,0,1,0,0,차대차 - 측면충돌,교차로운행방법위반,건조,맑음,교차로 - 교차로안,화물,남,59세,상해없음,이륜,여,56세,중상
2018061900100108,2018년 6월 19일 08시,화요일,전라남도 나주시 삼도동,경상사고,0,0,3,0,차대차 - 기타,신호위반,젖음/습기,비,교차로 - 교차로안,화물,남,61세,경상,승용,여,46세,경상
2018061900100143,2018년 6월 19일 09시,화요일,전라남도 해남군 북평면,경상사고,0,0,1,0,차대차 - 측면충돌,교차로운행방법위반,건조,맑음,교차로 - 교차로안,건설기계,남,63세,상해없음,화물,남,72세,경상
2018061900100210,2018년 6월 19일 11시,화요일,전라남도 여수시 학동,경상사고,0,0,1,0,차대사람 - 기타,안전운전불이행,젖음/습기,흐림,단일로 - 기타,승용,남,64세,상해없음,보행자,여,38세,경상
2018061900100211,2018년 6월 19일 11시,화요일,전라남도 순천시 서면,중상사고,0,1,0,0,차대차 - 측면충돌,신호위반,건조,맑음,교차로 - 교차로안,이륜,남,77세,중상,화물,남,58세,상해없음
2018061900100212,2018년 6월 19일 11시,화요일,전라남도 고흥군 풍양면,중상사고,0,1,2,0,차대차 - 측면충돌,중앙선침범,건조,맑음,단일로 - 기타,화물,남,63세,경상,화물,남,79세,중상
2018061900100213,2018년 6월 19일 11시,화요일,전라남도 함평군 함평읍,경상사고,0,0,2,0,차대차 - 측면충돌,교차로운행방법위반,젖음/습기,비,교차로 - 교차로안,화물,남,28세,경상,승용,여,47세,경상
2018061900100214,2018년 6월 19일 11시,화요일,전라남도 구례군 산동면,경상사고,0,0,1,0,차량단독 - 전도전복 - 전도,안전운전불이행,건조,맑음,기타 - 기타,사륜오토바이(ATV),남,44세,경상,미분류,미분류,미분류,미분류
2018061900100243,2018년 6월 19일 12시,화요일,전라남도 여수시 국동,경상사고,0,0,1,0,차대차 - 측면충돌,안전운전불이행,건조,맑음,단일로 - 기타,승용,여,65세,상해없음,승용,여,32세,경상
2018061900100244,2018년 6월 19일 12시,화요일,전라남도 화순군 화순읍,중상사고,0,1,1,0,차대차 - 추돌,안전운전불이행,건조,맑음,단일로 - 터널,화물,남,55세,중상,화물,남,46세,경상
2018061900100245,2018년 6월 19일 12시,화요일,전라남도 담양군 수북면,중상사고,0,1,0,0,차대차 - 측면충돌,교차로운행방법위반,건조,맑음,교차로 - 교차로안,화물,남,33세,상해없음,자전거,남,73세,중상
2018061900100306,2018년 6월 19일 14시,화요일,전라남도 진도군 지산면,경상사고,0,0,2,0,차대차 - 측면충돌,안전운전불이행,젖음/습기,비,교차로 - 교차로부근,승용,남,77세,상해없음,승용,여,39세,경상
2018061900100378,2018년 6월 19일 16시,화요일,전라남도 영광군 묘량면,경상사고,0,0,1,0,차대차 - 후진중충돌,안전운전불이행,건조,맑음,단일로 - 기타,승용,남,40세,상해없음,승용,남,35세,경상
2018061900100498,2018년 6월 19일 19시,화요일,전라남도 화순군 화순읍,경상사고,0,0,3,0,차대차 - 측면충돌,안전거리미확보,젖음/습기,비,단일로 - 기타,화물,남,59세,상해없음,승용,여,38세,경상
2018061900100522,2018년 6월 19일 20시,화요일,전라남도 목포시 죽교동,경상사고,0,0,1,0,차대차 - 측면충돌,안전운전불이행,젖음/습기,흐림,교차로 - 교차로안,승용,남,21세,상해없음,화물,여,41세,경상
2018061900100523,2018년 6월 19일 20시,화요일,전라남도 나주시 이창동,경상사고,0,0,3,0,차대차 - 측면충돌,안전거리미확보,젖음/습기,비,단일로 - 기타,화물,남,35세,경상,승용,남,49세,경상
2018061900100546,2018년 6월 19일 21시,화요일,전라남도 여수시 미평동,경상사고,0,0,1,0,차대사람 - 횡단중,중앙선침범,젖음/습기,비,교차로 - 교차로부근,승용,남,36세,상해없음,보행자,남,34세,경상
2018062000100053,2018년 6월 20일 05시,수요일,전라남도 함평군 함평읍,경상사고,0,0,1,1,차대차 - 측면충돌,안전거리미확보,건조,맑음,단일로 - 기타,승용,남,63세,부상신고,승용,남,49세,경상
2018062000100054,2018년 6월 20일 05시,수요일,전라남도 장성군 장성읍,경상사고,0,0,1,0,차대차 - 추돌,안전운전불이행,건조,맑음,단일로 - 기타,승용,남,23세,상해없음,화물,남,42세,경상
2018062000100076,2018년 6월 20일 07시,수요일,전라남도 곡성군 곡성읍,경상사고,0,0,1,0,차대차 - 측면충돌,안전거리미확보,건조,맑음,단일로 - 기타,화물,남,68세,상해없음,승합,남,35세,경상
2018062000100103,2018년 6월 20일 08시,수요일,전라남도 목포시 상동,경상사고,0,0,2,0,차대차 - 측면충돌,교차로운행방법위반,건조,맑음,교차로 - 교차로안,이륜,남,77세,경상,승용,여,26세,경상
2018062000100104,2018년 6월 20일 08시,수요일,전라남도 담양군 수북면,경상사고,0,0,1,0,차대차 - 측면충돌,중앙선침범,건조,맑음,단일로 - 기타,승용,남,69세,상해없음,승용,여,48세,경상
2018062000100105,2018년 6월 20일 08시,수요일,전라남도 무안군 일로읍,중상사고,0,1,0,0,차량단독 - 공작물충돌,안전운전불이행,건조,맑음,주차장 - 주차장,승용,남,58세,중상,,,,
2018062000100135,2018년 6월 20일 09시,수요일,전라남도 나주시 빛가람동,경상사고,0,0,2,0,차대차 - 측면충돌,안전운전불이행,건조,맑음,주차장 - 주차장,승용,여,37세,경상,승용,여,33세,경상
2018062000100136,2018년 6월 20일 09시,수요일,전라남도 해남군 해남읍,경상사고,0,0,1,0,차대사람 - 횡단중,안전운전불이행,건조,맑음,교차로 - 교차로안,화물,남,54세,상해없음,보행자,남,81세,경상
2018062000100137,2018년 6월 20일 09시,수요일,전라남도 영암군 영암읍,사망사고,1,0,0,0,차대사람 - 차도통행중,안전운전불이행,건조,맑음,단일로 - 교량,화물,남,53세,상해없음,보행자,남,84세,사망
2018062000100190,2018년 6월 20일 11시,수요일,전라남도 목포시 산정동,경상사고,0,0,1,0,차대사람 - 횡단중,보행자보호의무위반,건조,맑음,교차로 - 교차로횡단보도내,승용,여,59세,상해없음,보행자,남,63세,경상
2018062000100191,2018년 6월 20일 11시,수요일,전라남도 나주시 용산동,경상사고,0,0,1,0,차대차 - 측면충돌,안전운전불이행,건조,맑음,교차로 - 교차로안,이륜,남,85세,경상,승용,여,40세,상해없음
2018062000100192,2018년 6월 20일 11시,수요일,전라남도 고흥군 점암면,중상사고,0,1,1,0,차대차 - 기타,기타,건조,맑음,교차로 - 교차로안,승용,남,34세,중상,승용,여,61세,경상
2018062000100251,2018년 6월 20일 13시,수요일,전라남도 여수시 봉산동,경상사고,0,0,1,0,차대차 - 측면충돌,교차로운행방법위반,건조,맑음,교차로 - 교차로안,승용,남,23세,상해없음,이륜,남,27세,경상
2018062000100279,2018년 6월 20일 14시,수요일,전라남도 목포시 상동,경상사고,0,0,2,0,차대차 - 측면충돌,안전운전불이행,건조,맑음,기타 - 기타,승용,남,55세,상해없음,승용,남,35세,경상
2018062000100280,2018년 6월 20일 14시,수요일,전라남도 여수시 광무동,경상사고,0,0,1,0,차대차 - 측면충돌,안전운전불이행,건조,맑음,교차로 - 교차로안,이륜,남,51세,경상,승용,남,25세,상해없음
2018062000100281,2018년 6월 20일 14시,수요일,전라남도 구례군 구례읍,경상사고,0,0,3,0,차대차 - 측면충돌,직진우회전진행방해,건조,맑음,교차로 - 교차로안,화물,남,53세,경상,화물,남,20세,경상
2018062000100318,2018년 6월 20일 15시,수요일,전라남도 목포시 산정동,중상사고,0,1,0,0,차대차 - 측면충돌,교차로운행방법위반,건조,맑음,교차로 - 교차로안,자전거,남,77세,중상,승용,여,78세,상해없음
2018062000100319,2018년 6월 20일 15시,수요일,전라남도 목포시 용당동,경상사고,0,0,1,0,차대차 - 측면충돌,안전운전불이행,건조,맑음,단일로 - 기타,승용,남,25세,상해없음,승용,남,47세,경상
2018062000100320,2018년 6월 20일 15시,수요일,전라남도 나주시 남평읍,경상사고,0,0,2,0,차대차 - 측면충돌,신호위반,건조,맑음,교차로 - 교차로안,승용,여,47세,경상,승용,여,56세,경상
2018062000100321,2018년 6월 20일 15시,수요일,전라남도 나주시 빛가람동,경상사고,0,0,2,6,차대차 - 추돌,안전운전불이행,건조,맑음,단일로 - 기타,승용,남,62세,상해없음,승합,남,60세,상해없음
2018062000100322,2018년 6월 20일 15시,수요일,전라남도 화순군 능주면,경상사고,0,0,9,2,차대차 - 측면충돌,직진우회전진행방해,건조,맑음,교차로 - 교차로안,승용,여,62세,경상,승용,남,23세,부상신고
2018062000100360,2018년 6월 20일 16시,수요일,전라남도 여수시 소라면,경상사고,0,0,4,0,차대차 - 측면충돌,안전운전불이행,건조,맑음,교차로 - 교차로안,승용,여,64세,경상,화물,남,57세,경상
2018062000100398,2018년 6월 20일 17시,수요일,전라남도 순천시 동외동,중상사고,0,1,1,0,차대차 - 후진중충돌,안전운전불이행,건조,맑음,교차로 - 교차로안,승용,남,60세,상해없음,원동기,남,78세,중상
2018062000100442,2018년 6월 20일 18시,수요일,전라남도 목포시 산정동,경상사고,0,0,1,0,차대차 - 측면충돌,안전운전불이행,건조,맑음,교차로 - 교차로안,기타불명,기타불명,미분류,기타불명,자전거,남,12세,경상
2018062000100443,2018년 6월 20일 18시,수요일,전라남도 여수시 봉강동,경상사고,0,0,2,0,차대사람 - 횡단중,신호위반,건조,맑음,교차로 - 교차로횡단보도내,승용,여,42세,상해없음,보행자,여,17세,경상
2018062000100444,2018년 6월 20일 18시,수요일,전라남도 순천시 조례동,경상사고,0,0,2,0,차대차 - 추돌,안전운전불이행,건조,맑음,단일로 - 기타,승용,남,20세,상해없음,승합,남,40세,경상
2018062000100445,2018년 6월 20일 18시,수요일,전라남도 순천시 남정동,경상사고,0,0,1,0,차대차 - 측면충돌,직진우회전진행방해,건조,맑음,교차로 - 교차로안,이륜,남,83세,경상,화물,남,65세,상해없음
2018062000100446,2018년 6월 20일 18시,수요일,전라남도 순천시 동외동,경상사고,0,0,1,0,차대사람 - 기타,안전운전불이행,건조,맑음,기타 - 기타,자전거,남,42세,상해없음,보행자,남,57세,경상
2018062000100512,2018년 6월 20일 20시,수요일,전라남도 여수시 선원동,경상사고,0,0,1,0,차대차 - 추돌,안전운전불이행,건조,맑음,단일로 - 기타,승용,남,28세,상해없음,승용,여,54세,경상
2018062000100571,2018년 6월 20일 22시,수요일,전라남도 목포시 상동,중상사고,0,1,0,0,차대차 - 측면충돌,안전운전불이행,건조,맑음,교차로 - 교차로안,승용,남,22세,상해없음,원동기,여,20세,중상
2018062000100595,2018년 6월 20일 23시,수요일,전라남도 목포시 수강동1가,경상사고,0,0,1,0,차대차 - 측면충돌,안전운전불이행,건조,맑음,단일로 - 기타,승용,기타불명,미분류,기타불명,승용,남,46세,경상
2018062100100031,2018년 6월 21일 02시,목요일,전라남도 나주시 남외동,경상사고,0,0,1,0,차량단독 - 공작물충돌,안전운전불이행,건조,맑음,단일로 - 기타,승합,남,51세,경상,,,,
2018062100100055,2018년 6월 21일 05시,목요일,전라남도 영암군 영암읍,중상사고,0,1,0,0,차량단독 - 공작물충돌,안전운전불이행,건조,맑음,교차로 - 교차로안,화물,남,69세,중상,,,,
2018062100100088,2018년 6월 21일 07시,목요일,전라남도 광양시 광양읍,경상사고,0,0,3,0,차대차 - 측면충돌,안전거리미확보,건조,맑음,단일로 - 기타,승용,남,61세,상해없음,승용,여,31세,경상
2018062100100118,2018년 6월 21일 08시,목요일,전라남도 순천시 인제동,부상신고사고,0,0,0,1,차대차 - 측면충돌,교차로운행방법위반,건조,맑음,교차로 - 교차로안,승용,여,30세,상해없음,이륜,남,71세,부상신고
2018062100100119,2018년 6월 21일 08시,목요일,전라남도 나주시 금천면,경상사고,0,0,3,0,차대차 - 추돌,안전거리미확보,건조,맑음,교차로 - 교차로부근,승용,여,27세,경상,승용,남,72세,경상
2018062100100147,2018년 6월 21일 09시,목요일,전라남도 순천시 연향동,중상사고,0,1,2,0,차대차 - 측면충돌,안전운전불이행,건조,맑음,교차로 - 교차로안,승용,여,44세,상해없음,승용,남,18세,중상
2018062100100148,2018년 6월 21일 09시,목요일,전라남도 보성군 보성읍,경상사고,0,0,2,0,차대차 - 측면충돌,안전운전불이행,건조,맑음,단일로 - 기타,승용,남,81세,경상,승용,여,35세,경상
2018062100100181,2018년 6월 21일 10시,목요일,전라남도 장성군 북일면,중상사고,0,1,0,0,차량단독 - 기타,안전운전불이행,건조,맑음,단일로 - 기타,화물,남,70세,중상,,,,
2018062100100182,2018년 6월 21일 10시,목요일,전라남도 구례군 구례읍,경상사고,0,0,1,0,차대차 - 정면충돌,직진우회전진행방해,건조,맑음,교차로 - 교차로안,승용,남,28세,상해없음,승용,남,41세,경상
2018062100100216,2018년 6월 21일 11시,목요일,전라남도 목포시 대양동,경상사고,0,0,2,0,차대차 - 기타,안전운전불이행,건조,맑음,단일로 - 기타,승용,남,50세,상해없음,화물,남,71세,경상
2018062100100217,2018년 6월 21일 11시,목요일,전라남도 여수시 신기동,중상사고,0,1,0,0,차대사람 - 횡단중,안전운전불이행,건조,맑음,단일로 - 기타,승용,남,53세,상해없음,보행자,남,43세,중상
2018062100100218,2018년 6월 21일 11시,목요일,전라남도 해남군 황산면,중상사고,0,1,0,0,차대차 - 기타,직진우회전진행방해,건조,맑음,교차로 - 교차로안,이륜,남,73세,중상,화물,남,50세,상해없음
2018062100100249,2018년 6월 21일 12시,목요일,전라남도 해남군 화원면,중상사고,0,1,0,0,차대차 - 기타,직진우회전진행방해,건조,맑음,교차로 - 교차로안,화물,남,61세,상해없음,이륜,남,78세,중상
2018062100100263,2018년 6월 21일 13시,목요일,전라남도 광양시 광양읍,경상사고,0,0,1,0,차대차 - 측면충돌,교차로운행방법위반,건조,맑음,교차로 - 교차로안,화물,여,52세,상해없음,승용,여,30세,경상
2018062100100293,2018년 6월 21일 14시,목요일,전라남도 여수시 화양면,경상사고,0,0,1,0,차량단독 - 기타,안전운전불이행,건조,맑음,단일로 - 기타,승합,남,62세,상해없음,,,,