사고번호,사고일시,요일,시군구,사고내용,사망자수,중상자수,경상자수,부상신고자수,사고유형,법규위반,노면상태,기상상태,도로형태,가해운전자 차종,가해운전자 성별,가해운전자 연령,가해운전자 상해정도,피해운전자 차종,피해운전자 성별,피해운전자 연령,피해운전자 상해정도
2018062100100294,2018년 6월 21일 14시,목요일,전라남도 여수시 둔덕동,경상사고,0,0,3,0,차대차 - 추돌,안전운전불이행,건조,맑음,단일로 - 기타,승용,여,48세,상해없음,승용,여,32세,경상
2018062100100328,2018년 6월 21일 15시,목요일,전라남도 목포시 상동,경상사고,0,0,1,0,차대차 - 기타,안전거리미확보,건조,맑음,단일로 - 기타,승용,남,72세,상해없음,화물,남,39세,경상
2018062100100329,2018년 6월 21일 15시,목요일,전라남도 여수시 공화동,경상사고,0,0,1,0,차대차 - 추돌,안전거리미확보,건조,맑음,단일로 - 기타,건설기계,남,51세,상해없음,승합,남,41세,상해없음
2018062100100330,2018년 6월 21일 15시,목요일,전라남도 장흥군 장흥읍,경상사고,0,0,1,0,차대차 - 측면충돌,안전운전불이행,건조,맑음,교차로 - 교차로안,화물,남,48세,상해없음,승용,남,44세,경상
2018062100100372,2018년 6월 21일 16시,목요일,전라남도 여수시 선원동,경상사고,0,0,1,0,차대차 - 측면충돌,신호위반,건조,맑음,교차로 - 교차로안,원동기,남,83세,경상,건설기계,남,59세,상해없음
2018062100100373,2018년 6월 21일 16시,목요일,전라남도 순천시 조례동,경상사고,0,0,2,0,차대차 - 측면충돌,교차로운행방법위반,건조,맑음,교차로 - 교차로안,승용,여,47세,상해없음,승용,남,32세,경상
2018062100100490,2018년 6월 21일 18시,목요일,전라남도 목포시 산정동,경상사고,0,0,1,0,차대차 - 측면충돌,안전운전불이행,건조,맑음,단일로 - 기타,승용,남,56세,상해없음,승용,여,48세,경상
2018062100100491,2018년 6월 21일 18시,목요일,전라남도 해남군 해남읍,경상사고,0,0,2,0,차대차 - 추돌,안전운전불이행,건조,맑음,교차로 - 교차로부근,화물,남,29세,상해없음,승용,여,32세,경상
2018062100100492,2018년 6월 21일 18시,목요일,전라남도 강진군 대구면,중상사고,0,2,2,0,차대차 - 측면충돌,안전운전불이행,건조,맑음,교차로 - 교차로안,화물,남,49세,상해없음,승용,남,61세,경상
2018062100100523,2018년 6월 21일 19시,목요일,전라남도 해남군 산이면,경상사고,0,0,2,0,차대차 - 추돌,안전운전불이행,건조,맑음,단일로 - 기타,승용,남,68세,경상,농기계,남,76세,경상
2018062100100558,2018년 6월 21일 20시,목요일,전라남도 여수시 만흥동,경상사고,0,0,1,0,차대차 - 측면충돌,안전운전불이행,건조,맑음,단일로 - 기타,자전거,여,50세,상해없음,자전거,여,48세,경상
2018062100100593,2018년 6월 21일 21시,목요일,전라남도 목포시 산정동,부상신고사고,0,0,0,1,차대차 - 기타,교차로운행방법위반,건조,맑음,교차로 - 교차로안,기타불명,기타불명,미분류,기타불명,이륜,남,24세,부상신고
2018062100100627,2018년 6월 21일 22시,목요일,전라남도 여수시 광무동,중상사고,0,1,0,0,차대사람 - 횡단중,안전운전불이행,건조,맑음,단일로 - 기타,화물,남,61세,상해없음,보행자,남,49세,중상
2018062100100628,2018년 6월 21일 22시,목요일,전라남도 순천시 연향동,중상사고,0,1,0,0,차대차 - 추돌,안전운전불이행,건조,맑음,단일로 - 기타,승용,여,34세,상해없음,이륜,남,47세,중상
2018062100100651,2018년 6월 21일 23시,목요일,전라남도 해남군 해남읍,중상사고,0,1,0,0,차대사람 - 횡단중,안전운전불이행,건조,맑음,교차로 - 교차로안,승용,남,28세,상해없음,보행자,남,44세,중상
2018062200100012,2018년 6월 22일 00시,금요일,전라남도 여수시 신기동,경상사고,0,0,1,0,차대차 - 측면충돌,교차로운행방법위반,건조,맑음,교차로 - 교차로안,승용,남,59세,상해없음,승용,남,20세,상해없음
2018062200100022,2018년 6월 22일 01시,금요일,전라남도 순천시 동외동,경상사고,0,0,1,0,차대차 - 측면충돌,안전운전불이행,건조,맑음,교차로 - 교차로안,승용,남,24세,상해없음,승용,남,66세,경상
2018062200100075,2018년 6월 22일 06시,금요일,전라남도 곡성군 죽곡면,경상사고,0,0,1,0,차량단독 - 전도전복 - 전복,안전운전불이행,건조,맑음,단일로 - 기타,농기계,남,72세,경상,미분류,미분류,미분류,미분류
2018062200100101,2018년 6월 22일 07시,금요일,전라남도 해남군 산이면,사망사고,1,0,0,0,차대차 - 기타,중앙선침범,건조,맑음,단일로 - 기타,이륜,남,65세,사망,건설기계,남,48세,상해없음
2018062200100151,2018년 6월 22일 08시,금요일,전라남도 순천시 낙안면,중상사고,0,1,0,0,차대차 - 기타,안전운전불이행,건조,맑음,단일로 - 기타,화물,남,42세,상해없음,승용,남,59세,중상
2018062200100215,2018년 6월 22일 10시,금요일,전라남도 순천시 송광면,경상사고,0,0,1,0,차량단독 - 기타,안전운전불이행,건조,맑음,단일로 - 기타,농기계,남,84세,경상,,,,
2018062200100216,2018년 6월 22일 10시,금요일,전라남도 함평군 엄다면,경상사고,0,0,2,0,차대차 - 측면충돌,안전운전불이행,건조,맑음,단일로 - 기타,이륜,남,74세,경상,자전거,남,48세,경상
2018062200100243,2018년 6월 22일 11시,금요일,전라남도 여수시 돌산읍,경상사고,0,0,2,0,차대차 - 측면충돌,중앙선침범,건조,맑음,교차로 - 교차로부근,승용,여,62세,상해없음,승용,남,36세,경상
2018062200100269,2018년 6월 22일 12시,금요일,전라남도 나주시 금계동,경상사고,0,0,3,0,차대차 - 측면충돌,직진우회전진행방해,건조,맑음,교차로 - 교차로안,승용,여,21세,경상,화물,여,45세,경상
2018062200100358,2018년 6월 22일 14시,금요일,전라남도 여수시 신기동,경상사고,0,0,1,0,차대차 - 측면충돌,교차로운행방법위반,건조,맑음,교차로 - 교차로안,화물,남,38세,상해없음,승용,남,44세,경상
2018062200100359,2018년 6월 22일 14시,금요일,전라남도 영암군 삼호읍,경상사고,0,0,4,0,차대차 - 추돌,안전거리미확보,건조,맑음,교차로 - 교차로부근,승용,남,72세,경상,화물,남,57세,경상
2018062200100400,2018년 6월 22일 15시,금요일,전라남도 목포시 상동,경상사고,0,0,1,0,차대차 - 기타,안전운전불이행,건조,맑음,단일로 - 기타,승용,남,43세,경상,승용,여,57세,상해없음
2018062200100401,2018년 6월 22일 15시,금요일,전라남도 해남군 황산면,경상사고,0,0,1,0,차대차 - 측면충돌,안전운전불이행,건조,맑음,단일로 - 기타,승용,남,73세,상해없음,승용,여,53세,경상
2018062200100402,2018년 6월 22일 15시,금요일,전라남도 함평군 학교면,경상사고,0,0,1,1,차대차 - 추돌,안전운전불이행,건조,맑음,교차로 - 교차로부근,화물,남,46세,부상신고,승용,남,49세,경상
2018062200100450,2018년 6월 22일 16시,금요일,전라남도 여수시 문수동,경상사고,0,0,1,0,차대사람 - 기타,안전운전불이행,건조,맑음,단일로 - 기타,승용,여,20세,상해없음,보행자,남,50세,경상
2018062200100451,2018년 6월 22일 16시,금요일,전라남도 순천시 왕지동,부상신고사고,0,0,0,2,차대사람 - 기타,안전운전불이행,건조,맑음,주차장 - 주차장,승용,여,42세,상해없음,보행자,여,9세,부상신고
2018062200100509,2018년 6월 22일 17시,금요일,전라남도 순천시 해룡면,중상사고,0,1,0,0,차대차 - 측면충돌,교차로운행방법위반,건조,맑음,교차로 - 교차로안,승용,남,78세,상해없음,승용,남,59세,중상
2018062200100560,2018년 6월 22일 18시,금요일,전라남도 화순군 화순읍,경상사고,0,0,2,0,차대차 - 추돌,안전운전불이행,건조,맑음,교차로 - 교차로안,승용,남,62세,상해없음,화물,남,40세,경상
2018062200100611,2018년 6월 22일 19시,금요일,전라남도 목포시 해안동1가,경상사고,0,0,3,0,차대차 - 측면충돌,직진우회전진행방해,건조,맑음,교차로 - 교차로안,승용,남,35세,경상,승용,남,20세,경상
2018062200100656,2018년 6월 22일 20시,금요일,전라남도 여수시 충무동,중상사고,0,1,1,0,차대차 - 측면충돌,안전거리미확보,건조,맑음,단일로 - 기타,승용,여,42세,상해없음,이륜,남,17세,중상
2018062200100657,2018년 6월 22일 20시,금요일,전라남도 무안군 무안읍,중상사고,0,1,1,0,차대차 - 정면충돌,안전운전불이행,건조,맑음,교차로 - 교차로안,승합,남,67세,경상,이륜,남,81세,중상
2018062200100701,2018년 6월 22일 21시,금요일,전라남도 함평군 함평읍,부상신고사고,0,0,0,1,차대차 - 추돌,안전거리미확보,건조,맑음,단일로 - 기타,승용,여,51세,부상신고,화물,남,39세,상해없음
2018062200100702,2018년 6월 22일 21시,금요일,전라남도 목포시 용해동,경상사고,0,0,1,0,차대차 - 기타,안전운전불이행,건조,맑음,단일로 - 기타,승용,남,37세,경상,화물,남,44세,상해없음
2018062300100033,2018년 6월 23일 01시,토요일,전라남도 여수시 웅천동,경상사고,0,0,3,0,차대차 - 측면충돌,안전운전불이행,건조,맑음,교차로 - 교차로부근,승용,남,47세,상해없음,승용,여,45세,경상
2018062300100108,2018년 6월 23일 07시,토요일,전라남도 순천시 해룡면,경상사고,0,0,1,0,차대차 - 측면충돌,안전운전불이행,건조,맑음,단일로 - 기타,화물,남,27세,상해없음,승용,남,41세,경상
2018062300100121,2018년 6월 23일 08시,토요일,전라남도 함평군 월야면,경상사고,0,0,1,0,차대차 - 측면충돌,안전운전불이행,건조,맑음,단일로 - 기타,화물,남,38세,상해없음,승용,여,49세,경상
2018062300100179,2018년 6월 23일 10시,토요일,전라남도 화순군 능주면,중상사고,0,1,0,0,차대차 - 정면충돌,중앙선침범,건조,맑음,단일로 - 기타,승용,남,76세,상해없음,이륜,남,63세,중상
2018062300100220,2018년 6월 23일 11시,토요일,전라남도 장성군 장성읍,경상사고,0,0,1,0,차대차 - 기타,안전운전불이행,건조,맑음,교차로 - 교차로안,승용,남,26세,상해없음,화물,남,38세,경상
2018062300100258,2018년 6월 23일 12시,토요일,전라남도 담양군 월산면,중상사고,0,1,0,0,차대차 - 기타,중앙선침범,건조,맑음,단일로 - 기타,화물,남,52세,상해없음,승용,여,59세,중상
2018062300100336,2018년 6월 23일 14시,토요일,전라남도 목포시 옥암동,경상사고,0,0,2,0,차대차 - 측면충돌,신호위반,건조,맑음,교차로 - 교차로안,이륜,남,33세,경상,승용,여,27세,경상
2018062300100337,2018년 6월 23일 14시,토요일,전라남도 여수시 돌산읍,중상사고,0,1,0,0,차대차 - 측면충돌,안전운전불이행,건조,맑음,단일로 - 기타,승용,여,40세,상해없음,이륜,남,65세,중상
2018062300100338,2018년 6월 23일 14시,토요일,전라남도 여수시 소라면,경상사고,0,0,2,0,차대차 - 추돌,안전운전불이행,건조,맑음,교차로 - 교차로안,화물,남,55세,상해없음,승용,남,68세,경상
2018062300100339,2018년 6월 23일 14시,토요일,전라남도 여수시 둔덕동,경상사고,0,0,1,0,차대차 - 측면충돌,차로위반,건조,맑음,교차로 - 교차로부근,승용,여,23세,상해없음,승용,여,30세,경상
2018062300100340,2018년 6월 23일 14시,토요일,전라남도 곡성군 옥과면,경상사고,0,0,1,0,차량단독 - 기타,기타,건조,맑음,단일로 - 기타,승용,남,58세,경상,,,,
2018062300100374,2018년 6월 23일 15시,토요일,전라남도 영광군 염산면,경상사고,0,0,1,0,차대차 - 측면충돌,안전운전불이행,건조,맑음,교차로 - 교차로안,이륜,여,69세,경상,승용,남,72세,상해없음
2018062300100375,2018년 6월 23일 15시,토요일,전라남도 강진군 강진읍,경상사고,0,0,1,0,차대차 - 측면충돌,교차로운행방법위반,건조,맑음,교차로 - 교차로안,화물,남,61세,상해없음,농기계,남,58세,경상
2018062300100410,2018년 6월 23일 16시,토요일,전라남도 영광군 영광읍,경상사고,0,0,1,0,차대차 - 추돌,안전운전불이행,건조,맑음,단일로 - 기타,원동기,여,28세,경상,화물,남,70세,상해없음
2018062300100411,2018년 6월 23일 16시,토요일,전라남도 장성군 동화면,경상사고,0,0,2,0,차대차 - 측면충돌,신호위반,건조,맑음,교차로 - 교차로안,승용,남,50세,상해없음,승용,남,47세,경상
2018062300100465,2018년 6월 23일 18시,토요일,전라남도 여수시 봉산동,경상사고,0,0,1,0,차대차 - 추돌,안전운전불이행,건조,맑음,교차로 - 교차로부근,승용,남,34세,상해없음,승용,남,42세,상해없음
2018062300100494,2018년 6월 23일 19시,토요일,전라남도 나주시 삼도동,경상사고,0,0,1,0,차대차 - 기타,차로위반,건조,맑음,단일로 - 기타,승용,남,43세,기타불명,승용,여,53세,상해없음
2018062300100520,2018년 6월 23일 20시,토요일,전라남도 여수시 공화동,중상사고,0,1,0,0,차대사람 - 횡단중,보행자보호의무위반,건조,맑음,단일로 - 기타,승용,여,47세,상해없음,보행자,여,81세,중상
2018062300100552,2018년 6월 23일 21시,토요일,전라남도 목포시 상동,중상사고,0,1,0,0,차대사람 - 횡단중,보행자보호의무위반,건조,맑음,단일로 - 기타,승용,남,56세,상해없음,보행자,남,71세,중상
2018062300100553,2018년 6월 23일 21시,토요일,전라남도 나주시 빛가람동,경상사고,0,0,1,0,차대차 - 측면충돌,신호위반,건조,맑음,교차로 - 교차로부근,이륜,남,40세,경상,승용,남,24세,상해없음
2018062300100576,2018년 6월 23일 22시,토요일,전라남도 순천시 생목동,경상사고,0,0,2,0,차대차 - 측면충돌,신호위반,건조,맑음,교차로 - 교차로안,승합,남,43세,상해없음,승용,남,29세,경상
2018062300100599,2018년 6월 23일 23시,토요일,전라남도 고흥군 도덕면,경상사고,0,0,1,0,차량단독 - 전도전복 - 전복,안전운전불이행,건조,맑음,단일로 - 기타,승용,남,24세,경상,미분류,미분류,미분류,미분류
2018062300100600,2018년 6월 23일 23시,토요일,전라남도 담양군 담양읍,중상사고,0,1,0,0,차대차 - 기타,신호위반,건조,맑음,교차로 - 교차로부근,화물,남,51세,상해없음,승용,여,30세,중상
2018062400100015,2018년 6월 24일 00시,일요일,전라남도 순천시 매곡동,중상사고,0,1,0,0,차대사람 - 횡단중,보행자보호의무위반,건조,맑음,단일로 - 기타,승용,남,50세,상해없음,보행자,남,21세,중상
2018062400100031,2018년 6월 24일 01시,일요일,전라남도 담양군 담양읍,중상사고,0,1,1,0,차량단독 - 전도전복 - 전도,안전운전불이행,건조,맑음,교차로 - 교차로부근,이륜,남,18세,중상,미분류,미분류,미분류,미분류
2018062400100041,2018년 6월 24일 02시,일요일,전라남도 화순군 남면,중상사고,0,1,0,0,차량단독 - 기타,기타,건조,맑음,단일로 - 기타,화물,남,52세,상해없음,,,,
2018062400100072,2018년 6월 24일 05시,일요일,전라남도 광양시 다압면,중상사고,0,1,0,0,차량단독 - 공작물충돌,안전운전불이행,젖음/습기,맑음,단일로 - 기타,농기계,남,73세,중상,,,,
2018062400100152,2018년 6월 24일 11시,일요일,전라남도 영암군 시종면,중상사고,0,1,0,0,차량단독 - 기타,안전운전불이행,건조,맑음,교차로 - 교차로부근,이륜,남,73세,중상,,,,
2018062400100174,2018년 6월 24일 12시,일요일,전라남도 화순군 춘양면,부상신고사고,0,0,0,1,차대차 - 기타,교차로운행방법위반,건조,맑음,교차로 - 교차로안,사륜오토바이(ATV),여,87세,부상신고,승용,남,47세,상해없음
2018062400100195,2018년 6월 24일 13시,일요일,전라남도 순천시 동외동,경상사고,0,0,4,0,차대차 - 추돌,안전운전불이행,건조,맑음,단일로 - 기타,승용,남,46세,상해없음,승합,남,59세,경상
2018062400100225,2018년 6월 24일 14시,일요일,전라남도 목포시 연산동,경상사고,0,0,2,0,차대차 - 기타,교차로운행방법위반,건조,맑음,교차로 - 교차로안,승용,여,36세,상해없음,승용,여,54세,경상
2018062400100250,2018년 6월 24일 15시,일요일,전라남도 목포시 옥암동,경상사고,0,0,1,0,차대차 - 기타,안전운전불이행,건조,맑음,단일로 - 기타,이륜,남,19세,상해없음,승용,여,58세,경상
2018062400100251,2018년 6월 24일 15시,일요일,전라남도 목포시 상동,부상신고사고,0,0,0,1,차대사람 - 기타,안전운전불이행,건조,맑음,단일로 - 기타,승용,여,28세,상해없음,보행자,여,34세,부상신고
2018062400100279,2018년 6월 24일 16시,일요일,전라남도 순천시 석현동,중상사고,0,1,0,0,차대차 - 측면충돌,신호위반,건조,맑음,단일로 - 기타,승용,남,58세,상해없음,이륜,남,79세,중상
2018062400100280,2018년 6월 24일 16시,일요일,전라남도 장성군 장성읍,경상사고,0,0,2,0,차대차 - 측면충돌,안전운전불이행,건조,맑음,교차로 - 교차로부근,승용,남,45세,경상,승용,남,38세,경상
2018062400100309,2018년 6월 24일 17시,일요일,전라남도 목포시 산정동,경상사고,0,0,1,0,차대차 - 기타,안전운전불이행,건조,맑음,단일로 - 기타,승용,여,40세,상해없음,승용,남,36세,경상
2018062400100310,2018년 6월 24일 17시,일요일,전라남도 순천시 해룡면,중상사고,0,1,0,0,차대차 - 기타,안전운전불이행,건조,맑음,교차로 - 교차로안,승용,여,36세,상해없음,원동기,남,69세,중상
2018062400100341,2018년 6월 24일 18시,일요일,전라남도 신안군 안좌면,중상사고,0,1,0,0,차량단독 - 기타,안전운전불이행,건조,맑음,단일로 - 기타,이륜,남,51세,중상,,,,
2018062400100342,2018년 6월 24일 18시,일요일,전라남도 고흥군 금산면,경상사고,0,0,5,0,차대차 - 기타,안전운전불이행,건조,맑음,단일로 - 기타,승용,여,29세,경상,화물,남,68세,상해없음
2018062400100410,2018년 6월 24일 21시,일요일,전라남도 목포시 용당동,경상사고,0,0,1,0,차대사람 - 기타,안전운전불이행,건조,맑음,단일로 - 기타,화물,남,68세,상해없음,보행자,여,44세,경상
2018062500100009,2018년 6월 25일 00시,월요일,전라남도 장성군 장성읍,중상사고,0,1,0,0,차대차 - 기타,안전운전불이행,건조,맑음,단일로 - 기타,이륜,남,37세,중상,건설기계,남,45세,기타불명
2018062500100128,2018년 6월 25일 08시,월요일,전라남도 목포시 무안동,경상사고,0,0,1,0,차대차 - 측면충돌,안전거리미확보,건조,맑음,단일로 - 기타,화물,남,23세,상해없음,화물,남,51세,경상
2018062500100129,2018년 6월 25일 08시,월요일,전라남도 목포시 석현동,경상사고,0,0,2,0,차대차 - 기타,교차로운행방법위반,건조,맑음,교차로 - 교차로안,승용,남,64세,상해없음,화물,남,58세,경상
2018062500100130,2018년 6월 25일 08시,월요일,전라남도 고흥군 풍양면,사망사고,2,1,0,0,차대차 - 정면충돌,중앙선침범,건조,맑음,단일로 - 기타,승용,남,25세,중상,화물,남,64세,사망
2018062500100131,2018년 6월 25일 08시,월요일,전라남도 해남군 해남읍,경상사고,0,0,4,0,차대차 - 추돌,안전운전불이행,건조,맑음,단일로 - 터널,화물,남,38세,상해없음,승용,여,32세,경상
2018062500100163,2018년 6월 25일 09시,월요일,전라남도 목포시 항동,중상사고,0,1,0,0,차대사람 - 기타,안전운전불이행,건조,맑음,기타 - 기타,화물,남,41세,상해없음,보행자,여,81세,중상
2018062500100164,2018년 6월 25일 09시,월요일,전라남도 여수시 여서동,중상사고,0,1,0,0,차량단독 - 기타,안전운전불이행,건조,맑음,단일로 - 기타,승합,남,52세,상해없음,,,,
2018062500100165,2018년 6월 25일 09시,월요일,전라남도 강진군 군동면,경상사고,0,0,1,0,차량단독 - 기타,안전운전불이행,건조,맑음,단일로 - 기타,농기계,남,82세,경상,,,,
2018062500100197,2018년 6월 25일 10시,월요일,전라남도 목포시 옥암동,중상사고,0,1,0,0,차대차 - 기타,안전운전불이행,건조,맑음,교차로 - 교차로안,승용,여,61세,상해없음,이륜,남,54세,중상
2018062500100234,2018년 6월 25일 11시,월요일,전라남도 고흥군 봉래면,중상사고,0,1,0,0,차대차 - 기타,안전운전불이행,건조,맑음,교차로 - 교차로부근,자전거,남,73세,중상,승용,남,65세,상해없음
2018062500100235,2018년 6월 25일 11시,월요일,전라남도 영암군 영암읍,중상사고,0,1,0,0,차량단독 - 공작물충돌,안전운전불이행,건조,맑음,단일로 - 기타,승용,남,79세,중상,,,,
2018062500100279,2018년 6월 25일 12시,월요일,전라남도 목포시 중앙동2가,중상사고,0,1,2,0,차대차 - 기타,교차로운행방법위반,건조,맑음,교차로 - 교차로안,승용,남,75세,경상,승용,여,64세,경상
2018062500100280,2018년 6월 25일 12시,월요일,전라남도 영암군 덕진면,중상사고,0,1,0,0,차대차 - 정면충돌,안전운전불이행,건조,맑음,교차로 - 교차로부근,화물,남,51세,상해없음,이륜,남,78세,중상
2018062500100320,2018년 6월 25일 13시,월요일,전라남도 목포시 상동,중상사고,0,1,0,0,차대차 - 기타,안전운전불이행,건조,맑음,단일로 - 기타,승용,남,23세,상해없음,이륜,남,39세,중상
2018062500100321,2018년 6월 25일 13시,월요일,전라남도 여수시 여서동,경상사고,0,0,1,0,차대차 - 측면충돌,교차로운행방법위반,건조,맑음,교차로 - 교차로안,승용,여,24세,상해없음,승용,남,56세,경상
2018062500100322,2018년 6월 25일 13시,월요일,전라남도 여수시 광무동,중상사고,0,1,0,0,차대차 - 추돌,안전운전불이행,건조,맑음,단일로 - 기타,승용,남,50세,상해없음,승용,여,67세,중상
2018062500100323,2018년 6월 25일 13시,월요일,전라남도 해남군 해남읍,경상사고,0,0,2,0,차대차 - 기타,불법유턴,건조,맑음,교차로 - 교차로안,승용,남,66세,경상,승용,기타불명,미분류,기타불명
2018062500100364,2018년 6월 25일 14시,월요일,전라남도 목포시 상동,경상사고,0,0,4,0,차대차 - 기타,안전운전불이행,건조,맑음,단일로 - 기타,승용,남,21세,상해없음,승용,여,59세,경상
2018062500100365,2018년 6월 25일 14시,월요일,전라남도 여수시 돌산읍,경상사고,0,0,1,0,차대사람 - 길가장자리구역통행중,안전운전불이행,건조,맑음,단일로 - 기타,화물,남,28세,상해없음,보행자,남,84세,경상
2018062500100366,2018년 6월 25일 14시,월요일,전라남도 담양군 담양읍,경상사고,0,0,2,0,차대차 - 측면충돌,안전운전불이행,건조,맑음,단일로 - 기타,승용,남,65세,상해없음,승용,남,47세,경상
2018062500100407,2018년 6월 25일 15시,월요일,전라남도 고흥군 고흥읍,경상사고,0,0,1,0,차대사람 - 횡단중,신호위반,건조,맑음,교차로 - 교차로횡단보도내,승용,남,33세,상해없음,보행자,여,10세,경상
2018062500100408,2018년 6월 25일 15시,월요일,전라남도 화순군 화순읍,부상신고사고,0,0,0,2,차대차 - 측면충돌,직진우회전진행방해,건조,맑음,교차로 - 교차로안,승용,남,49세,상해없음,자전거,남,12세,부상신고
2018062500100409,2018년 6월 25일 15시,월요일,전라남도 영암군 삼호읍,경상사고,0,0,5,0,차대차 - 측면충돌,안전운전불이행,건조,맑음,교차로 - 교차로안,화물,남,28세,상해없음,승합,남,59세,경상
2018062500100410,2018년 6월 25일 15시,월요일,전라남도 담양군 고서면,경상사고,0,0,1,0,차대차 - 측면충돌,중앙선침범,건조,맑음,단일로 - 기타,화물,남,47세,상해없음,승용,여,37세,경상
2018062500100411,2018년 6월 25일 15시,월요일,전라남도 무안군 무안읍,경상사고,0,0,1,0,차대차 - 정면충돌,중앙선침범,건조,맑음,교차로 - 교차로안,화물,남,63세,상해없음,화물,남,60세,경상
2018062500100497,2018년 6월 25일 17시,월요일,전라남도 목포시 상락동2가,중상사고,0,1,0,0,차대사람 - 기타,안전운전불이행,건조,맑음,교차로 - 교차로안,승용,남,40세,상해없음,보행자,여,69세,중상
2018062500100498,2018년 6월 25일 17시,월요일,전라남도 목포시 상동,경상사고,0,0,1,0,차대차 - 추돌,안전운전불이행,건조,맑음,단일로 - 기타,승용,남,34세,상해없음,승용,남,50세,상해없음
2018062500100499,2018년 6월 25일 17시,월요일,전라남도 순천시 해룡면,중상사고,0,1,0,0,차대사람 - 횡단중,보행자보호의무위반,건조,맑음,교차로 - 교차로부근,승용,남,48세,상해없음,보행자,남,6세,중상
2018062500100500,2018년 6월 25일 17시,월요일,전라남도 함평군 함평읍,경상사고,0,0,1,0,차대사람 - 횡단중,안전운전불이행,건조,맑음,주차장 - 주차장,승용,여,34세,상해없음,보행자,남,28세,경상
2018062500100501,2018년 6월 25일 17시,월요일,전라남도 무안군 운남면,경상사고,0,0,1,0,차대차 - 측면충돌,안전운전불이행,건조,맑음,단일로 - 기타,이륜,남,68세,상해없음,화물,남,42세,상해없음
2018062500100502,2018년 6월 25일 17시,월요일,전라남도 무안군 무안읍,경상사고,0,0,1,0,차대차 - 후진중충돌,불법유턴,건조,맑음,교차로 - 교차로부근,승합,남,55세,상해없음,승용,남,54세,경상
2018062500100545,2018년 6월 25일 18시,월요일,전라남도 순천시 해룡면,중상사고,0,2,1,0,차대차 - 측면충돌,직진우회전진행방해,건조,맑음,교차로 - 교차로안,승용,남,43세,경상,승용,남,52세,중상
2018062500100546,2018년 6월 25일 18시,월요일,전라남도 영암군 삼호읍,경상사고,0,0,3,0,차대차 - 측면충돌,과속,건조,맑음,교차로 - 교차로안,승용,남,36세,경상,승용,남,31세,경상
2018062500100584,2018년 6월 25일 19시,월요일,전라남도 여수시 문수동,경상사고,0,0,1,0,차대차 - 측면충돌,안전거리미확보,건조,맑음,단일로 - 기타,승용,여,45세,상해없음,이륜,남,55세,경상
2018062500100585,2018년 6월 25일 19시,월요일,전라남도 순천시 남정동,중상사고,0,1,0,0,차량단독 - 기타,안전운전불이행,건조,맑음,단일로 - 기타,이륜,남,59세,중상,,,,
2018062500100644,2018년 6월 25일 21시,월요일,전라남도 목포시 용해동,경상사고,0,0,1,0,차대차 - 기타,교차로운행방법위반,건조,맑음,교차로 - 교차로안,화물,남,50세,상해없음,이륜,남,19세,경상
2018062500100697,2018년 6월 25일 23시,월요일,전라남도 순천시 동외동,경상사고,0,0,2,0,차대차 - 측면충돌,안전운전불이행,건조,맑음,교차로 - 교차로부근,승용,남,60세,상해없음,승용,남,56세,경상
2018062500100698,2018년 6월 25일 23시,월요일,전라남도 광양시 광양읍,중상사고,0,1,1,0,차대차 - 측면충돌,신호위반,건조,맑음,교차로 - 교차로안,승용,여,31세,경상,승용,남,30세,중상
2018062600100011,2018년 6월 26일 00시,화요일,전라남도 목포시 용당동,경상사고,0,0,1,0,차대차 - 기타,안전운전불이행,건조,맑음,단일로 - 기타,승용,여,36세,상해없음,이륜,남,18세,경상
2018062600100042,2018년 6월 26일 03시,화요일,전라남도 여수시 학동,경상사고,0,0,1,0,차대차 - 추돌,안전운전불이행,젖음/습기,비,교차로 - 교차로안,승용,남,33세,상해없음,승용,남,53세,경상
2018062600100043,2018년 6월 26일 03시,화요일,전라남도 나주시 대호동,경상사고,0,0,3,0,차대차 - 추돌,안전운전불이행,건조,맑음,단일로 - 기타,승용,남,48세,상해없음,화물,남,36세,경상
2018062600100050,2018년 6월 26일 04시,화요일,전라남도 구례군 토지면,중상사고,0,1,0,0,차량단독 - 공작물충돌,안전운전불이행,건조,맑음,단일로 - 기타,승용,남,33세,중상,,,,
2018062600100098,2018년 6월 26일 07시,화요일,전라남도 나주시 남평읍,경상사고,0,0,2,0,차대차 - 측면충돌,직진우회전진행방해,건조,맑음,교차로 - 교차로안,승합,남,44세,경상,승용,여,48세,경상
2018062600100099,2018년 6월 26일 07시,화요일,전라남도 순천시 서면,경상사고,0,0,1,0,차대차 - 추돌,안전운전불이행,건조,맑음,단일로 - 터널,승용,남,25세,상해없음,승용,남,38세,경상
2018062600100143,2018년 6월 26일 08시,화요일,전라남도 완도군 완도읍,경상사고,0,0,1,0,차대차 - 측면충돌,안전운전불이행,건조,맑음,교차로 - 교차로안,승용,여,43세,상해없음,승용,남,54세,경상
2018062600100144,2018년 6월 26일 08시,화요일,전라남도 광양시 태인동,경상사고,0,0,1,0,차대차 - 측면충돌,안전거리미확보,젖음/습기,흐림,교차로 - 교차로부근,화물,남,48세,상해없음,화물,남,45세,경상