사고번호,사고일시,요일,시군구,사고내용,사망자수,중상자수,경상자수,부상신고자수,사고유형,법규위반,노면상태,기상상태,도로형태,가해운전자 차종,가해운전자 성별,가해운전자 연령,가해운전자 상해정도,피해운전자 차종,피해운전자 성별,피해운전자 연령,피해운전자 상해정도
2018070200100124,2018년 7월 2일 08시,월요일,전라남도 장성군 남면,부상신고사고,0,0,0,1,차량단독 - 공작물충돌,안전운전불이행,젖음/습기,비,단일로 - 기타,승용,남,76세,부상신고,,,,
2018070200100160,2018년 7월 2일 09시,월요일,전라남도 목포시 달동,중상사고,0,1,0,0,차대차 - 측면충돌,신호위반,젖음/습기,비,교차로 - 교차로안,화물,남,49세,상해없음,승용,남,31세,중상
2018070200100161,2018년 7월 2일 09시,월요일,전라남도 여수시 선원동,경상사고,0,0,3,0,차대차 - 추돌,교차로운행방법위반,건조,맑음,교차로 - 교차로부근,승합,남,41세,경상,승용,여,51세,경상
2018070200100162,2018년 7월 2일 09시,월요일,전라남도 순천시 장천동,경상사고,0,0,1,0,차대차 - 측면충돌,안전거리미확보,건조,맑음,단일로 - 기타,승용,여,48세,상해없음,승용,남,64세,상해없음
2018070200100186,2018년 7월 2일 10시,월요일,전라남도 영광군 영광읍,중상사고,0,2,1,0,차대차 - 측면충돌,신호위반,건조,맑음,교차로 - 교차로안,승용,남,79세,중상,건설기계,남,55세,경상
2018070200100187,2018년 7월 2일 10시,월요일,전라남도 무안군 해제면,경상사고,0,0,1,0,차대차 - 측면충돌,과속,건조,맑음,교차로 - 교차로안,화물,남,58세,기타불명,화물,남,64세,경상
2018070200100239,2018년 7월 2일 12시,월요일,전라남도 영암군 시종면,경상사고,0,0,1,0,차량단독 - 공작물충돌,안전운전불이행,건조,맑음,단일로 - 기타,화물,남,64세,경상,,,,
2018070200100262,2018년 7월 2일 13시,월요일,전라남도 목포시 용당동,경상사고,0,0,1,0,차대사람 - 횡단중,안전운전불이행,건조,맑음,단일로 - 기타,승용,남,61세,상해없음,보행자,여,18세,경상
2018070200100263,2018년 7월 2일 13시,월요일,전라남도 무안군 삼향읍,경상사고,0,0,1,0,차대차 - 측면충돌,안전운전불이행,건조,맑음,단일로 - 기타,자전거,남,90세 이상,경상,화물,남,67세,상해없음
2018070200100333,2018년 7월 2일 15시,월요일,전라남도 목포시 상동,경상사고,0,0,3,0,차대차 - 측면충돌,차로위반,건조,맑음,단일로 - 기타,승용,남,61세,상해없음,승용,남,20세,경상
2018070200100334,2018년 7월 2일 15시,월요일,전라남도 장성군 장성읍,중상사고,0,1,0,0,차대차 - 기타,중앙선침범,젖음/습기,비,단일로 - 지하차도(도로)내,승용,남,31세,상해없음,승용,여,45세,중상
2018070200100363,2018년 7월 2일 16시,월요일,전라남도 고흥군 대서면,경상사고,0,0,1,0,차량단독 - 전도전복 - 전도,안전운전불이행,건조,흐림,단일로 - 기타,이륜,남,77세,경상,미분류,미분류,미분류,미분류
2018070200100364,2018년 7월 2일 16시,월요일,전라남도 강진군 강진읍,중상사고,0,1,0,0,차대사람 - 횡단중,보행자보호의무위반,건조,맑음,단일로 - 기타,승용,여,61세,상해없음,보행자,여,10세,중상
2018070200100412,2018년 7월 2일 17시,월요일,전라남도 목포시 산정동,경상사고,0,0,1,0,차대차 - 측면충돌,안전운전불이행,건조,맑음,단일로 - 기타,화물,남,70세,상해없음,승용,남,64세,상해없음
2018070200100413,2018년 7월 2일 17시,월요일,전라남도 여수시 소라면,경상사고,0,0,1,0,차대차 - 추돌,안전운전불이행,건조,흐림,단일로 - 기타,승용,남,48세,상해없음,승용,남,39세,경상
2018070200100495,2018년 7월 2일 19시,월요일,전라남도 나주시 남평읍,경상사고,0,0,1,0,차대차 - 측면충돌,교차로운행방법위반,건조,맑음,교차로 - 교차로안,승용,남,47세,상해없음,승용,여,23세,경상
2018070200100534,2018년 7월 2일 20시,월요일,전라남도 순천시 해룡면,경상사고,0,0,1,0,차대차 - 측면충돌,중앙선침범,건조,맑음,단일로 - 기타,이륜,남,16세,상해없음,이륜,남,20세,경상
2018070200100535,2018년 7월 2일 20시,월요일,전라남도 보성군 득량면,경상사고,0,0,1,0,차대차 - 기타,신호위반,건조,맑음,단일로 - 기타,승용,남,51세,상해없음,승용,남,46세,경상
2018070200100612,2018년 7월 2일 22시,월요일,전라남도 목포시 연산동,중상사고,0,1,0,0,차량단독 - 공작물충돌,안전운전불이행,건조,맑음,단일로 - 기타,승용,남,62세,중상,,,,
2018070200100613,2018년 7월 2일 22시,월요일,전라남도 순천시 연향동,경상사고,0,0,1,0,차대사람 - 횡단중,안전운전불이행,젖음/습기,비,교차로 - 교차로횡단보도내,승용,여,48세,상해없음,보행자,남,18세,경상
2018070200100614,2018년 7월 2일 22시,월요일,전라남도 순천시 용당동,중상사고,0,1,0,0,차대사람 - 횡단중,신호위반,젖음/습기,비,교차로 - 교차로횡단보도내,승용,남,47세,상해없음,보행자,여,56세,중상
2018070200100649,2018년 7월 2일 23시,월요일,전라남도 목포시 상동,경상사고,0,0,1,0,차대사람 - 기타,안전운전불이행,건조,맑음,단일로 - 기타,승용,여,31세,상해없음,보행자,남,31세,경상
2018070200100650,2018년 7월 2일 23시,월요일,전라남도 나주시 금천면,경상사고,0,0,1,0,차대차 - 기타,안전운전불이행,건조,맑음,단일로 - 기타,승용,남,28세,상해없음,승용,남,36세,경상
2018070200100651,2018년 7월 2일 23시,월요일,전라남도 나주시 대기동,경상사고,0,0,1,0,차대차 - 기타,중앙선침범,젖음/습기,비,단일로 - 기타,승용,여,28세,상해없음,승용,남,36세,상해없음
2018070200100652,2018년 7월 2일 23시,월요일,전라남도 광양시 중동,경상사고,0,0,3,0,차대차 - 측면충돌,신호위반,건조,맑음,교차로 - 교차로안,승용,남,50세,경상,승용,남,50세,경상
2018070300100029,2018년 7월 3일 01시,화요일,전라남도 순천시 석현동,중상사고,0,1,0,0,차량단독 - 기타,안전운전불이행,건조,맑음,단일로 - 기타,승용,남,44세,중상,,,,
2018070300100079,2018년 7월 3일 07시,화요일,전라남도 여수시 둔덕동,경상사고,0,0,2,0,차대차 - 측면충돌,안전운전불이행,건조,흐림,단일로 - 기타,승용,남,35세,상해없음,승용,여,53세,경상
2018070300100080,2018년 7월 3일 07시,화요일,전라남도 나주시 산포면,경상사고,0,0,1,0,차대차 - 측면충돌,신호위반,건조,맑음,교차로 - 교차로안,화물,남,76세,상해없음,승합,남,58세,경상
2018070300100110,2018년 7월 3일 08시,화요일,전라남도 순천시 조례동,경상사고,0,0,1,0,차대사람 - 횡단중,안전운전불이행,건조,맑음,교차로 - 교차로부근,승용,여,48세,상해없음,보행자,여,73세,경상
2018070300100111,2018년 7월 3일 08시,화요일,전라남도 순천시 해룡면,경상사고,0,0,1,0,차대차 - 측면충돌,차로위반,건조,맑음,단일로 - 기타,특수,남,49세,상해없음,승용,남,53세,경상
2018070300100112,2018년 7월 3일 08시,화요일,전라남도 영암군 삼호읍,경상사고,0,0,2,0,차대차 - 추돌,안전운전불이행,건조,맑음,교차로 - 교차로부근,승용,여,49세,경상,승용,여,34세,경상
2018070300100180,2018년 7월 3일 10시,화요일,전라남도 무안군 망운면,중상사고,0,1,0,0,차대차 - 측면충돌,안전운전불이행,건조,맑음,교차로 - 교차로부근,승용,여,53세,상해없음,이륜,여,63세,중상
2018070300100201,2018년 7월 3일 11시,화요일,전라남도 광양시 중동,경상사고,0,0,1,0,차대차 - 후진중충돌,안전운전불이행,건조,맑음,주차장 - 주차장,승용,여,55세,상해없음,승용,남,41세,경상
2018070300100224,2018년 7월 3일 12시,화요일,전라남도 여수시 선원동,경상사고,0,0,2,0,차대차 - 측면충돌,신호위반,젖음/습기,비,교차로 - 교차로안,승용,남,44세,경상,승용,남,55세,경상
2018070300100283,2018년 7월 3일 14시,화요일,전라남도 순천시 서면,경상사고,0,0,1,0,차대차 - 측면충돌,안전운전불이행,젖음/습기,흐림,단일로 - 기타,승용,남,71세,상해없음,화물,남,59세,상해없음
2018070300100284,2018년 7월 3일 14시,화요일,전라남도 나주시 남평읍,중상사고,0,1,0,0,차량단독 - 공작물충돌,안전운전불이행,건조,맑음,단일로 - 기타,승용,남,62세,상해없음,,,,
2018070300100285,2018년 7월 3일 14시,화요일,전라남도 무안군 청계면,경상사고,0,0,2,0,차대차 - 측면충돌,안전운전불이행,건조,맑음,교차로 - 교차로안,승용,남,42세,상해없음,승용,여,54세,경상
2018070300100321,2018년 7월 3일 15시,화요일,전라남도 목포시 석현동,경상사고,0,0,1,0,차대차 - 측면충돌,안전운전불이행,건조,맑음,단일로 - 기타,승용,남,57세,상해없음,승용,여,39세,경상
2018070300100356,2018년 7월 3일 16시,화요일,전라남도 여수시 선원동,경상사고,0,0,1,0,차대차 - 측면충돌,불법유턴,젖음/습기,비,교차로 - 교차로안,승용,여,30세,상해없음,이륜,남,35세,경상
2018070300100395,2018년 7월 3일 17시,화요일,전라남도 광양시 광양읍,경상사고,0,0,1,0,차대차 - 측면충돌,안전운전불이행,젖음/습기,비,교차로 - 교차로부근,승용,남,62세,상해없음,화물,남,37세,경상
2018070300100432,2018년 7월 3일 18시,화요일,전라남도 나주시 남평읍,중상사고,0,1,0,0,차대차 - 측면충돌,안전운전불이행,건조,맑음,교차로 - 교차로부근,이륜,남,79세,중상,승용,남,30세,상해없음
2018070300100461,2018년 7월 3일 19시,화요일,전라남도 목포시 옥암동,경상사고,0,0,2,0,차대차 - 기타,교차로운행방법위반,건조,맑음,교차로 - 교차로안,승용,여,55세,경상,승용,여,59세,경상
2018070300100462,2018년 7월 3일 19시,화요일,전라남도 해남군 문내면,중상사고,0,1,0,0,차대차 - 기타,안전거리미확보,건조,맑음,단일로 - 기타,승용,남,49세,기타불명,승용,남,32세,중상
2018070300100494,2018년 7월 3일 20시,화요일,전라남도 무안군 청계면,중상사고,0,1,1,0,차대차 - 측면충돌,신호위반,건조,맑음,교차로 - 교차로안,승용,여,22세,상해없음,승용,남,38세,중상
2018070300100495,2018년 7월 3일 20시,화요일,전라남도 광양시 중동,중상사고,0,1,0,0,차대사람 - 기타,교차로운행방법위반,건조,맑음,교차로 - 교차로안,승용,여,22세,상해없음,보행자,남,42세,중상
2018070300100556,2018년 7월 3일 22시,화요일,전라남도 보성군 벌교읍,중상사고,0,1,0,0,차량단독 - 공작물충돌,안전운전불이행,건조,흐림,단일로 - 기타,화물,남,40세,중상,,,,
2018070300100576,2018년 7월 3일 23시,화요일,전라남도 나주시 송월동,중상사고,0,1,0,0,차대사람 - 횡단중,중앙선침범,건조,맑음,교차로 - 교차로횡단보도내,승용,남,22세,상해없음,보행자,남,62세,중상
2018070400100007,2018년 7월 4일 00시,수요일,전라남도 고흥군 풍양면,경상사고,0,0,1,0,차량단독 - 도로외이탈 - 추락,안전운전불이행,건조,맑음,교차로 - 교차로부근,승용,남,29세,경상,,,,
2018070400100039,2018년 7월 4일 06시,수요일,전라남도 무안군 삼향읍,경상사고,0,0,1,0,차대차 - 기타,신호위반,건조,맑음,교차로 - 교차로안,승용,남,41세,상해없음,승합,남,38세,경상
2018070400100058,2018년 7월 4일 07시,수요일,전라남도 순천시 오천동,경상사고,0,0,2,0,차대차 - 측면충돌,직진우회전진행방해,건조,맑음,교차로 - 교차로안,승용,여,43세,경상,승용,남,27세,상해없음
2018070400100059,2018년 7월 4일 07시,수요일,전라남도 나주시 금천면,경상사고,0,0,5,0,차대차 - 추돌,안전거리미확보,건조,맑음,단일로 - 기타,승용,남,48세,상해없음,승용,남,33세,경상
2018070400100143,2018년 7월 4일 09시,수요일,전라남도 해남군 해남읍,경상사고,0,0,1,0,차대차 - 측면충돌,신호위반,건조,맑음,교차로 - 교차로안,화물,남,63세,상해없음,승합,남,45세,경상
2018070400100186,2018년 7월 4일 10시,수요일,전라남도 여수시 중앙동,경상사고,0,0,1,0,차대차 - 측면충돌,안전운전불이행,건조,맑음,단일로 - 기타,승용,여,42세,상해없음,이륜,남,79세,경상
2018070400100187,2018년 7월 4일 10시,수요일,전라남도 광양시 옥룡면,경상사고,0,0,2,0,차대차 - 추돌,안전운전불이행,건조,맑음,단일로 - 기타,승용,남,53세,상해없음,승용,남,54세,경상
2018070400100210,2018년 7월 4일 11시,수요일,전라남도 해남군 문내면,경상사고,0,0,1,0,차대차 - 기타,교차로운행방법위반,건조,맑음,교차로 - 교차로안,사륜오토바이(ATV),여,74세,경상,화물,남,75세,상해없음
2018070400100235,2018년 7월 4일 12시,수요일,전라남도 고흥군 도양읍,중상사고,0,1,0,0,차대차 - 후진중충돌,안전운전불이행,건조,맑음,단일로 - 기타,화물,남,41세,상해없음,원동기,여,57세,중상
2018070400100256,2018년 7월 4일 13시,수요일,전라남도 영암군 삼호읍,경상사고,0,0,1,0,차대차 - 측면충돌,안전운전불이행,건조,맑음,단일로 - 기타,원동기,남,69세,경상,승용,여,54세,상해없음
2018070400100287,2018년 7월 4일 14시,수요일,전라남도 광양시 광양읍,경상사고,0,0,1,0,차대차 - 기타,신호위반,건조,맑음,단일로 - 기타,승용,여,49세,상해없음,자전거,남,76세,경상
2018070400100361,2018년 7월 4일 16시,수요일,전라남도 여수시 종화동,경상사고,0,0,1,0,차대차 - 측면충돌,차로위반,건조,맑음,단일로 - 기타,승용,여,46세,상해없음,승용,여,37세,경상
2018070400100362,2018년 7월 4일 16시,수요일,전라남도 영광군 영광읍,경상사고,0,0,1,0,차대차 - 기타,안전운전불이행,건조,맑음,교차로 - 교차로안,자전거,남,35세,경상,승용,남,33세,상해없음
2018070400100406,2018년 7월 4일 17시,수요일,전라남도 순천시 연향동,경상사고,0,0,1,0,차대차 - 측면충돌,안전운전불이행,건조,맑음,단일로 - 기타,승용,남,29세,상해없음,자전거,남,8세,경상
2018070400100407,2018년 7월 4일 17시,수요일,전라남도 곡성군 목사동면,경상사고,0,0,1,0,차대차 - 측면충돌,안전운전불이행,건조,맑음,단일로 - 기타,농기계,여,70세,상해없음,승용,여,41세,경상
2018070400100408,2018년 7월 4일 17시,수요일,전라남도 광양시 중동,경상사고,0,0,2,0,차대차 - 측면충돌,안전운전불이행,건조,맑음,교차로 - 교차로안,승용,남,24세,상해없음,승용,남,62세,경상
2018070400100409,2018년 7월 4일 17시,수요일,전라남도 광양시 중동,경상사고,0,0,1,0,차대차 - 기타,교차로운행방법위반,건조,맑음,교차로 - 교차로안,승용,여,61세,상해없음,화물,남,50세,경상
2018070400100494,2018년 7월 4일 19시,수요일,전라남도 순천시 별량면,중상사고,0,1,0,0,차량단독 - 기타,안전운전불이행,건조,맑음,교차로 - 교차로부근,농기계,여,67세,중상,,,,
2018070400100495,2018년 7월 4일 19시,수요일,전라남도 나주시 노안면,경상사고,0,0,1,0,차대차 - 추돌,중앙선침범,건조,맑음,단일로 - 기타,이륜,여,71세,경상,승용,남,47세,상해없음
2018070400100552,2018년 7월 4일 21시,수요일,전라남도 순천시 풍덕동,경상사고,0,0,1,0,차대차 - 측면충돌,직진우회전진행방해,건조,맑음,교차로 - 교차로안,승용,남,55세,상해없음,승용,여,37세,경상
2018070400100585,2018년 7월 4일 22시,수요일,전라남도 목포시 대성동,경상사고,0,0,1,0,차대차 - 기타,안전운전불이행,건조,맑음,교차로 - 교차로안,자전거,남,71세,경상,승용,남,38세,상해없음
2018070400100586,2018년 7월 4일 22시,수요일,전라남도 영광군 법성면,경상사고,0,0,1,0,차량단독 - 공작물충돌,안전운전불이행,젖음/습기,비,단일로 - 기타,승용,여,26세,경상,,,,
2018070400100618,2018년 7월 4일 23시,수요일,전라남도 순천시 조곡동,중상사고,0,1,0,0,차대차 - 기타,직진우회전진행방해,건조,맑음,교차로 - 교차로안,승용,남,50세,상해없음,이륜,남,40세,중상
2018070500100016,2018년 7월 5일 01시,목요일,전라남도 목포시 상동,경상사고,0,0,3,0,차대차 - 기타,신호위반,젖음/습기,맑음,교차로 - 교차로안,승용,남,36세,상해없음,승용,여,47세,경상
2018070500100039,2018년 7월 5일 04시,목요일,전라남도 목포시 상동,경상사고,0,0,2,0,차량단독 - 기타,안전운전불이행,건조,맑음,단일로 - 기타,승용,남,20세,상해없음,,,,
2018070500100040,2018년 7월 5일 04시,목요일,전라남도 여수시 돌산읍,경상사고,0,0,1,0,차대차 - 정면충돌,중앙선침범,젖음/습기,흐림,단일로 - 기타,승용,남,65세,상해없음,화물,남,52세,경상
2018070500100083,2018년 7월 5일 07시,목요일,전라남도 여수시 여서동,경상사고,0,0,1,0,차대차 - 측면충돌,교차로운행방법위반,젖음/습기,흐림,교차로 - 교차로안,건설기계,남,44세,상해없음,승용,남,35세,경상
2018070500100084,2018년 7월 5일 07시,목요일,전라남도 강진군 작천면,경상사고,0,0,1,0,차량단독 - 전도전복 - 전도,안전운전불이행,젖음/습기,비,교차로 - 교차로안,이륜,남,79세,경상,미분류,미분류,미분류,미분류
2018070500100085,2018년 7월 5일 07시,목요일,전라남도 광양시 중동,중상사고,0,1,6,0,차대차 - 측면충돌,신호위반,젖음/습기,비,교차로 - 교차로안,승합,남,64세,경상,승용,여,42세,경상
2018070500100114,2018년 7월 5일 08시,목요일,전라남도 여수시 봉강동,경상사고,0,0,2,0,차대차 - 추돌,안전운전불이행,젖음/습기,비,단일로 - 기타,승용,남,37세,상해없음,승용,여,47세,경상
2018070500100115,2018년 7월 5일 08시,목요일,전라남도 함평군 함평읍,중상사고,0,2,7,10,차대차 - 측면충돌,신호위반,젖음/습기,비,교차로 - 교차로안,승합,남,21세,부상신고,승용,남,57세,경상
2018070500100116,2018년 7월 5일 08시,목요일,전라남도 영암군 삼호읍,경상사고,0,0,1,0,차대차 - 측면충돌,안전운전불이행,건조,맑음,교차로 - 교차로안,승용,여,48세,상해없음,승용,남,47세,경상
2018070500100181,2018년 7월 5일 10시,목요일,전라남도 보성군 벌교읍,중상사고,0,1,0,0,차대차 - 측면충돌,직진우회전진행방해,건조,맑음,교차로 - 교차로안,화물,남,54세,상해없음,승용,남,50세,상해없음
2018070500100182,2018년 7월 5일 10시,목요일,전라남도 영암군 미암면,경상사고,0,0,2,0,차대차 - 추돌,안전운전불이행,건조,맑음,단일로 - 기타,승용,남,58세,상해없음,승용,여,60세,경상
2018070500100183,2018년 7월 5일 10시,목요일,전라남도 강진군 도암면,경상사고,0,0,1,0,차대차 - 기타,안전운전불이행,건조,흐림,교차로 - 교차로안,승용,남,55세,경상,승용,남,56세,기타불명
2018070500100211,2018년 7월 5일 11시,목요일,전라남도 화순군 화순읍,경상사고,0,0,2,0,차대차 - 추돌,안전거리미확보,젖음/습기,흐림,교차로 - 교차로안,승용,여,55세,경상,건설기계,남,67세,상해없음
2018070500100212,2018년 7월 5일 11시,목요일,전라남도 장성군 장성읍,경상사고,0,0,1,0,차대차 - 측면충돌,안전운전불이행,건조,맑음,교차로 - 교차로부근,건설기계,남,63세,상해없음,승용,여,54세,경상
2018070500100242,2018년 7월 5일 12시,목요일,전라남도 여수시 덕충동,중상사고,0,1,0,0,차대차 - 측면충돌,교차로운행방법위반,건조,맑음,교차로 - 교차로안,승용,남,36세,상해없음,원동기,남,68세,중상
2018070500100243,2018년 7월 5일 12시,목요일,전라남도 영광군 영광읍,중상사고,0,1,0,0,차대차 - 측면충돌,기타,건조,맑음,교차로 - 교차로안,승용,남,68세,상해없음,이륜,남,39세,중상
2018070500100244,2018년 7월 5일 12시,목요일,전라남도 광양시 광영동,경상사고,0,0,1,0,차대차 - 측면충돌,교차로운행방법위반,건조,맑음,교차로 - 교차로안,승용,남,64세,상해없음,승용,여,55세,경상
2018070500100274,2018년 7월 5일 13시,목요일,전라남도 목포시 연산동,경상사고,0,0,1,0,차대사람 - 차도통행중,보행자보호의무위반,건조,맑음,단일로 - 기타,화물,여,48세,상해없음,보행자,여,6세,경상
2018070500100275,2018년 7월 5일 13시,목요일,전라남도 장흥군 관산읍,중상사고,0,1,0,0,차대차 - 측면충돌,안전운전불이행,건조,맑음,교차로 - 교차로안,승용,남,60세,상해없음,이륜,남,62세,중상
2018070500100342,2018년 7월 5일 15시,목요일,전라남도 목포시 호남동,경상사고,0,0,1,0,차대차 - 측면충돌,안전운전불이행,건조,맑음,단일로 - 기타,승용,여,31세,상해없음,이륜,남,63세,경상
2018070500100343,2018년 7월 5일 15시,목요일,전라남도 나주시 왕곡면,중상사고,0,1,3,0,차대차 - 측면충돌,안전운전불이행,건조,맑음,교차로 - 교차로안,승용,남,63세,경상,화물,남,54세,경상
2018070500100344,2018년 7월 5일 15시,목요일,전라남도 해남군 해남읍,경상사고,0,0,1,0,차량단독 - 기타,안전운전불이행,기타,맑음,단일로 - 기타,이륜,남,80세,경상,,,,
2018070500100345,2018년 7월 5일 15시,목요일,전라남도 광양시 중동,경상사고,0,0,1,0,차량단독 - 기타,안전운전불이행,건조,맑음,교차로 - 교차로안,이륜,남,75세,경상,,,,
2018070500100374,2018년 7월 5일 16시,목요일,전라남도 장성군 황룡면,사망사고,1,0,0,0,차대사람 - 기타,안전운전불이행,건조,맑음,교차로 - 교차로안,승용,남,67세,상해없음,보행자,여,80세,사망
2018070500100417,2018년 7월 5일 17시,목요일,전라남도 영암군 삼호읍,경상사고,0,0,1,0,차대차 - 기타,안전운전불이행,건조,맑음,단일로 - 기타,화물,남,47세,상해없음,자전거,남,46세,경상
2018070500100557,2018년 7월 5일 21시,목요일,전라남도 순천시 연향동,경상사고,0,0,1,0,차대차 - 기타,안전운전불이행,건조,맑음,교차로 - 교차로부근,승용,여,24세,상해없음,승용,남,26세,경상
2018070500100589,2018년 7월 5일 22시,목요일,전라남도 순천시 연향동,경상사고,0,0,2,0,차대차 - 정면충돌,신호위반,건조,맑음,교차로 - 교차로안,승용,남,52세,상해없음,승용,남,22세,경상
2018070500100614,2018년 7월 5일 23시,목요일,전라남도 장흥군 장흥읍,경상사고,0,0,1,0,차대차 - 추돌,안전운전불이행,건조,맑음,교차로 - 교차로안,승용,남,43세,상해없음,승용,남,37세,경상
2018070600100032,2018년 7월 6일 01시,금요일,전라남도 목포시 용해동,경상사고,0,0,2,0,차대차 - 기타,안전운전불이행,건조,맑음,단일로 - 기타,승용,남,58세,상해없음,화물,남,48세,경상
2018070600100116,2018년 7월 6일 08시,금요일,전라남도 순천시 석현동,중상사고,0,1,0,0,차대차 - 기타,안전운전불이행,건조,맑음,단일로 - 기타,승용,여,44세,상해없음,자전거,남,78세,중상
2018070600100117,2018년 7월 6일 08시,금요일,전라남도 영광군 백수읍,중상사고,0,1,1,0,차대차 - 추돌,안전운전불이행,젖음/습기,흐림,교차로 - 교차로안,화물,여,51세,상해없음,승용,여,63세,경상
2018070600100134,2018년 7월 6일 09시,금요일,전라남도 여수시 학동,경상사고,0,0,1,0,차대사람 - 차도통행중,보행자보호의무위반,젖음/습기,비,교차로 - 교차로안,승용,여,52세,상해없음,보행자,여,40세,경상
2018070600100135,2018년 7월 6일 09시,금요일,전라남도 순천시 매곡동,중상사고,0,1,0,0,차대차 - 기타,직진우회전진행방해,건조,맑음,교차로 - 교차로안,화물,남,55세,상해없음,자전거,남,79세,중상
2018070600100167,2018년 7월 6일 10시,금요일,전라남도 목포시 무안동,경상사고,0,0,1,0,차대사람 - 차도통행중,안전운전불이행,건조,맑음,단일로 - 기타,기타불명,기타불명,미분류,기타불명,보행자,남,71세,경상
2018070600100168,2018년 7월 6일 10시,금요일,전라남도 나주시 영산동,중상사고,0,1,1,0,차대차 - 측면충돌,신호위반,젖음/습기,비,교차로 - 교차로안,화물,남,25세,경상,화물,남,50세,중상
2018070600100197,2018년 7월 6일 11시,금요일,전라남도 여수시 봉산동,중상사고,0,1,0,0,차대사람 - 횡단중,중앙선침범,젖음/습기,비,단일로 - 기타,승용,남,34세,상해없음,보행자,여,76세,중상
2018070600100198,2018년 7월 6일 11시,금요일,전라남도 여수시 학동,경상사고,0,0,1,0,차대차 - 측면충돌,중앙선침범,젖음/습기,비,교차로 - 교차로안,승용,남,31세,상해없음,이륜,여,55세,경상
2018070600100199,2018년 7월 6일 11시,금요일,전라남도 담양군 창평면,경상사고,0,0,1,0,차량단독 - 기타,안전운전불이행,건조,맑음,단일로 - 기타,원동기,남,79세,경상,,,,
2018070600100231,2018년 7월 6일 12시,금요일,전라남도 순천시 조곡동,경상사고,0,0,1,0,차대차 - 기타,안전운전불이행,건조,맑음,단일로 - 기타,승용,여,57세,상해없음,승용,남,48세,경상
2018070600100250,2018년 7월 6일 13시,금요일,전라남도 여수시 웅천동,경상사고,0,0,1,0,차대차 - 후진중충돌,안전운전불이행,건조,맑음,교차로 - 교차로안,승용,여,55세,상해없음,승용,여,31세,경상
2018070600100251,2018년 7월 6일 13시,금요일,전라남도 순천시 조례동,경상사고,0,0,2,0,차대차 - 측면충돌,신호위반,건조,맑음,교차로 - 교차로안,승용,남,68세,경상,승용,남,30세,경상
2018070600100252,2018년 7월 6일 13시,금요일,전라남도 해남군 옥천면,경상사고,0,0,1,0,차대차 - 측면충돌,안전운전불이행,건조,맑음,단일로 - 기타,승용,남,54세,상해없음,화물,남,49세,경상
2018070600100286,2018년 7월 6일 14시,금요일,전라남도 목포시 산정동,중상사고,0,1,0,0,차대차 - 측면충돌,교차로운행방법위반,건조,맑음,교차로 - 교차로안,이륜,남,74세,중상,승용,여,62세,상해없음
2018070600100287,2018년 7월 6일 14시,금요일,전라남도 순천시 풍덕동,경상사고,0,0,1,0,차대차 - 기타,안전운전불이행,건조,맑음,교차로 - 교차로부근,승용,남,49세,상해없음,승용,여,41세,상해없음
2018070600100288,2018년 7월 6일 14시,금요일,전라남도 순천시 인월동,경상사고,0,0,1,0,차대차 - 추돌,안전거리미확보,건조,맑음,교차로 - 교차로부근,승용,남,55세,상해없음,승용,남,62세,경상
2018070600100316,2018년 7월 6일 15시,금요일,전라남도 여수시 광무동,경상사고,0,0,1,0,차대사람 - 기타,안전운전불이행,건조,맑음,단일로 - 기타,승용,여,61세,상해없음,보행자,남,69세,경상
2018070600100358,2018년 7월 6일 16시,금요일,전라남도 여수시 신기동,경상사고,0,0,1,0,차대사람 - 횡단중,안전운전불이행,건조,흐림,교차로 - 교차로안,승용,남,55세,상해없음,보행자,남,66세,경상
2018070600100359,2018년 7월 6일 16시,금요일,전라남도 순천시 매곡동,경상사고,0,0,1,0,차대차 - 기타,안전운전불이행,건조,맑음,단일로 - 기타,승용,남,53세,상해없음,승용,남,48세,경상
2018070600100360,2018년 7월 6일 16시,금요일,전라남도 고흥군 포두면,중상사고,0,1,1,0,차대차 - 측면충돌,안전운전불이행,건조,맑음,단일로 - 기타,화물,남,55세,상해없음,승용,남,36세,경상
2018070600100412,2018년 7월 6일 17시,금요일,전라남도 목포시 산정동,경상사고,0,0,1,0,차대차 - 측면충돌,신호위반,건조,맑음,교차로 - 교차로안,승용,남,62세,상해없음,이륜,여,54세,경상
2018070600100457,2018년 7월 6일 18시,금요일,전라남도 광양시 광양읍,경상사고,0,0,1,0,차대차 - 추돌,안전거리미확보,건조,흐림,교차로 - 교차로부근,화물,남,54세,상해없음,승용,남,55세,경상
2018070600100546,2018년 7월 6일 21시,금요일,전라남도 목포시 산정동,경상사고,0,0,3,0,차대차 - 추돌,안전운전불이행,건조,맑음,단일로 - 기타,승합,남,57세,상해없음,승용,남,36세,경상
2018070600100547,2018년 7월 6일 21시,금요일,전라남도 나주시 관정동,경상사고,0,0,3,0,차대차 - 추돌,안전운전불이행,건조,맑음,단일로 - 기타,승용,남,40세,경상,건설기계,남,51세,상해없음
2018070600100548,2018년 7월 6일 21시,금요일,전라남도 나주시 금천면,중상사고,0,1,1,0,차대차 - 추돌,안전운전불이행,건조,맑음,단일로 - 기타,승용,남,25세,상해없음,이륜,남,29세,중상
2018070600100549,2018년 7월 6일 21시,금요일,전라남도 담양군 담양읍,중상사고,0,1,0,0,차대차 - 기타,직진우회전진행방해,건조,맑음,교차로 - 교차로안,승용,남,36세,상해없음,이륜,남,52세,중상