사고번호,사고일시,요일,시군구,사고내용,사망자수,중상자수,경상자수,부상신고자수,사고유형,법규위반,노면상태,기상상태,도로형태,가해운전자 차종,가해운전자 성별,가해운전자 연령,가해운전자 상해정도,피해운전자 차종,피해운전자 성별,피해운전자 연령,피해운전자 상해정도
2018071100100510,2018년 7월 11일 19시,수요일,전라남도 영암군 신북면,경상사고,0,0,1,0,차량단독 - 공작물충돌,안전운전불이행,건조,맑음,단일로 - 기타,화물,남,66세,경상,,,,
2018071100100511,2018년 7월 11일 19시,수요일,전라남도 광양시 광양읍,경상사고,0,0,1,0,차대사람 - 기타,안전운전불이행,건조,맑음,단일로 - 기타,승용,남,36세,상해없음,보행자,남,58세,경상
2018071100100577,2018년 7월 11일 21시,수요일,전라남도 목포시 옥암동,경상사고,0,0,2,0,차대차 - 기타,안전운전불이행,건조,맑음,단일로 - 기타,승용,남,29세,상해없음,승용,남,25세,경상
2018071100100628,2018년 7월 11일 23시,수요일,전라남도 목포시 상동,중상사고,0,1,0,0,차대차 - 기타,교차로운행방법위반,건조,맑음,교차로 - 교차로안,승용,남,29세,상해없음,승용,여,26세,중상
2018071200100020,2018년 7월 12일 00시,목요일,전라남도 순천시 해룡면,중상사고,0,1,0,0,차대사람 - 횡단중,보행자보호의무위반,건조,맑음,교차로 - 교차로안,승용,남,45세,상해없음,보행자,남,39세,중상
2018071200100021,2018년 7월 12일 00시,목요일,전라남도 나주시 금천면,경상사고,0,0,1,0,차대차 - 추돌,안전운전불이행,건조,맑음,교차로 - 교차로부근,승용,남,37세,상해없음,승용,남,29세,경상
2018071200100064,2018년 7월 12일 05시,목요일,전라남도 영암군 학산면,중상사고,0,1,1,0,차대차 - 기타,안전운전불이행,건조,맑음,교차로 - 교차로안,승용,여,56세,중상,화물,남,46세,경상
2018071200100090,2018년 7월 12일 07시,목요일,전라남도 함평군 함평읍,경상사고,0,0,1,0,차대차 - 측면충돌,신호위반,건조,맑음,교차로 - 교차로안,화물,남,69세,상해없음,승용,남,44세,경상
2018071200100091,2018년 7월 12일 07시,목요일,전라남도 영암군 미암면,경상사고,0,0,2,0,차대차 - 추돌,안전운전불이행,건조,맑음,교차로 - 교차로부근,화물,남,32세,경상,화물,남,64세,경상
2018071200100124,2018년 7월 12일 08시,목요일,전라남도 나주시 빛가람동,경상사고,0,0,1,0,차대사람 - 기타,안전운전불이행,건조,맑음,단일로 - 기타,승용,남,64세,상해없음,보행자,여,13세,경상
2018071200100160,2018년 7월 12일 09시,목요일,전라남도 목포시 용해동,경상사고,0,0,3,0,차대차 - 측면충돌,차로위반,건조,맑음,교차로 - 교차로부근,화물,남,63세,경상,승용,여,61세,경상
2018071200100217,2018년 7월 12일 11시,목요일,전라남도 강진군 마량면,사망사고,1,1,1,0,차대차 - 정면충돌,중앙선침범,건조,맑음,단일로 - 기타,승용,남,79세,사망,화물,남,59세,경상
2018071200100218,2018년 7월 12일 11시,목요일,전라남도 광양시 태인동,경상사고,0,0,2,0,차대차 - 추돌,안전거리미확보,건조,맑음,교차로 - 교차로부근,특수,남,26세,상해없음,승용,여,61세,경상
2018071200100249,2018년 7월 12일 12시,목요일,전라남도 영암군 삼호읍,경상사고,0,0,1,0,차량단독 - 공작물충돌,안전운전불이행,건조,맑음,교차로 - 교차로부근,승용,여,27세,경상,,,,
2018071200100275,2018년 7월 12일 13시,목요일,전라남도 순천시 해룡면,경상사고,0,0,1,0,차대차 - 기타,안전거리미확보,건조,맑음,단일로 - 기타,승용,남,20세,상해없음,기타불명,여,33세,경상
2018071200100386,2018년 7월 12일 16시,목요일,전라남도 여수시 국동,중상사고,0,1,1,0,차대차 - 측면충돌,신호위반,건조,맑음,교차로 - 교차로안,이륜,남,16세,경상,승용,남,38세,상해없음
2018071200100387,2018년 7월 12일 16시,목요일,전라남도 순천시 왕지동,경상사고,0,0,1,0,차대차 - 측면충돌,안전운전불이행,건조,맑음,교차로 - 교차로안,승용,여,54세,상해없음,승용,남,59세,상해없음
2018071200100419,2018년 7월 12일 17시,목요일,전라남도 목포시 산정동,경상사고,0,0,1,0,차대차 - 기타,안전운전불이행,건조,맑음,단일로 - 기타,승용,여,36세,상해없음,승용,여,35세,상해없음
2018071200100463,2018년 7월 12일 18시,목요일,전라남도 목포시 중앙동1가,경상사고,0,0,7,0,차대차 - 측면충돌,직진우회전진행방해,건조,맑음,교차로 - 교차로안,승용,여,39세,경상,승용,남,54세,경상
2018071200100464,2018년 7월 12일 18시,목요일,전라남도 목포시 상동,경상사고,0,0,1,0,차대차 - 측면충돌,안전운전불이행,건조,맑음,단일로 - 기타,승용,남,57세,상해없음,이륜,남,43세,경상
2018071200100465,2018년 7월 12일 18시,목요일,전라남도 순천시 인월동,경상사고,0,0,1,0,차대차 - 측면충돌,신호위반,건조,맑음,교차로 - 교차로부근,승용,여,38세,기타불명,승용,남,36세,경상
2018071200100467,2018년 7월 12일 18시,목요일,전라남도 광양시 금호동,경상사고,0,0,1,0,차대사람 - 횡단중,신호위반,건조,맑음,단일로 - 기타,승용,남,45세,상해없음,보행자,여,16세,경상
2018071200100529,2018년 7월 12일 20시,목요일,전라남도 목포시 상동,경상사고,0,0,2,0,차대차 - 측면충돌,안전운전불이행,건조,맑음,교차로 - 교차로안,승용,남,31세,상해없음,승용,여,34세,경상
2018071200100559,2018년 7월 12일 21시,목요일,전라남도 광양시 진월면,경상사고,0,0,1,0,차대차 - 측면충돌,교차로운행방법위반,건조,맑음,교차로 - 교차로안,승용,남,63세,상해없음,승용,남,52세,경상
2018071200100578,2018년 7월 12일 22시,목요일,전라남도 나주시 봉황면,경상사고,0,0,3,0,차대차 - 추돌,안전운전불이행,건조,맑음,단일로 - 기타,승용,남,55세,상해없음,화물,남,23세,경상
2018071200100602,2018년 7월 12일 23시,목요일,전라남도 완도군 보길면,중상사고,0,1,1,0,차량단독 - 공작물충돌,안전운전불이행,건조,맑음,단일로 - 기타,이륜,남,23세,중상,,,,
2018071300100019,2018년 7월 13일 01시,금요일,전라남도 여수시 화양면,사망사고,1,0,0,0,차대사람 - 차도통행중,안전운전불이행,건조,맑음,단일로 - 기타,화물,남,57세,상해없음,보행자,남,56세,사망
2018071300100036,2018년 7월 13일 03시,금요일,전라남도 여수시 둔덕동,부상신고사고,0,0,0,1,차대차 - 측면충돌,안전운전불이행,건조,맑음,교차로 - 교차로부근,승합,남,68세,상해없음,승용,남,51세,부상신고
2018071300100037,2018년 7월 13일 03시,금요일,전라남도 여수시 선원동,경상사고,0,0,4,0,차대차 - 기타,안전운전불이행,건조,맑음,기타 - 기타,승용,남,21세,상해없음,승용,남,34세,경상
2018071300100050,2018년 7월 13일 05시,금요일,전라남도 광양시 광양읍,경상사고,0,0,1,0,차대차 - 측면충돌,교차로운행방법위반,건조,맑음,교차로 - 교차로안,이륜,여,55세,경상,승용,남,64세,상해없음
2018071300100065,2018년 7월 13일 06시,금요일,전라남도 함평군 엄다면,중상사고,0,1,0,0,차대차 - 측면충돌,직진우회전진행방해,건조,맑음,교차로 - 교차로안,화물,남,58세,상해없음,자전거,남,63세,중상
2018071300100120,2018년 7월 13일 08시,금요일,전라남도 영암군 삼호읍,경상사고,0,0,1,0,차대사람 - 횡단중,안전운전불이행,건조,맑음,교차로 - 교차로횡단보도내,승용,여,35세,상해없음,보행자,여,17세,경상
2018071300100173,2018년 7월 13일 09시,금요일,전라남도 영암군 삼호읍,경상사고,0,0,2,0,차대차 - 측면충돌,안전운전불이행,건조,맑음,교차로 - 교차로안,승용,남,43세,경상,화물,남,74세,경상
2018071300100202,2018년 7월 13일 10시,금요일,전라남도 목포시 옥암동,경상사고,0,0,3,0,차대차 - 기타,직진우회전진행방해,건조,맑음,교차로 - 교차로안,승용,남,21세,상해없음,승용,여,42세,경상
2018071300100228,2018년 7월 13일 11시,금요일,전라남도 여수시 신기동,경상사고,0,0,1,0,차대차 - 측면충돌,중앙선침범,건조,맑음,단일로 - 기타,승용,남,68세,상해없음,원동기,남,35세,경상
2018071300100229,2018년 7월 13일 11시,금요일,전라남도 여수시 서교동,중상사고,0,1,0,0,차대사람 - 횡단중,신호위반,건조,맑음,단일로 - 기타,화물,남,65세,상해없음,보행자,여,52세,중상
2018071300100230,2018년 7월 13일 11시,금요일,전라남도 무안군 청계면,경상사고,0,0,4,0,차대차 - 측면충돌,신호위반,건조,맑음,교차로 - 교차로안,승용,남,41세,상해없음,화물,남,33세,경상
2018071300100254,2018년 7월 13일 12시,금요일,전라남도 여수시 둔덕동,경상사고,0,0,2,0,차대차 - 측면충돌,신호위반,건조,맑음,교차로 - 교차로안,승용,남,62세,상해없음,승용,남,65세,경상
2018071300100255,2018년 7월 13일 12시,금요일,전라남도 여수시 율촌면,중상사고,0,1,0,0,차대차 - 측면충돌,안전운전불이행,건조,맑음,교차로 - 교차로안,승용,남,26세,상해없음,원동기,여,55세,중상
2018071300100256,2018년 7월 13일 12시,금요일,전라남도 여수시 신기동,경상사고,0,0,1,0,차대사람 - 횡단중,안전운전불이행,건조,맑음,교차로 - 교차로부근,승용,남,22세,상해없음,보행자,여,43세,경상
2018071300100257,2018년 7월 13일 12시,금요일,전라남도 순천시 연향동,경상사고,0,0,1,0,차대차 - 기타,안전운전불이행,건조,맑음,교차로 - 교차로안,자전거,남,90세 이상,경상,승용,남,26세,상해없음
2018071300100285,2018년 7월 13일 13시,금요일,전라남도 순천시 서면,경상사고,0,0,1,0,차대차 - 기타,안전운전불이행,건조,맑음,단일로 - 기타,건설기계,남,48세,상해없음,특수,남,26세,경상
2018071300100414,2018년 7월 13일 17시,금요일,전라남도 곡성군 옥과면,경상사고,0,0,1,0,차대차 - 측면충돌,직진우회전진행방해,건조,맑음,교차로 - 교차로안,승용,남,38세,경상,승용,여,32세,상해없음
2018071300100481,2018년 7월 13일 18시,금요일,전라남도 목포시 상동,경상사고,0,0,2,0,차대차 - 기타,안전운전불이행,건조,맑음,단일로 - 기타,승용,남,30세,상해없음,승용,남,40세,경상
2018071300100482,2018년 7월 13일 18시,금요일,전라남도 목포시 산정동,경상사고,0,0,3,0,차대차 - 기타,신호위반,건조,맑음,교차로 - 교차로안,승용,남,52세,경상,승용,남,64세,경상
2018071300100522,2018년 7월 13일 19시,금요일,전라남도 목포시 산정동,경상사고,0,0,1,0,차대차 - 추돌,안전운전불이행,건조,맑음,단일로 - 기타,화물,남,57세,상해없음,승합,여,51세,경상
2018071300100523,2018년 7월 13일 19시,금요일,전라남도 여수시 중앙동,경상사고,0,0,1,0,차대사람 - 횡단중,안전운전불이행,건조,맑음,단일로 - 기타,승용,남,59세,상해없음,보행자,여,49세,경상
2018071300100524,2018년 7월 13일 19시,금요일,전라남도 나주시 송월동,경상사고,0,0,2,0,차대차 - 측면충돌,안전운전불이행,건조,맑음,교차로 - 교차로부근,승용,남,59세,상해없음,승합,여,57세,경상
2018071300100559,2018년 7월 13일 20시,금요일,전라남도 나주시 남평읍,부상신고사고,0,0,0,1,차대사람 - 횡단중,안전운전불이행,건조,맑음,단일로 - 기타,승용,여,44세,상해없음,보행자,남,6세,부상신고
2018071300100597,2018년 7월 13일 21시,금요일,전라남도 여수시 서교동,경상사고,0,0,1,0,차대사람 - 횡단중,안전운전불이행,건조,맑음,단일로 - 기타,승합,남,53세,상해없음,보행자,여,69세,경상
2018071300100598,2018년 7월 13일 21시,금요일,전라남도 광양시 봉강면,부상신고사고,0,0,0,1,차량단독 - 공작물충돌,안전운전불이행,건조,맑음,단일로 - 기타,이륜,남,58세,부상신고,,,,
2018071300100652,2018년 7월 13일 23시,금요일,전라남도 순천시 용당동,중상사고,0,1,1,0,차대차 - 측면충돌,안전운전불이행,건조,맑음,단일로 - 기타,승용,남,21세,경상,승용,남,59세,상해없음
2018071400100009,2018년 7월 14일 00시,토요일,전라남도 무안군 무안읍,경상사고,0,0,2,0,차대사람 - 기타,안전운전불이행,건조,맑음,단일로 - 기타,화물,남,47세,상해없음,보행자,여,34세,경상
2018071400100024,2018년 7월 14일 01시,토요일,전라남도 목포시 호남동,경상사고,0,0,2,0,차대차 - 기타,직진우회전진행방해,건조,맑음,교차로 - 교차로안,승용,여,50세,경상,승용,남,41세,경상
2018071400100039,2018년 7월 14일 02시,토요일,전라남도 순천시 조례동,경상사고,0,0,3,0,차대차 - 측면충돌,직진우회전진행방해,건조,맑음,교차로 - 교차로안,승용,남,21세,경상,승용,남,74세,경상
2018071400100040,2018년 7월 14일 02시,토요일,전라남도 영광군 군서면,경상사고,0,0,3,0,차량단독 - 공작물충돌,안전운전불이행,건조,맑음,교차로 - 교차로부근,승용,남,26세,경상,,,,
2018071400100061,2018년 7월 14일 04시,토요일,전라남도 장흥군 장흥읍,부상신고사고,0,0,0,1,차량단독 - 전도전복 - 전복,안전운전불이행,건조,맑음,단일로 - 기타,승용,남,36세,부상신고,미분류,미분류,미분류,미분류
2018071400100078,2018년 7월 14일 06시,토요일,전라남도 신안군 압해읍,경상사고,0,0,1,0,차대차 - 추돌,안전운전불이행,건조,맑음,단일로 - 기타,승용,남,27세,경상,승용,남,52세,상해없음
2018071400100079,2018년 7월 14일 06시,토요일,전라남도 장성군 장성읍,경상사고,0,0,1,0,차대차 - 추돌,안전운전불이행,건조,맑음,단일로 - 기타,승용,남,64세,상해없음,화물,남,61세,경상
2018071400100119,2018년 7월 14일 08시,토요일,전라남도 영암군 삼호읍,경상사고,0,0,4,0,차대차 - 측면충돌,신호위반,건조,맑음,교차로 - 교차로안,화물,남,32세,경상,승용,남,25세,경상
2018071400100120,2018년 7월 14일 08시,토요일,전라남도 강진군 강진읍,경상사고,0,0,1,0,차대차 - 측면충돌,직진우회전진행방해,건조,맑음,교차로 - 교차로안,화물,남,55세,상해없음,승용,남,37세,경상
2018071400100144,2018년 7월 14일 09시,토요일,전라남도 영암군 학산면,중상사고,0,1,0,0,차대사람 - 차도통행중,안전운전불이행,건조,맑음,단일로 - 기타,화물,남,59세,상해없음,보행자,여,75세,중상
2018071400100145,2018년 7월 14일 09시,토요일,전라남도 광양시 광양읍,경상사고,0,0,2,0,차대차 - 측면충돌,안전운전불이행,건조,맑음,교차로 - 교차로부근,승용,여,61세,상해없음,원동기,남,83세,경상
2018071400100146,2018년 7월 14일 09시,토요일,전라남도 광양시 금호동,경상사고,0,0,4,0,차대차 - 측면충돌,차로위반,건조,맑음,단일로 - 기타,화물,남,48세,경상,승용,남,61세,경상
2018071400100175,2018년 7월 14일 10시,토요일,전라남도 보성군 복내면,부상신고사고,0,0,0,1,차량단독 - 전도전복 - 전도,안전운전불이행,건조,맑음,단일로 - 기타,원동기,남,82세,부상신고,미분류,미분류,미분류,미분류
2018071400100176,2018년 7월 14일 10시,토요일,전라남도 강진군 강진읍,경상사고,0,0,3,0,차대차 - 측면충돌,교차로운행방법위반,건조,맑음,교차로 - 교차로안,승용,남,47세,경상,승용,남,63세,상해없음
2018071400100177,2018년 7월 14일 10시,토요일,전라남도 곡성군 곡성읍,경상사고,0,0,1,0,차량단독 - 공작물충돌,안전운전불이행,건조,맑음,단일로 - 기타,화물,남,77세,경상,,,,
2018071400100178,2018년 7월 14일 10시,토요일,전라남도 완도군 완도읍,사망사고,1,0,0,0,차량단독 - 전도전복 - 전도,안전운전불이행,건조,맑음,단일로 - 기타,화물,여,40세,사망,미분류,미분류,미분류,미분류
2018071400100179,2018년 7월 14일 10시,토요일,전라남도 광양시 광양읍,경상사고,0,0,2,0,차대차 - 기타,직진우회전진행방해,건조,맑음,교차로 - 교차로안,화물,남,68세,경상,승용,여,42세,경상
2018071400100211,2018년 7월 14일 11시,토요일,전라남도 완도군 고금면,경상사고,0,0,4,0,차대차 - 기타,중앙선침범,건조,맑음,교차로 - 교차로부근,화물,남,58세,상해없음,승용,남,46세,경상
2018071400100251,2018년 7월 14일 12시,토요일,전라남도 목포시 산정동,경상사고,0,0,2,0,차대차 - 기타,안전거리미확보,건조,맑음,단일로 - 기타,승용,남,60세,상해없음,승용,남,22세,경상
2018071400100252,2018년 7월 14일 12시,토요일,전라남도 여수시 덕충동,경상사고,0,0,2,0,차대차 - 추돌,안전운전불이행,건조,맑음,단일로 - 기타,화물,남,59세,상해없음,승용,여,56세,경상
2018071400100362,2018년 7월 14일 15시,토요일,전라남도 여수시 교동,경상사고,0,0,1,0,차대차 - 측면충돌,교차로운행방법위반,건조,맑음,교차로 - 교차로안,승용,남,31세,상해없음,원동기,남,42세,경상
2018071400100363,2018년 7월 14일 15시,토요일,전라남도 여수시 주삼동,경상사고,0,0,3,0,차대차 - 추돌,안전운전불이행,건조,맑음,단일로 - 기타,승용,여,31세,상해없음,승용,남,42세,경상
2018071400100364,2018년 7월 14일 15시,토요일,전라남도 순천시 해룡면,경상사고,0,0,1,0,차대차 - 측면충돌,안전운전불이행,건조,맑음,단일로 - 기타,건설기계,남,58세,상해없음,승용,남,31세,경상
2018071400100365,2018년 7월 14일 15시,토요일,전라남도 순천시 연향동,경상사고,0,0,5,0,차대차 - 정면충돌,중앙선침범,건조,맑음,교차로 - 교차로부근,승용,남,40세,상해없음,승용,여,46세,경상
2018071400100366,2018년 7월 14일 15시,토요일,전라남도 영암군 신북면,중상사고,0,1,0,0,차대차 - 정면충돌,안전운전불이행,건조,맑음,교차로 - 교차로안,이륜,남,35세,중상,승용,여,39세,상해없음
2018071400100404,2018년 7월 14일 16시,토요일,전라남도 목포시 산정동,경상사고,0,0,2,0,차대차 - 측면충돌,안전운전불이행,건조,맑음,단일로 - 기타,승용,남,50세,상해없음,승용,여,34세,경상
2018071400100461,2018년 7월 14일 17시,토요일,전라남도 목포시 대안동,경상사고,0,0,1,0,차대차 - 측면충돌,안전운전불이행,건조,맑음,단일로 - 기타,승용,남,71세,상해없음,승용,여,57세,경상
2018071400100462,2018년 7월 14일 17시,토요일,전라남도 나주시 세지면,사망사고,1,0,0,0,차량단독 - 도로외이탈 - 추락,안전운전불이행,건조,맑음,교차로 - 교차로안,이륜,남,75세,사망,,,,
2018071400100463,2018년 7월 14일 17시,토요일,전라남도 광양시 옥룡면,경상사고,0,0,1,0,차대차 - 기타,안전운전불이행,건조,맑음,단일로 - 기타,승용,남,27세,상해없음,승용,남,27세,경상
2018071400100491,2018년 7월 14일 18시,토요일,전라남도 구례군 구례읍,부상신고사고,0,0,0,1,차대사람 - 길가장자리구역통행중,안전운전불이행,건조,맑음,단일로 - 기타,화물,여,63세,상해없음,보행자,남,52세,부상신고
2018071400100523,2018년 7월 14일 19시,토요일,전라남도 순천시 연향동,경상사고,0,0,4,0,차대차 - 측면충돌,신호위반,건조,맑음,교차로 - 교차로안,승용,남,39세,경상,승용,남,34세,경상
2018071400100595,2018년 7월 14일 21시,토요일,전라남도 나주시 남내동,경상사고,0,0,1,0,차대차 - 기타,안전운전불이행,건조,맑음,단일로 - 기타,이륜,남,22세,경상,이륜,남,18세,상해없음
2018071400100625,2018년 7월 14일 22시,토요일,전라남도 순천시 중앙동,경상사고,0,0,3,0,차대차 - 측면충돌,직진우회전진행방해,건조,맑음,교차로 - 교차로안,승용,남,38세,상해없음,화물,남,53세,경상
2018071400100646,2018년 7월 14일 23시,토요일,전라남도 순천시 연향동,경상사고,0,0,1,3,차대차 - 측면충돌,안전운전불이행,건조,맑음,단일로 - 기타,승용,남,26세,상해없음,승용,여,18세,경상
2018071500100051,2018년 7월 15일 04시,일요일,전라남도 여수시 시전동,중상사고,0,1,1,0,차대차 - 추돌,안전운전불이행,건조,맑음,단일로 - 기타,승용,남,32세,중상,화물,남,71세,경상
2018071500100061,2018년 7월 15일 05시,일요일,전라남도 목포시 상동,경상사고,0,0,2,0,차대차 - 기타,안전운전불이행,건조,맑음,교차로 - 교차로안,승용,남,26세,상해없음,승용,남,40세,경상
2018071500100095,2018년 7월 15일 08시,일요일,전라남도 보성군 미력면,경상사고,0,0,1,0,차대차 - 측면충돌,직진우회전진행방해,건조,맑음,교차로 - 교차로안,승용,여,36세,상해없음,이륜,남,64세,경상
2018071500100128,2018년 7월 15일 10시,일요일,전라남도 화순군 북면,중상사고,0,1,0,0,차대차 - 측면충돌,직진우회전진행방해,건조,맑음,교차로 - 교차로안,이륜,남,80세,중상,승용,남,64세,상해없음
2018071500100156,2018년 7월 15일 11시,일요일,전라남도 영암군 서호면,경상사고,0,0,3,0,차대차 - 기타,기타,건조,맑음,단일로 - 기타,화물,남,52세,상해없음,승용,남,39세,경상
2018071500100157,2018년 7월 15일 11시,일요일,전라남도 광양시 광양읍,중상사고,0,1,0,0,차량단독 - 기타,안전운전불이행,건조,맑음,단일로 - 기타,승용,남,51세,상해없음,,,,
2018071500100178,2018년 7월 15일 12시,일요일,전라남도 장성군 북하면,경상사고,0,0,5,1,차대차 - 기타,중앙선침범,건조,맑음,단일로 - 기타,화물,남,66세,부상신고,승용,남,32세,경상
2018071500100179,2018년 7월 15일 12시,일요일,전라남도 구례군 토지면,중상사고,0,1,0,0,차대차 - 정면충돌,과속,건조,맑음,교차로 - 교차로안,이륜,남,32세,중상,승용,여,46세,상해없음
2018071500100208,2018년 7월 15일 13시,일요일,전라남도 목포시 항동,경상사고,0,0,1,0,차대사람 - 횡단중,보행자보호의무위반,건조,맑음,단일로 - 기타,승용,남,44세,상해없음,보행자,여,9세,경상
2018071500100209,2018년 7월 15일 13시,일요일,전라남도 여수시 돌산읍,경상사고,0,0,1,0,차대사람 - 기타,안전운전불이행,건조,맑음,단일로 - 기타,화물,남,59세,상해없음,보행자,여,63세,경상
2018071500100210,2018년 7월 15일 13시,일요일,전라남도 나주시 보산동,중상사고,0,2,1,0,차대차 - 측면충돌,불법유턴,건조,맑음,단일로 - 기타,승용,여,42세,상해없음,승용,여,49세,중상
2018071500100211,2018년 7월 15일 13시,일요일,전라남도 영암군 신북면,경상사고,0,0,4,0,차대차 - 측면충돌,안전거리미확보,건조,맑음,교차로 - 교차로부근,화물,남,76세,상해없음,승용,남,25세,경상
2018071500100212,2018년 7월 15일 13시,일요일,전라남도 담양군 담양읍,경상사고,0,0,3,0,차대차 - 추돌,안전운전불이행,건조,맑음,단일로 - 기타,승용,여,37세,상해없음,승용,남,37세,경상
2018071500100242,2018년 7월 15일 14시,일요일,전라남도 순천시 주암면,경상사고,0,0,1,0,차대차 - 기타,기타,건조,맑음,교차로 - 교차로안,승용,남,52세,상해없음,승용,여,52세,경상
2018071500100243,2018년 7월 15일 14시,일요일,전라남도 영광군 영광읍,중상사고,0,1,0,0,차대사람 - 차도통행중,안전운전불이행,건조,맑음,단일로 - 기타,승용,남,45세,상해없음,보행자,여,39세,중상
2018071500100297,2018년 7월 15일 16시,일요일,전라남도 화순군 화순읍,부상신고사고,0,0,0,1,차대차 - 측면충돌,안전운전불이행,건조,맑음,교차로 - 교차로부근,자전거,남,8세,부상신고,승용,남,35세,상해없음
2018071500100331,2018년 7월 15일 17시,일요일,전라남도 목포시 산정동,중상사고,0,2,2,0,차대차 - 추돌,안전거리미확보,건조,맑음,단일로 - 기타,승합,남,38세,상해없음,승용,남,37세,경상
2018071500100332,2018년 7월 15일 17시,일요일,전라남도 목포시 상동,경상사고,0,0,3,0,차대차 - 기타,교차로운행방법위반,건조,맑음,교차로 - 교차로안,승용,남,79세,경상,승용,남,51세,경상
2018071500100333,2018년 7월 15일 17시,일요일,전라남도 순천시 서면,경상사고,0,0,1,0,차대차 - 추돌,안전거리미확보,건조,맑음,단일로 - 기타,승용,남,38세,상해없음,승용,남,27세,경상
2018071500100334,2018년 7월 15일 17시,일요일,전라남도 완도군 완도읍,경상사고,0,0,1,0,차대차 - 측면충돌,안전운전불이행,건조,맑음,교차로 - 교차로안,화물,남,54세,상해없음,개인형이동수단(PM),남,22세,경상
2018071500100359,2018년 7월 15일 18시,일요일,전라남도 광양시 광양읍,경상사고,0,0,2,0,차대차 - 측면충돌,안전운전불이행,건조,맑음,단일로 - 기타,승용,여,59세,상해없음,승용,여,44세,경상
2018071500100381,2018년 7월 15일 19시,일요일,전라남도 해남군 황산면,경상사고,0,0,1,0,차대차 - 기타,안전운전불이행,건조,맑음,교차로 - 교차로안,원동기,남,57세,경상,승용,남,50세,상해없음
2018071500100432,2018년 7월 15일 21시,일요일,전라남도 목포시 산정동,중상사고,0,1,0,0,차대차 - 기타,신호위반,건조,맑음,교차로 - 교차로안,승용,여,56세,상해없음,자전거,남,63세,중상
2018071500100433,2018년 7월 15일 21시,일요일,전라남도 광양시 광영동,경상사고,0,0,1,0,차대사람 - 기타,안전운전불이행,건조,맑음,교차로 - 교차로부근,승용,남,56세,상해없음,보행자,남,62세,경상
2018071600100051,2018년 7월 16일 06시,월요일,전라남도 여수시 둔덕동,경상사고,0,0,1,0,차대차 - 추돌,안전운전불이행,건조,맑음,단일로 - 기타,승용,남,48세,상해없음,승용,여,66세,경상
2018071600100121,2018년 7월 16일 08시,월요일,전라남도 장성군 장성읍,경상사고,0,0,2,0,차대차 - 측면충돌,교차로운행방법위반,건조,맑음,교차로 - 교차로안,승용,여,50세,경상,승용,남,43세,경상
2018071600100158,2018년 7월 16일 09시,월요일,전라남도 목포시 용해동,경상사고,0,0,4,0,차대차 - 측면충돌,안전운전불이행,건조,맑음,교차로 - 교차로안,승용,여,44세,경상,승용,남,57세,경상
2018071600100159,2018년 7월 16일 09시,월요일,전라남도 목포시 산정동,경상사고,0,0,3,0,차대차 - 기타,신호위반,건조,맑음,교차로 - 교차로안,화물,남,57세,상해없음,승용,남,69세,경상
2018071600100160,2018년 7월 16일 09시,월요일,전라남도 완도군 군외면,경상사고,0,0,1,0,차대사람 - 기타,안전운전불이행,건조,맑음,단일로 - 기타,승용,남,78세,상해없음,보행자,여,71세,경상
2018071600100161,2018년 7월 16일 09시,월요일,전라남도 광양시 중동,경상사고,0,0,2,0,차대차 - 측면충돌,교차로운행방법위반,건조,맑음,교차로 - 교차로안,승용,여,51세,경상,승합,남,36세,경상
2018071600100195,2018년 7월 16일 10시,월요일,전라남도 장성군 북일면,중상사고,0,1,0,0,차대차 - 추돌,안전운전불이행,건조,맑음,교차로 - 교차로부근,화물,남,34세,상해없음,이륜,남,77세,중상
2018071600100227,2018년 7월 16일 11시,월요일,전라남도 목포시 옥암동,경상사고,0,0,1,0,차대차 - 측면충돌,안전거리미확보,건조,맑음,단일로 - 기타,승용,남,67세,경상,화물,남,38세,상해없음
2018071600100228,2018년 7월 16일 11시,월요일,전라남도 고흥군 고흥읍,중상사고,0,1,0,0,차대차 - 측면충돌,안전운전불이행,건조,맑음,단일로 - 기타,승용,여,44세,상해없음,농기계,남,81세,중상
2018071600100229,2018년 7월 16일 11시,월요일,전라남도 강진군 마량면,중상사고,0,1,0,0,차량단독 - 전도전복 - 전도,안전운전불이행,건조,맑음,교차로 - 교차로부근,원동기,여,71세,중상,미분류,미분류,미분류,미분류
2018071600100324,2018년 7월 16일 14시,월요일,전라남도 진도군 의신면,중상사고,0,1,1,0,차량단독 - 공작물충돌,안전운전불이행,건조,맑음,단일로 - 기타,화물,남,51세,상해없음,,,,
2018071600100364,2018년 7월 16일 15시,월요일,전라남도 목포시 용당동,경상사고,0,0,2,0,차대차 - 측면충돌,안전운전불이행,건조,맑음,교차로 - 교차로안,승합,남,72세,경상,승용,남,20세,경상
2018071600100365,2018년 7월 16일 15시,월요일,전라남도 곡성군 곡성읍,경상사고,0,0,3,0,차대차 - 측면충돌,직진우회전진행방해,건조,맑음,교차로 - 교차로안,승용,남,69세,상해없음,승합,여,61세,경상
2018071600100366,2018년 7월 16일 15시,월요일,전라남도 완도군 약산면,사망사고,1,0,0,0,차량단독 - 전도전복 - 전도,안전운전불이행,건조,맑음,교차로 - 교차로안,화물,남,51세,사망,미분류,미분류,미분류,미분류