사고번호,사고일시,요일,시군구,사고내용,사망자수,중상자수,경상자수,부상신고자수,사고유형,법규위반,노면상태,기상상태,도로형태,가해운전자 차종,가해운전자 성별,가해운전자 연령,가해운전자 상해정도,피해운전자 차종,피해운전자 성별,피해운전자 연령,피해운전자 상해정도
2018071600100398,2018년 7월 16일 16시,월요일,전라남도 목포시 용당동,중상사고,0,1,0,0,차대차 - 측면충돌,신호위반,건조,맑음,교차로 - 교차로안,승용,남,49세,상해없음,승용,여,27세,중상
2018071600100399,2018년 7월 16일 16시,월요일,전라남도 나주시 대호동,경상사고,0,0,13,1,차대차 - 추돌,안전운전불이행,건조,맑음,단일로 - 기타,화물,남,31세,상해없음,승합,남,60세,경상
2018071600100447,2018년 7월 16일 17시,월요일,전라남도 목포시 연산동,경상사고,0,0,2,0,차대차 - 기타,안전운전불이행,건조,맑음,단일로 - 기타,승용,여,39세,상해없음,승용,남,57세,경상
2018071600100448,2018년 7월 16일 17시,월요일,전라남도 순천시 해룡면,경상사고,0,0,1,0,차대차 - 측면충돌,안전운전불이행,건조,맑음,교차로 - 교차로안,승용,남,26세,상해없음,화물,남,58세,경상
2018071600100501,2018년 7월 16일 18시,월요일,전라남도 나주시 남평읍,중상사고,0,1,0,0,차대차 - 측면충돌,신호위반,건조,맑음,교차로 - 교차로안,이륜,남,53세,중상,승용,남,61세,상해없음
2018071600100543,2018년 7월 16일 19시,월요일,전라남도 나주시 남평읍,경상사고,0,0,3,0,차대차 - 측면충돌,직진우회전진행방해,건조,맑음,교차로 - 교차로안,화물,남,54세,경상,화물,남,55세,경상
2018071700100048,2018년 7월 17일 04시,화요일,전라남도 여수시 문수동,경상사고,0,0,1,0,차대사람 - 횡단중,안전운전불이행,건조,맑음,교차로 - 교차로안,승용,여,30세,상해없음,보행자,남,64세,경상
2018071700100078,2018년 7월 17일 06시,화요일,전라남도 광양시 중동,경상사고,0,0,2,0,차대차 - 측면충돌,신호위반,건조,맑음,교차로 - 교차로안,특수,남,55세,경상,화물,남,57세,경상
2018071700100091,2018년 7월 17일 07시,화요일,전라남도 목포시 죽교동,경상사고,0,0,1,0,차대사람 - 기타,안전운전불이행,건조,맑음,단일로 - 기타,승용,여,33세,상해없음,보행자,남,16세,경상
2018071700100130,2018년 7월 17일 08시,화요일,전라남도 신안군 팔금면,사망사고,1,0,0,0,차대차 - 측면충돌,교차로운행방법위반,건조,맑음,단일로 - 기타,사륜오토바이(ATV),남,87세,사망,화물,남,38세,상해없음
2018071700100131,2018년 7월 17일 08시,화요일,전라남도 여수시 공화동,경상사고,0,0,1,0,차대사람 - 차도통행중,안전운전불이행,건조,맑음,교차로 - 교차로안,승용,여,43세,상해없음,보행자,여,69세,경상
2018071700100132,2018년 7월 17일 08시,화요일,전라남도 화순군 화순읍,중상사고,0,1,1,0,차대차 - 측면충돌,직진우회전진행방해,건조,맑음,교차로 - 교차로안,이륜,남,77세,중상,승용,여,37세,경상
2018071700100133,2018년 7월 17일 08시,화요일,전라남도 함평군 함평읍,경상사고,0,0,1,0,차대차 - 측면충돌,신호위반,건조,맑음,교차로 - 교차로안,자전거,남,80세,경상,승용,여,49세,상해없음
2018071700100134,2018년 7월 17일 08시,화요일,전라남도 영암군 삼호읍,경상사고,0,0,1,0,차대차 - 측면충돌,안전운전불이행,건조,맑음,단일로 - 기타,특수,남,47세,상해없음,승용,남,59세,경상
2018071700100135,2018년 7월 17일 08시,화요일,전라남도 광양시 광양읍,중상사고,0,1,1,0,차대차 - 추돌,안전운전불이행,건조,맑음,교차로 - 교차로부근,승용,남,43세,중상,승용,남,52세,경상
2018071700100172,2018년 7월 17일 09시,화요일,전라남도 순천시 해룡면,경상사고,0,0,1,0,차대차 - 기타,직진우회전진행방해,건조,맑음,교차로 - 교차로안,승용,여,48세,상해없음,승용,남,64세,상해없음
2018071700100173,2018년 7월 17일 09시,화요일,전라남도 나주시 남평읍,경상사고,0,0,1,0,차대차 - 측면충돌,직진우회전진행방해,건조,맑음,교차로 - 교차로안,승용,여,22세,상해없음,사륜오토바이(ATV),여,80세,경상
2018071700100211,2018년 7월 17일 10시,화요일,전라남도 화순군 이양면,경상사고,0,0,2,0,차대차 - 측면충돌,교차로운행방법위반,건조,맑음,교차로 - 교차로안,승용,남,67세,경상,승용,남,69세,경상
2018071700100212,2018년 7월 17일 10시,화요일,전라남도 함평군 대동면,부상신고사고,0,0,0,1,차대차 - 측면충돌,안전운전불이행,건조,맑음,단일로 - 기타,이륜,남,71세,부상신고,화물,남,43세,상해없음
2018071700100248,2018년 7월 17일 11시,화요일,전라남도 목포시 용당동,중상사고,0,1,0,0,차대사람 - 횡단중,안전운전불이행,건조,맑음,교차로 - 교차로횡단보도내,승용,남,68세,상해없음,보행자,남,17세,중상
2018071700100249,2018년 7월 17일 11시,화요일,전라남도 여수시 서교동,경상사고,0,0,2,0,차대차 - 측면충돌,교차로운행방법위반,건조,맑음,교차로 - 교차로안,승용,남,63세,상해없음,승용,남,61세,경상
2018071700100250,2018년 7월 17일 11시,화요일,전라남도 보성군 미력면,중상사고,0,1,0,0,차대사람 - 기타,안전운전불이행,건조,맑음,단일로 - 기타,승용,남,50세,상해없음,보행자,남,30세,중상
2018071700100251,2018년 7월 17일 11시,화요일,전라남도 영광군 영광읍,경상사고,0,0,2,0,차대차 - 측면충돌,기타,건조,맑음,교차로 - 교차로안,승용,남,23세,경상,승용,남,41세,경상
2018071700100252,2018년 7월 17일 11시,화요일,전라남도 장성군 삼서면,중상사고,0,1,0,0,차대차 - 기타,안전운전불이행,건조,맑음,단일로 - 기타,승합,여,58세,상해없음,이륜,남,54세,중상
2018071700100287,2018년 7월 17일 12시,화요일,전라남도 신안군 안좌면,중상사고,0,1,0,0,차대차 - 측면충돌,교차로운행방법위반,건조,맑음,교차로 - 교차로안,승용,남,55세,상해없음,이륜,남,36세,중상
2018071700100288,2018년 7월 17일 12시,화요일,전라남도 여수시 학동,중상사고,0,1,0,0,차대차 - 측면충돌,교차로운행방법위반,건조,맑음,교차로 - 교차로안,승용,남,32세,상해없음,원동기,남,19세,중상
2018071700100289,2018년 7월 17일 12시,화요일,전라남도 고흥군 도양읍,중상사고,0,1,0,0,차대차 - 정면충돌,중앙선침범,건조,맑음,교차로 - 교차로안,승용,남,61세,상해없음,승용,여,56세,중상
2018071700100290,2018년 7월 17일 12시,화요일,전라남도 영암군 시종면,사망사고,1,0,0,0,차량단독 - 도로외이탈 - 추락,안전운전불이행,건조,맑음,단일로 - 기타,승용,여,49세,사망,,,,
2018071700100318,2018년 7월 17일 13시,화요일,전라남도 순천시 월등면,경상사고,0,0,1,0,차대차 - 측면충돌,안전운전불이행,건조,맑음,단일로 - 기타,승용,남,32세,상해없음,화물,남,52세,상해없음
2018071700100319,2018년 7월 17일 13시,화요일,전라남도 곡성군 곡성읍,경상사고,0,0,2,0,차대차 - 추돌,안전운전불이행,건조,맑음,교차로 - 교차로부근,화물,남,64세,상해없음,승용,남,40세,경상
2018071700100345,2018년 7월 17일 14시,화요일,전라남도 순천시 서면,경상사고,0,0,2,0,차대차 - 추돌,안전운전불이행,건조,맑음,단일로 - 기타,화물,남,58세,상해없음,승용,남,50세,경상
2018071700100346,2018년 7월 17일 14시,화요일,전라남도 진도군 진도읍,중상사고,0,1,0,0,차대사람 - 기타,안전운전불이행,건조,맑음,주차장 - 주차장,승용,여,68세,상해없음,보행자,여,70세,중상
2018071700100394,2018년 7월 17일 15시,화요일,전라남도 여수시 화장동,경상사고,0,0,1,0,차대차 - 측면충돌,신호위반,건조,맑음,교차로 - 교차로안,승용,남,60세,상해없음,승용,여,35세,경상
2018071700100395,2018년 7월 17일 15시,화요일,전라남도 장흥군 장흥읍,경상사고,0,0,1,0,차대차 - 측면충돌,신호위반,건조,맑음,교차로 - 교차로안,건설기계,남,36세,상해없음,화물,남,60세,경상
2018071700100440,2018년 7월 17일 16시,화요일,전라남도 목포시 옥암동,경상사고,0,0,2,0,차대차 - 추돌,안전거리미확보,건조,맑음,단일로 - 기타,건설기계,남,48세,상해없음,승용,여,69세,경상
2018071700100441,2018년 7월 17일 16시,화요일,전라남도 순천시 연향동,경상사고,0,0,1,0,차대차 - 측면충돌,직진우회전진행방해,건조,맑음,교차로 - 교차로안,승용,남,53세,상해없음,이륜,남,22세,경상
2018071700100442,2018년 7월 17일 16시,화요일,전라남도 순천시 연향동,중상사고,0,1,0,0,차대사람 - 기타,안전운전불이행,건조,기타,교차로 - 교차로부근,승용,남,48세,상해없음,보행자,남,45세,중상
2018071700100490,2018년 7월 17일 17시,화요일,전라남도 여수시 웅천동,경상사고,0,0,1,0,차대차 - 측면충돌,차로위반,건조,맑음,단일로 - 기타,화물,남,80세,상해없음,이륜,남,30세,경상
2018071700100533,2018년 7월 17일 18시,화요일,전라남도 순천시 조례동,중상사고,0,1,2,0,차대차 - 기타,신호위반,건조,맑음,교차로 - 교차로안,이륜,남,34세,중상,승용,남,19세,경상
2018071700100534,2018년 7월 17일 18시,화요일,전라남도 광양시 중동,경상사고,0,0,3,0,차대차 - 추돌,안전거리미확보,건조,맑음,단일로 - 기타,승용,남,39세,상해없음,승용,남,50세,경상
2018071700100604,2018년 7월 17일 20시,화요일,전라남도 해남군 옥천면,경상사고,0,0,2,0,차대차 - 추돌,안전운전불이행,건조,맑음,단일로 - 기타,화물,남,63세,경상,화물,남,57세,경상
2018071700100605,2018년 7월 17일 20시,화요일,전라남도 담양군 수북면,중상사고,0,1,0,0,차대사람 - 횡단중,과속,건조,맑음,단일로 - 기타,승용,남,65세,상해없음,보행자,남,64세,중상
2018071700100633,2018년 7월 17일 21시,화요일,전라남도 무안군 무안읍,중상사고,0,1,2,0,차대차 - 측면충돌,불법유턴,건조,맑음,단일로 - 기타,승용,여,54세,경상,승용,남,62세,경상
2018071700100664,2018년 7월 17일 22시,화요일,전라남도 여수시 웅천동,경상사고,0,0,1,0,차대차 - 측면충돌,신호위반,건조,맑음,교차로 - 교차로안,승용,여,44세,상해없음,승용,남,37세,경상
2018071700100685,2018년 7월 17일 23시,화요일,전라남도 여수시 학동,경상사고,0,0,2,0,차대차 - 측면충돌,중앙선침범,건조,맑음,교차로 - 교차로부근,승용,남,48세,상해없음,승용,남,35세,경상
2018071800100012,2018년 7월 18일 00시,수요일,전라남도 영광군 군서면,중상사고,0,1,1,0,차량단독 - 공작물충돌,안전운전불이행,건조,맑음,단일로 - 기타,승용,여,57세,경상,,,,
2018071800100131,2018년 7월 18일 08시,수요일,전라남도 목포시 용해동,중상사고,0,1,1,0,차대차 - 측면충돌,안전운전불이행,건조,맑음,교차로 - 교차로안,승용,남,65세,경상,승용,남,42세,중상
2018071800100132,2018년 7월 18일 08시,수요일,전라남도 고흥군 고흥읍,중상사고,0,1,0,0,차대사람 - 횡단중,보행자보호의무위반,건조,맑음,단일로 - 기타,화물,남,63세,상해없음,보행자,남,55세,중상
2018071800100166,2018년 7월 18일 09시,수요일,전라남도 순천시 조례동,경상사고,0,0,2,0,차대차 - 측면충돌,직진우회전진행방해,건조,맑음,교차로 - 교차로안,승용,여,53세,경상,승용,남,40세,경상
2018071800100198,2018년 7월 18일 10시,수요일,전라남도 여수시 학동,경상사고,0,0,1,0,차대차 - 측면충돌,안전운전불이행,건조,맑음,교차로 - 교차로안,승용,남,21세,상해없음,승용,남,36세,경상
2018071800100199,2018년 7월 18일 10시,수요일,전라남도 장흥군 장흥읍,경상사고,0,0,2,0,차대차 - 측면충돌,안전거리미확보,건조,맑음,교차로 - 교차로부근,승용,남,67세,경상,화물,남,39세,경상
2018071800100200,2018년 7월 18일 10시,수요일,전라남도 완도군 완도읍,중상사고,0,1,0,0,차대차 - 측면충돌,교차로운행방법위반,건조,맑음,교차로 - 교차로안,승용,남,28세,상해없음,이륜,남,75세,중상
2018071800100226,2018년 7월 18일 11시,수요일,전라남도 담양군 금성면,경상사고,0,0,1,0,차대차 - 기타,안전운전불이행,건조,맑음,단일로 - 기타,화물,남,50세,상해없음,이륜,여,23세,경상
2018071800100282,2018년 7월 18일 13시,수요일,전라남도 목포시 용당동,경상사고,0,0,1,0,차대차 - 후진중충돌,안전운전불이행,건조,맑음,단일로 - 기타,승용,남,55세,상해없음,승용,남,23세,경상
2018071800100283,2018년 7월 18일 13시,수요일,전라남도 순천시 조례동,경상사고,0,0,1,0,차대차 - 측면충돌,안전운전불이행,건조,맑음,주차장 - 주차장,승용,여,65세,상해없음,승용,여,31세,경상
2018071800100317,2018년 7월 18일 14시,수요일,전라남도 목포시 용당동,경상사고,0,0,3,0,차대차 - 측면충돌,교차로운행방법위반,건조,맑음,교차로 - 교차로안,이륜,남,29세,경상,승용,여,60세,경상
2018071800100318,2018년 7월 18일 14시,수요일,전라남도 광양시 광양읍,경상사고,0,0,2,0,차대차 - 측면충돌,안전거리미확보,건조,맑음,단일로 - 기타,건설기계,남,49세,경상,승용,남,49세,경상
2018071800100350,2018년 7월 18일 15시,수요일,전라남도 나주시 송월동,부상신고사고,0,0,0,1,차량단독 - 기타,안전운전불이행,건조,맑음,단일로 - 기타,승합,남,39세,상해없음,,,,
2018071800100392,2018년 7월 18일 16시,수요일,전라남도 목포시 산정동,경상사고,0,0,1,0,차대차 - 측면충돌,신호위반,건조,맑음,교차로 - 교차로안,승용,여,67세,상해없음,승용,여,65세,경상
2018071800100393,2018년 7월 18일 16시,수요일,전라남도 목포시 옥암동,중상사고,0,1,0,0,차대사람 - 기타,안전운전불이행,건조,맑음,단일로 - 기타,승용,여,28세,상해없음,보행자,여,7세,중상
2018071800100394,2018년 7월 18일 16시,수요일,전라남도 강진군 신전면,중상사고,0,1,0,0,차대차 - 추돌,안전거리미확보,건조,맑음,단일로 - 기타,화물,남,50세,상해없음,승합,남,63세,중상
2018071800100431,2018년 7월 18일 17시,수요일,전라남도 여수시 여서동,중상사고,0,1,0,0,차대사람 - 횡단중,보행자보호의무위반,건조,맑음,단일로 - 기타,승용,남,51세,상해없음,보행자,여,52세,중상
2018071800100432,2018년 7월 18일 17시,수요일,전라남도 나주시 남외동,경상사고,0,0,1,0,차대차 - 측면충돌,안전운전불이행,건조,맑음,교차로 - 교차로안,자전거,남,48세,경상,승용,여,57세,상해없음
2018071800100433,2018년 7월 18일 17시,수요일,전라남도 보성군 회천면,중상사고,0,1,0,0,차량단독 - 공작물충돌,안전운전불이행,건조,맑음,단일로 - 기타,화물,남,55세,중상,,,,
2018071800100483,2018년 7월 18일 18시,수요일,전라남도 고흥군 도양읍,경상사고,0,0,1,0,차대사람 - 기타,안전운전불이행,건조,맑음,단일로 - 기타,승용,남,61세,상해없음,보행자,남,23세,경상
2018071800100484,2018년 7월 18일 18시,수요일,전라남도 해남군 황산면,경상사고,0,0,2,0,차대차 - 측면충돌,교차로운행방법위반,건조,맑음,교차로 - 교차로안,승용,여,42세,상해없음,승용,여,59세,경상
2018071800100485,2018년 7월 18일 18시,수요일,전라남도 강진군 강진읍,경상사고,0,0,1,0,차대차 - 기타,교차로운행방법위반,건조,맑음,교차로 - 교차로안,승용,여,57세,상해없음,자전거,남,76세,경상
2018071800100560,2018년 7월 18일 20시,수요일,전라남도 목포시 옥암동,경상사고,0,0,1,0,차대차 - 측면충돌,안전운전불이행,건조,맑음,교차로 - 교차로안,승용,남,57세,상해없음,승용,남,35세,경상
2018071800100623,2018년 7월 18일 22시,수요일,전라남도 여수시 서교동,경상사고,0,0,1,0,차대차 - 측면충돌,안전운전불이행,건조,맑음,교차로 - 교차로부근,자전거,남,67세,경상,승합,남,55세,상해없음
2018071800100624,2018년 7월 18일 22시,수요일,전라남도 화순군 화순읍,경상사고,0,0,1,0,차대차 - 측면충돌,교차로운행방법위반,건조,맑음,교차로 - 교차로안,승용,여,51세,상해없음,승용,남,59세,상해없음
2018071800100643,2018년 7월 18일 23시,수요일,전라남도 목포시 상동,경상사고,0,0,1,0,차대차 - 기타,신호위반,건조,흐림,교차로 - 교차로안,승용,남,62세,상해없음,이륜,남,18세,경상
2018071800100644,2018년 7월 18일 23시,수요일,전라남도 여수시 문수동,경상사고,0,0,1,0,차대사람 - 횡단중,안전운전불이행,건조,맑음,단일로 - 기타,승용,남,23세,상해없음,보행자,여,28세,경상
2018071900100131,2018년 7월 19일 08시,목요일,전라남도 목포시 상동,경상사고,0,0,2,0,차대차 - 측면충돌,신호위반,건조,맑음,교차로 - 교차로안,승용,남,84세,상해없음,승용,남,54세,경상
2018071900100132,2018년 7월 19일 08시,목요일,전라남도 목포시 용해동,경상사고,0,0,1,0,차량단독 - 기타,안전운전불이행,건조,맑음,단일로 - 기타,화물,남,58세,경상,,,,
2018071900100133,2018년 7월 19일 08시,목요일,전라남도 영암군 학산면,중상사고,0,1,0,0,차대차 - 측면충돌,안전운전불이행,건조,맑음,교차로 - 교차로안,이륜,남,79세,중상,화물,남,36세,상해없음
2018071900100184,2018년 7월 19일 09시,목요일,전라남도 순천시 주암면,경상사고,0,0,3,0,차대차 - 기타,과속,건조,맑음,단일로 - 기타,승용,여,35세,경상,화물,남,55세,상해없음
2018071900100227,2018년 7월 19일 10시,목요일,전라남도 목포시 산정동,경상사고,0,0,2,0,차대차 - 측면충돌,직진우회전진행방해,건조,맑음,교차로 - 교차로안,승용,여,47세,경상,승합,남,53세,경상
2018071900100228,2018년 7월 19일 10시,목요일,전라남도 여수시 학동,경상사고,0,0,1,0,차대차 - 측면충돌,교차로운행방법위반,건조,맑음,교차로 - 교차로안,승용,여,43세,상해없음,승용,남,62세,경상
2018071900100229,2018년 7월 19일 10시,목요일,전라남도 강진군 강진읍,경상사고,0,0,1,0,차대차 - 기타,교차로운행방법위반,건조,맑음,교차로 - 교차로안,화물,남,69세,상해없음,승용,남,48세,경상
2018071900100230,2018년 7월 19일 10시,목요일,전라남도 무안군 일로읍,경상사고,0,0,1,0,차대차 - 측면충돌,신호위반,건조,맑음,교차로 - 교차로안,승용,남,80세,상해없음,화물,남,52세,경상
2018071900100261,2018년 7월 19일 11시,목요일,전라남도 목포시 상동,경상사고,0,0,1,0,차대차 - 추돌,안전운전불이행,건조,맑음,단일로 - 기타,승용,남,61세,상해없음,승용,남,32세,경상
2018071900100262,2018년 7월 19일 11시,목요일,전라남도 여수시 문수동,사망사고,1,0,0,0,차대사람 - 횡단중,신호위반,건조,맑음,단일로 - 기타,승용,남,49세,상해없음,보행자,남,81세,사망
2018071900100263,2018년 7월 19일 11시,목요일,전라남도 순천시 남정동,경상사고,0,0,1,0,차대차 - 측면충돌,불법유턴,건조,맑음,단일로 - 기타,승용,남,51세,상해없음,이륜,남,16세,경상
2018071900100293,2018년 7월 19일 12시,목요일,전라남도 목포시 상동,경상사고,0,0,1,0,차대차 - 측면충돌,안전운전불이행,건조,맑음,단일로 - 기타,승용,남,22세,상해없음,승용,남,48세,경상
2018071900100294,2018년 7월 19일 12시,목요일,전라남도 여수시 국동,경상사고,0,0,1,0,차대차 - 측면충돌,안전운전불이행,건조,맑음,교차로 - 교차로부근,승용,남,48세,상해없음,화물,남,33세,경상
2018071900100329,2018년 7월 19일 13시,목요일,전라남도 목포시 남교동,경상사고,0,0,1,0,차대차 - 기타,안전운전불이행,건조,맑음,교차로 - 교차로안,승용,남,55세,경상,승용,남,50세,상해없음
2018071900100330,2018년 7월 19일 13시,목요일,전라남도 순천시 조곡동,경상사고,0,0,1,0,차대차 - 측면충돌,교차로운행방법위반,건조,맑음,교차로 - 교차로부근,건설기계,남,54세,상해없음,승용,남,49세,경상
2018071900100364,2018년 7월 19일 14시,목요일,전라남도 장성군 장성읍,경상사고,0,0,1,0,차대사람 - 보도통행중,안전운전불이행,건조,맑음,단일로 - 기타,승용,남,42세,상해없음,보행자,여,21세,경상
2018071900100393,2018년 7월 19일 15시,목요일,전라남도 강진군 강진읍,경상사고,0,0,1,0,차대차 - 기타,안전운전불이행,건조,맑음,교차로 - 교차로부근,화물,남,41세,상해없음,자전거,남,20세,경상
2018071900100427,2018년 7월 19일 16시,목요일,전라남도 목포시 상동,경상사고,0,0,1,0,차대사람 - 횡단중,보행자보호의무위반,건조,맑음,교차로 - 교차로부근,승용,남,44세,상해없음,보행자,여,60세,경상
2018071900100428,2018년 7월 19일 16시,목요일,전라남도 강진군 병영면,중상사고,0,1,0,0,차대차 - 기타,안전운전불이행,건조,맑음,단일로 - 기타,이륜,남,82세,중상,화물,남,34세,상해없음
2018071900100429,2018년 7월 19일 16시,목요일,전라남도 담양군 대전면,경상사고,0,0,2,1,차대차 - 기타,안전거리미확보,건조,맑음,단일로 - 기타,승용,남,67세,상해없음,승용,여,36세,경상
2018071900100489,2018년 7월 19일 17시,목요일,전라남도 순천시 해룡면,경상사고,0,0,1,0,차대차 - 기타,교차로운행방법위반,건조,맑음,교차로 - 교차로부근,자전거,남,7세,경상,승합,남,55세,상해없음
2018071900100490,2018년 7월 19일 17시,목요일,전라남도 함평군 함평읍,경상사고,0,0,1,0,차량단독 - 공작물충돌,안전운전불이행,건조,맑음,단일로 - 기타,화물,남,50세,경상,,,,
2018071900100491,2018년 7월 19일 17시,목요일,전라남도 무안군 삼향읍,경상사고,0,0,1,0,차대사람 - 횡단중,안전운전불이행,건조,맑음,교차로 - 교차로안,승용,여,46세,상해없음,보행자,여,17세,경상
2018071900100546,2018년 7월 19일 18시,목요일,전라남도 목포시 상동,경상사고,0,0,1,0,차대차 - 기타,안전운전불이행,건조,맑음,기타 - 기타,화물,남,41세,상해없음,승용,남,39세,경상
2018071900100547,2018년 7월 19일 18시,목요일,전라남도 여수시 웅천동,경상사고,0,0,3,0,차대차 - 측면충돌,차로위반,건조,맑음,교차로 - 교차로안,승용,여,51세,상해없음,승용,여,34세,상해없음
2018071900100548,2018년 7월 19일 18시,목요일,전라남도 완도군 완도읍,중상사고,0,2,0,0,차대차 - 추돌,안전운전불이행,건조,맑음,교차로 - 교차로안,화물,남,49세,상해없음,화물,남,71세,중상
2018071900100549,2018년 7월 19일 18시,목요일,전라남도 광양시 광양읍,경상사고,0,0,1,0,차대차 - 측면충돌,직진우회전진행방해,건조,맑음,교차로 - 교차로안,승용,여,45세,경상,화물,남,58세,상해없음
2018071900100592,2018년 7월 19일 19시,목요일,전라남도 화순군 화순읍,경상사고,0,0,2,0,차대차 - 측면충돌,신호위반,건조,맑음,교차로 - 교차로안,화물,남,56세,상해없음,승합,남,69세,경상
2018071900100657,2018년 7월 19일 21시,목요일,전라남도 목포시 용해동,경상사고,0,0,1,0,차대사람 - 차도통행중,안전운전불이행,건조,맑음,교차로 - 교차로안,승용,남,55세,상해없음,보행자,남,44세,경상
2018071900100688,2018년 7월 19일 22시,목요일,전라남도 나주시 송월동,중상사고,0,1,0,0,차대차 - 측면충돌,신호위반,건조,맑음,교차로 - 교차로안,화물,남,38세,상해없음,이륜,남,28세,중상
2018071900100715,2018년 7월 19일 23시,목요일,전라남도 화순군 화순읍,사망사고,1,1,0,0,차량단독 - 기타,안전운전불이행,건조,맑음,단일로 - 기타,원동기,남,53세,사망,,,,
2018072000100011,2018년 7월 20일 00시,금요일,전라남도 목포시 연산동,중상사고,0,1,0,0,차대사람 - 차도통행중,안전운전불이행,건조,맑음,교차로 - 교차로안,승용,남,51세,상해없음,보행자,여,45세,중상
2018072000100012,2018년 7월 20일 00시,금요일,전라남도 해남군 해남읍,경상사고,0,0,1,0,차대차 - 측면충돌,안전운전불이행,건조,맑음,단일로 - 기타,승용,여,38세,상해없음,승용,남,67세,경상
2018072000100071,2018년 7월 20일 06시,금요일,전라남도 고흥군 포두면,중상사고,0,1,1,0,차대차 - 기타,안전운전불이행,건조,맑음,단일로 - 기타,화물,남,52세,중상,건설기계,남,55세,경상
2018072000100072,2018년 7월 20일 06시,금요일,전라남도 영암군 삼호읍,중상사고,0,1,3,0,차대차 - 추돌,안전운전불이행,건조,맑음,단일로 - 기타,승용,남,39세,상해없음,승용,남,51세,경상
2018072000100098,2018년 7월 20일 07시,금요일,전라남도 여수시 평여동,경상사고,0,0,2,0,차대차 - 측면충돌,신호위반,건조,맑음,교차로 - 교차로안,승용,남,28세,경상,건설기계,남,50세,경상
2018072000100138,2018년 7월 20일 08시,금요일,전라남도 나주시 동강면,경상사고,0,0,1,0,차대사람 - 기타,안전운전불이행,건조,맑음,단일로 - 기타,화물,남,51세,상해없음,보행자,여,70세,경상
2018072000100139,2018년 7월 20일 08시,금요일,전라남도 무안군 현경면,경상사고,0,0,1,0,차대사람 - 차도통행중,안전운전불이행,건조,맑음,단일로 - 기타,화물,남,54세,상해없음,보행자,여,78세,경상
2018072000100185,2018년 7월 20일 09시,금요일,전라남도 영암군 미암면,경상사고,0,0,2,0,차대차 - 측면충돌,신호위반,건조,맑음,교차로 - 교차로안,화물,남,42세,경상,승용,남,52세,경상
2018072000100216,2018년 7월 20일 10시,금요일,전라남도 나주시 보산동,경상사고,0,0,1,0,차대차 - 기타,중앙선침범,건조,맑음,단일로 - 기타,화물,남,69세,상해없음,승용,남,43세,경상
2018072000100217,2018년 7월 20일 10시,금요일,전라남도 영광군 군남면,부상신고사고,0,0,0,1,차대차 - 측면충돌,직진우회전진행방해,건조,맑음,교차로 - 교차로안,이륜,남,83세,부상신고,승합,남,39세,상해없음
2018072000100251,2018년 7월 20일 11시,금요일,전라남도 목포시 용해동,경상사고,0,0,2,0,차대차 - 측면충돌,직진우회전진행방해,건조,맑음,교차로 - 교차로안,승용,남,75세,경상,승용,여,44세,경상
2018072000100252,2018년 7월 20일 11시,금요일,전라남도 해남군 현산면,경상사고,0,0,2,0,차대차 - 측면충돌,안전거리미확보,건조,맑음,단일로 - 기타,화물,남,46세,상해없음,승용,남,37세,경상
2018072000100253,2018년 7월 20일 11시,금요일,전라남도 담양군 담양읍,경상사고,0,0,1,0,차대차 - 측면충돌,안전운전불이행,건조,맑음,단일로 - 기타,승용,남,40세,상해없음,승용,여,63세,경상
2018072000100254,2018년 7월 20일 11시,금요일,전라남도 무안군 삼향읍,경상사고,0,0,1,0,차대차 - 측면충돌,안전운전불이행,건조,맑음,교차로 - 교차로안,건설기계,남,57세,상해없음,승용,여,48세,경상
2018072000100293,2018년 7월 20일 12시,금요일,전라남도 여수시 웅천동,경상사고,0,0,2,0,차대차 - 측면충돌,안전운전불이행,건조,맑음,단일로 - 기타,승용,남,66세,상해없음,승용,여,37세,경상
2018072000100294,2018년 7월 20일 12시,금요일,전라남도 해남군 해남읍,중상사고,0,1,0,0,차대사람 - 기타,안전운전불이행,건조,맑음,단일로 - 기타,화물,남,48세,상해없음,보행자,남,59세,중상
2018072000100295,2018년 7월 20일 12시,금요일,전라남도 영광군 영광읍,중상사고,0,1,0,0,차량단독 - 공작물충돌,안전운전불이행,건조,맑음,단일로 - 기타,승용,남,78세,중상,,,,
2018072000100296,2018년 7월 20일 12시,금요일,전라남도 함평군 월야면,경상사고,0,0,2,1,차대차 - 측면충돌,교차로운행방법위반,건조,맑음,교차로 - 교차로안,승용,여,66세,부상신고,승용,남,50세,경상
2018072000100335,2018년 7월 20일 13시,금요일,전라남도 여수시 학동,중상사고,0,1,0,0,차대차 - 측면충돌,안전운전불이행,건조,맑음,교차로 - 교차로안,승용,남,36세,상해없음,이륜,남,60세,중상
2018072000100336,2018년 7월 20일 13시,금요일,전라남도 화순군 도암면,중상사고,0,1,0,0,차량단독 - 기타,기타,건조,맑음,단일로 - 기타,승합,남,67세,상해없음,,,,
2018072000100367,2018년 7월 20일 14시,금요일,전라남도 목포시 상동,경상사고,0,0,3,0,차대차 - 기타,안전운전불이행,건조,맑음,교차로 - 교차로부근,승용,여,41세,경상,승용,남,45세,경상
2018072000100368,2018년 7월 20일 14시,금요일,전라남도 여수시 소라면,중상사고,0,1,0,0,차대사람 - 횡단중,안전운전불이행,건조,맑음,단일로 - 기타,화물,남,45세,상해없음,보행자,여,65세,중상