사고번호,사고일시,요일,시군구,사고내용,사망자수,중상자수,경상자수,부상신고자수,사고유형,법규위반,노면상태,기상상태,도로형태,가해운전자 차종,가해운전자 성별,가해운전자 연령,가해운전자 상해정도,피해운전자 차종,피해운전자 성별,피해운전자 연령,피해운전자 상해정도
2018072000100369,2018년 7월 20일 14시,금요일,전라남도 나주시 왕곡면,경상사고,0,0,1,0,차대차 - 정면충돌,중앙선침범,건조,맑음,단일로 - 기타,승용,남,35세,상해없음,승용,여,50세,경상
2018072000100370,2018년 7월 20일 14시,금요일,전라남도 영암군 삼호읍,경상사고,0,0,2,0,차대차 - 기타,안전운전불이행,건조,맑음,단일로 - 기타,승용,여,55세,상해없음,승용,여,39세,경상
2018072000100371,2018년 7월 20일 14시,금요일,전라남도 담양군 금성면,경상사고,0,0,2,0,차대차 - 추돌,안전거리미확보,건조,맑음,단일로 - 기타,화물,남,40세,상해없음,승합,남,32세,경상
2018072000100372,2018년 7월 20일 14시,금요일,전라남도 무안군 현경면,중상사고,0,2,3,0,차대차 - 추돌,중앙선침범,건조,맑음,단일로 - 기타,승용,여,52세,상해없음,승용,남,61세,경상
2018072000100415,2018년 7월 20일 15시,금요일,전라남도 여수시 화장동,경상사고,0,0,1,0,차대사람 - 기타,안전운전불이행,건조,맑음,단일로 - 기타,승용,남,24세,상해없음,보행자,남,23세,경상
2018072000100416,2018년 7월 20일 15시,금요일,전라남도 화순군 화순읍,경상사고,0,0,1,1,차대차 - 측면충돌,직진우회전진행방해,건조,맑음,교차로 - 교차로안,화물,남,30세,부상신고,승용,여,37세,경상
2018072000100461,2018년 7월 20일 16시,금요일,전라남도 영암군 삼호읍,경상사고,0,0,2,0,차대차 - 추돌,안전거리미확보,건조,맑음,교차로 - 교차로부근,승용,남,40세,상해없음,화물,여,66세,경상
2018072000100462,2018년 7월 20일 16시,금요일,전라남도 진도군 군내면,중상사고,0,2,0,0,차대차 - 기타,중앙선침범,건조,맑음,단일로 - 기타,승용,남,58세,상해없음,승용,남,68세,상해없음
2018072000100587,2018년 7월 20일 18시,금요일,전라남도 순천시 해룡면,경상사고,0,0,2,0,차대차 - 측면충돌,안전운전불이행,건조,맑음,단일로 - 기타,승용,남,63세,상해없음,승용,여,35세,경상
2018072000100588,2018년 7월 20일 18시,금요일,전라남도 담양군 창평면,경상사고,0,0,1,0,차대차 - 후진중충돌,불법유턴,건조,맑음,단일로 - 기타,승용,남,65세,상해없음,승용,남,62세,경상
2018072000100589,2018년 7월 20일 18시,금요일,전라남도 광양시 중동,경상사고,0,0,1,0,차대사람 - 기타,안전운전불이행,건조,맑음,교차로 - 교차로부근,승용,남,56세,상해없음,보행자,남,34세,경상
2018072000100632,2018년 7월 20일 19시,금요일,전라남도 여수시 소라면,경상사고,0,0,1,0,차대사람 - 횡단중,신호위반,건조,맑음,교차로 - 교차로횡단보도내,승용,남,60세,상해없음,보행자,남,54세,경상
2018072000100633,2018년 7월 20일 19시,금요일,전라남도 순천시 조례동,경상사고,0,0,1,0,차대차 - 측면충돌,차로위반,건조,맑음,단일로 - 기타,승용,남,28세,상해없음,승용,남,57세,경상
2018072000100634,2018년 7월 20일 19시,금요일,전라남도 무안군 삼향읍,경상사고,0,0,1,0,차대차 - 추돌,안전운전불이행,건조,맑음,교차로 - 교차로부근,승용,남,28세,상해없음,승용,남,45세,경상
2018072000100672,2018년 7월 20일 20시,금요일,전라남도 목포시 옥암동,경상사고,0,0,1,0,차대차 - 기타,안전운전불이행,건조,맑음,교차로 - 교차로횡단보도내,자전거,남,38세,경상,승용,남,57세,상해없음
2018072000100673,2018년 7월 20일 20시,금요일,전라남도 고흥군 봉래면,경상사고,0,0,1,0,차대차 - 측면충돌,안전운전불이행,건조,맑음,교차로 - 교차로안,승용,남,56세,상해없음,승용,여,56세,경상
2018072100100059,2018년 7월 21일 03시,토요일,전라남도 순천시 연향동,경상사고,0,0,1,0,차대사람 - 기타,안전운전불이행,건조,맑음,단일로 - 기타,승용,남,52세,상해없음,보행자,남,79세,경상
2018072100100071,2018년 7월 21일 04시,토요일,전라남도 목포시 산정동,사망사고,1,1,0,0,차대차 - 기타,불법유턴,건조,맑음,교차로 - 교차로횡단보도내,자전거,남,68세,사망,이륜,남,16세,중상
2018072100100072,2018년 7월 21일 04시,토요일,전라남도 여수시 신월동,경상사고,0,0,4,0,차대차 - 추돌,안전운전불이행,건조,맑음,단일로 - 기타,승용,남,51세,상해없음,승용,남,24세,경상
2018072100100073,2018년 7월 21일 04시,토요일,전라남도 영암군 삼호읍,중상사고,0,1,1,0,차량단독 - 공작물충돌,안전운전불이행,건조,맑음,교차로 - 교차로안,승용,남,32세,경상,,,,
2018072100100105,2018년 7월 21일 06시,토요일,전라남도 목포시 용해동,경상사고,0,0,1,0,차대차 - 기타,안전운전불이행,건조,맑음,교차로 - 교차로안,승용,남,65세,상해없음,승용,남,51세,경상
2018072100100161,2018년 7월 21일 09시,토요일,전라남도 나주시 산포면,사망사고,1,0,0,0,차대사람 - 횡단중,안전운전불이행,건조,맑음,단일로 - 기타,화물,남,78세,상해없음,보행자,여,75세,사망
2018072100100162,2018년 7월 21일 09시,토요일,전라남도 담양군 봉산면,중상사고,0,1,0,0,차대차 - 기타,기타,건조,맑음,교차로 - 교차로안,화물,남,63세,상해없음,자전거,남,16세,중상
2018072100100220,2018년 7월 21일 11시,토요일,전라남도 목포시 옥암동,경상사고,0,0,1,0,차대사람 - 차도통행중,안전운전불이행,건조,맑음,단일로 - 기타,승용,남,28세,상해없음,보행자,여,71세,경상
2018072100100295,2018년 7월 21일 13시,토요일,전라남도 여수시 안산동,경상사고,0,0,2,0,차대차 - 측면충돌,신호위반,건조,맑음,교차로 - 교차로안,승용,남,52세,상해없음,승용,남,34세,경상
2018072100100296,2018년 7월 21일 13시,토요일,전라남도 영암군 삼호읍,경상사고,0,0,3,0,차대차 - 측면충돌,안전운전불이행,건조,맑음,단일로 - 기타,승용,여,56세,경상,승용,남,35세,경상
2018072100100297,2018년 7월 21일 13시,토요일,전라남도 담양군 담양읍,중상사고,0,1,3,0,차대차 - 측면충돌,불법유턴,건조,맑음,단일로 - 기타,승용,남,48세,경상,승용,남,33세,경상
2018072100100298,2018년 7월 21일 13시,토요일,전라남도 광양시 옥곡면,경상사고,0,0,1,0,차대차 - 측면충돌,안전운전불이행,건조,맑음,단일로 - 기타,원동기,여,63세,경상,승용,여,36세,상해없음
2018072100100374,2018년 7월 21일 15시,토요일,전라남도 여수시 오림동,경상사고,0,0,3,0,차대차 - 측면충돌,차로위반,건조,맑음,단일로 - 기타,승용,남,26세,상해없음,승용,남,28세,경상
2018072100100399,2018년 7월 21일 16시,토요일,전라남도 함평군 함평읍,경상사고,0,0,1,0,차대차 - 기타,안전운전불이행,건조,맑음,교차로 - 교차로안,승합,남,53세,상해없음,승용,남,66세,상해없음
2018072100100400,2018년 7월 21일 16시,토요일,전라남도 광양시 옥곡면,경상사고,0,0,1,0,차대차 - 측면충돌,교차로운행방법위반,건조,맑음,교차로 - 교차로안,승용,남,54세,상해없음,승용,여,28세,경상
2018072100100435,2018년 7월 21일 17시,토요일,전라남도 신안군 압해읍,경상사고,0,0,1,0,차대차 - 측면충돌,안전운전불이행,건조,맑음,단일로 - 기타,화물,남,45세,상해없음,승용,남,30세,경상
2018072100100436,2018년 7월 21일 17시,토요일,전라남도 여수시 덕충동,경상사고,0,0,1,0,차대사람 - 기타,안전운전불이행,건조,맑음,교차로 - 교차로안,승용,남,39세,상해없음,보행자,남,58세,경상
2018072100100437,2018년 7월 21일 17시,토요일,전라남도 순천시 낙안면,중상사고,0,1,1,0,차대사람 - 기타,보행자보호의무위반,건조,맑음,단일로 - 기타,이륜,남,71세,경상,보행자,남,69세,중상
2018072100100438,2018년 7월 21일 17시,토요일,전라남도 광양시 광양읍,경상사고,0,0,3,0,차대차 - 기타,안전운전불이행,건조,맑음,단일로 - 기타,승용,남,72세,상해없음,승용,남,24세,경상
2018072100100478,2018년 7월 21일 18시,토요일,전라남도 여수시 율촌면,경상사고,0,0,1,0,차대차 - 측면충돌,안전운전불이행,건조,맑음,교차로 - 교차로안,승용,남,28세,상해없음,농기계,남,66세,경상
2018072100100479,2018년 7월 21일 18시,토요일,전라남도 해남군 화원면,경상사고,0,0,1,0,차대차 - 측면충돌,중앙선침범,건조,맑음,단일로 - 기타,승용,남,53세,상해없음,승용,여,22세,경상
2018072100100510,2018년 7월 21일 19시,토요일,전라남도 목포시 산정동,중상사고,0,1,0,0,차대차 - 측면충돌,안전운전불이행,건조,맑음,단일로 - 기타,승용,여,39세,상해없음,이륜,남,21세,중상
2018072100100511,2018년 7월 21일 19시,토요일,전라남도 여수시 화양면,경상사고,0,0,2,0,차대차 - 측면충돌,안전운전불이행,건조,맑음,단일로 - 기타,화물,남,30세,상해없음,승용,남,28세,경상
2018072100100541,2018년 7월 21일 20시,토요일,전라남도 광양시 광양읍,경상사고,0,0,1,0,차대차 - 추돌,안전운전불이행,건조,맑음,교차로 - 교차로부근,승용,남,45세,상해없음,승용,여,44세,경상
2018072100100572,2018년 7월 21일 21시,토요일,전라남도 담양군 수북면,중상사고,0,1,0,0,차량단독 - 전도전복 - 전도,안전운전불이행,건조,맑음,단일로 - 기타,이륜,남,61세,중상,미분류,미분류,미분류,미분류
2018072100100598,2018년 7월 21일 22시,토요일,전라남도 목포시 용당동,경상사고,0,0,2,0,차대차 - 측면충돌,안전거리미확보,건조,맑음,단일로 - 기타,승용,남,49세,상해없음,승용,남,61세,경상
2018072100100599,2018년 7월 21일 22시,토요일,전라남도 나주시 다시면,경상사고,0,0,1,0,차량단독 - 공작물충돌,안전운전불이행,건조,맑음,교차로 - 교차로부근,승용,남,58세,경상,,,,
2018072200100015,2018년 7월 22일 00시,일요일,전라남도 여수시 학동,경상사고,0,0,2,0,차대차 - 측면충돌,안전거리미확보,건조,맑음,교차로 - 교차로부근,승용,남,38세,경상,승용,남,50세,경상
2018072200100064,2018년 7월 22일 05시,일요일,전라남도 화순군 이양면,경상사고,0,0,2,0,차대차 - 측면충돌,안전운전불이행,건조,맑음,교차로 - 교차로안,농기계,남,59세,경상,승용,여,59세,경상
2018072200100077,2018년 7월 22일 06시,일요일,전라남도 함평군 월야면,중상사고,0,1,0,0,차대차 - 추돌,안전운전불이행,건조,맑음,단일로 - 기타,화물,남,51세,상해없음,화물,남,65세,기타불명
2018072200100087,2018년 7월 22일 07시,일요일,전라남도 순천시 상사면,경상사고,0,0,1,0,차대차 - 측면충돌,안전운전불이행,건조,맑음,단일로 - 기타,화물,남,51세,상해없음,자전거,남,80세,경상
2018072200100088,2018년 7월 22일 07시,일요일,전라남도 진도군 임회면,중상사고,0,4,2,0,차대차 - 정면충돌,중앙선침범,건조,맑음,단일로 - 기타,승용,남,25세,경상,승용,남,42세,경상
2018072200100103,2018년 7월 22일 08시,일요일,전라남도 여수시 둔덕동,경상사고,0,0,1,0,차대차 - 측면충돌,신호위반,건조,맑음,교차로 - 교차로안,승용,여,56세,상해없음,승용,여,58세,경상
2018072200100104,2018년 7월 22일 08시,일요일,전라남도 순천시 서면,경상사고,0,0,2,0,차대차 - 기타,안전운전불이행,건조,맑음,교차로 - 교차로부근,승용,남,54세,상해없음,승용,여,51세,경상
2018072200100123,2018년 7월 22일 09시,일요일,전라남도 나주시 남평읍,중상사고,0,1,1,0,차대차 - 기타,직진우회전진행방해,건조,맑음,교차로 - 교차로안,화물,남,49세,상해없음,이륜,남,77세,경상
2018072200100136,2018년 7월 22일 10시,일요일,전라남도 여수시 학동,경상사고,0,0,5,0,차대차 - 측면충돌,안전운전불이행,건조,맑음,단일로 - 기타,승합,여,52세,상해없음,승용,남,32세,상해없음
2018072200100160,2018년 7월 22일 11시,일요일,전라남도 목포시 옥암동,경상사고,0,0,1,0,차대차 - 기타,교차로운행방법위반,건조,맑음,교차로 - 교차로안,승용,여,57세,상해없음,승용,남,57세,경상
2018072200100161,2018년 7월 22일 11시,일요일,전라남도 완도군 완도읍,경상사고,0,0,2,0,차대차 - 측면충돌,안전운전불이행,건조,맑음,교차로 - 교차로안,승용,남,37세,경상,이륜,남,32세,경상
2018072200100225,2018년 7월 22일 13시,일요일,전라남도 목포시 온금동,중상사고,0,1,0,0,차량단독 - 전도전복 - 전도,안전운전불이행,건조,맑음,교차로 - 교차로안,이륜,남,72세,상해없음,미분류,미분류,미분류,미분류
2018072200100226,2018년 7월 22일 13시,일요일,전라남도 보성군 보성읍,중상사고,0,1,0,0,차량단독 - 도로외이탈 - 추락,안전운전불이행,건조,맑음,단일로 - 기타,원동기,남,80세,중상,,,,
2018072200100227,2018년 7월 22일 13시,일요일,전라남도 광양시 마동,경상사고,0,0,3,0,차대차 - 측면충돌,신호위반,건조,맑음,교차로 - 교차로안,승용,여,53세,상해없음,승용,여,54세,경상
2018072200100253,2018년 7월 22일 14시,일요일,전라남도 목포시 산정동,경상사고,0,0,1,0,차대차 - 기타,교차로운행방법위반,건조,맑음,교차로 - 교차로안,승용,여,57세,상해없음,이륜,남,43세,경상
2018072200100254,2018년 7월 22일 14시,일요일,전라남도 나주시 남평읍,중상사고,0,2,1,0,차대차 - 기타,신호위반,건조,맑음,교차로 - 교차로안,승용,여,56세,경상,승용,남,80세,중상
2018072200100255,2018년 7월 22일 14시,일요일,전라남도 담양군 대전면,경상사고,0,0,7,0,차대차 - 추돌,안전운전불이행,건조,맑음,교차로 - 교차로부근,승용,남,44세,상해없음,승용,여,50세,경상
2018072200100256,2018년 7월 22일 14시,일요일,전라남도 진도군 고군면,사망사고,1,0,0,0,차대사람 - 횡단중,안전운전불이행,건조,맑음,단일로 - 기타,화물,남,35세,상해없음,보행자,여,71세,사망
2018072200100310,2018년 7월 22일 16시,일요일,전라남도 순천시 서면,중상사고,0,1,0,1,차대차 - 측면충돌,안전운전불이행,건조,맑음,교차로 - 교차로안,승용,남,42세,부상신고,화물,남,34세,중상
2018072200100311,2018년 7월 22일 16시,일요일,전라남도 담양군 월산면,중상사고,0,1,1,0,차대차 - 추돌,안전운전불이행,건조,맑음,교차로 - 교차로부근,이륜,여,21세,경상,승용,남,42세,상해없음
2018072200100349,2018년 7월 22일 17시,일요일,전라남도 여수시 덕충동,중상사고,0,2,0,0,차대차 - 측면충돌,안전거리미확보,건조,맑음,단일로 - 기타,승용,남,46세,상해없음,승용,여,29세,중상
2018072200100350,2018년 7월 22일 17시,일요일,전라남도 광양시 옥룡면,중상사고,0,1,0,0,차량단독 - 기타,기타,건조,맑음,단일로 - 기타,승용,남,22세,상해없음,,,,
2018072200100376,2018년 7월 22일 18시,일요일,전라남도 여수시 선원동,경상사고,0,0,1,0,차대차 - 측면충돌,안전운전불이행,건조,맑음,교차로 - 교차로안,승용,여,50세,경상,승용,남,49세,상해없음
2018072200100377,2018년 7월 22일 18시,일요일,전라남도 광양시 마동,경상사고,0,0,1,0,차대차 - 기타,직진우회전진행방해,건조,맑음,교차로 - 교차로안,승용,여,51세,상해없음,승용,남,19세,경상
2018072200100409,2018년 7월 22일 19시,일요일,전라남도 순천시 주암면,경상사고,0,0,1,0,차대사람 - 차도통행중,안전운전불이행,건조,맑음,단일로 - 기타,승용,남,38세,상해없음,보행자,여,75세,경상
2018072200100410,2018년 7월 22일 19시,일요일,전라남도 무안군 현경면,중상사고,0,1,0,0,차대차 - 측면충돌,신호위반,건조,맑음,교차로 - 교차로안,화물,남,60세,상해없음,승용,여,64세,중상
2018072200100441,2018년 7월 22일 20시,일요일,전라남도 영암군 금정면,경상사고,0,0,2,0,차대차 - 측면충돌,중앙선침범,건조,흐림,단일로 - 기타,화물,남,56세,상해없음,승용,남,37세,경상
2018072200100499,2018년 7월 22일 22시,일요일,전라남도 순천시 장천동,경상사고,0,0,1,0,차대사람 - 횡단중,안전운전불이행,건조,맑음,교차로 - 교차로부근,승용,남,24세,상해없음,보행자,여,61세,경상
2018072300100025,2018년 7월 23일 02시,월요일,전라남도 목포시 상동,중상사고,0,1,0,0,차대차 - 측면충돌,신호위반,건조,맑음,교차로 - 교차로안,승용,남,31세,상해없음,화물,남,60세,중상
2018072300100026,2018년 7월 23일 02시,월요일,전라남도 여수시 여천동,중상사고,0,1,0,0,차대차 - 측면충돌,안전운전불이행,건조,맑음,교차로 - 교차로부근,승용,남,37세,상해없음,승용,남,49세,중상
2018072300100027,2018년 7월 23일 02시,월요일,전라남도 장흥군 대덕읍,중상사고,0,1,1,0,차대차 - 측면충돌,안전운전불이행,건조,맑음,단일로 - 기타,승용,남,56세,경상,승용,남,34세,기타불명
2018072300100057,2018년 7월 23일 06시,월요일,전라남도 신안군 암태면,중상사고,0,1,2,0,차대차 - 추돌,안전운전불이행,건조,맑음,단일로 - 기타,승용,남,65세,경상,승용,여,65세,경상
2018072300100058,2018년 7월 23일 06시,월요일,전라남도 장흥군 회진면,중상사고,0,1,0,0,차대사람 - 기타,안전운전불이행,건조,맑음,단일로 - 기타,화물,남,48세,상해없음,보행자,남,78세,중상
2018072300100074,2018년 7월 23일 07시,월요일,전라남도 신안군 지도읍,중상사고,0,1,0,0,차대차 - 기타,안전운전불이행,건조,맑음,단일로 - 기타,화물,남,47세,상해없음,이륜,남,59세,중상
2018072300100075,2018년 7월 23일 07시,월요일,전라남도 화순군 화순읍,경상사고,0,0,1,0,차대차 - 측면충돌,안전거리미확보,건조,맑음,교차로 - 교차로부근,화물,남,69세,상해없음,승용,여,57세,경상
2018072300100114,2018년 7월 23일 08시,월요일,전라남도 광양시 성황동,중상사고,0,2,0,1,차대차 - 측면충돌,교차로운행방법위반,건조,맑음,교차로 - 교차로안,승용,남,21세,부상신고,화물,남,62세,중상
2018072300100115,2018년 7월 23일 08시,월요일,전라남도 광양시 진월면,경상사고,0,0,1,0,차대차 - 측면충돌,안전운전불이행,건조,맑음,교차로 - 교차로부근,승용,여,53세,상해없음,이륜,남,78세,경상
2018072300100146,2018년 7월 23일 09시,월요일,전라남도 여수시 소라면,경상사고,0,0,6,0,차대차 - 측면충돌,기타,건조,맑음,교차로 - 교차로안,승용,남,27세,경상,승용,여,49세,경상
2018072300100147,2018년 7월 23일 09시,월요일,전라남도 순천시 조례동,경상사고,0,0,1,0,차대차 - 측면충돌,안전거리미확보,건조,맑음,교차로 - 교차로안,승용,여,34세,경상,승용,여,53세,상해없음
2018072300100148,2018년 7월 23일 09시,월요일,전라남도 영광군 군남면,경상사고,0,0,1,0,차대차 - 측면충돌,직진우회전진행방해,건조,맑음,교차로 - 교차로안,승합,남,39세,상해없음,건설기계,남,78세,상해없음
2018072300100149,2018년 7월 23일 09시,월요일,전라남도 함평군 월야면,경상사고,0,0,1,0,차대차 - 기타,교차로운행방법위반,건조,맑음,교차로 - 교차로안,화물,남,71세,상해없음,이륜,여,63세,경상
2018072300100182,2018년 7월 23일 10시,월요일,전라남도 해남군 삼산면,경상사고,0,0,1,0,차대차 - 기타,안전운전불이행,건조,맑음,단일로 - 기타,승용,여,25세,상해없음,농기계,남,67세,경상
2018072300100183,2018년 7월 23일 10시,월요일,전라남도 해남군 북일면,중상사고,0,1,1,0,차량단독 - 기타,안전운전불이행,건조,맑음,단일로 - 기타,승용,남,63세,경상,,,,
2018072300100184,2018년 7월 23일 10시,월요일,전라남도 영암군 미암면,중상사고,0,2,0,0,차대차 - 기타,안전운전불이행,건조,맑음,교차로 - 교차로부근,화물,남,63세,중상,화물,남,60세,상해없음
2018072300100219,2018년 7월 23일 11시,월요일,전라남도 여수시 돌산읍,경상사고,0,0,1,0,차대차 - 측면충돌,안전운전불이행,건조,맑음,교차로 - 교차로안,승용,남,19세,상해없음,승용,남,34세,경상
2018072300100220,2018년 7월 23일 11시,월요일,전라남도 순천시 별량면,중상사고,0,1,1,0,차대차 - 측면충돌,안전거리미확보,건조,맑음,단일로 - 기타,화물,남,68세,상해없음,승용,남,66세,중상
2018072300100244,2018년 7월 23일 12시,월요일,전라남도 진도군 군내면,경상사고,0,0,1,0,차대차 - 추돌,안전운전불이행,건조,맑음,단일로 - 기타,승용,남,78세,상해없음,이륜,여,71세,경상
2018072300100278,2018년 7월 23일 13시,월요일,전라남도 순천시 연향동,중상사고,0,1,0,0,차대사람 - 횡단중,신호위반,건조,맑음,교차로 - 교차로횡단보도내,승용,남,52세,상해없음,보행자,남,6세,중상
2018072300100279,2018년 7월 23일 13시,월요일,전라남도 무안군 삼향읍,중상사고,0,1,0,0,차량단독 - 전도전복 - 전도,기타,건조,맑음,단일로 - 기타,건설기계,남,41세,중상,미분류,미분류,미분류,미분류
2018072300100315,2018년 7월 23일 14시,월요일,전라남도 담양군 고서면,중상사고,0,2,0,0,차대차 - 정면충돌,안전운전불이행,건조,맑음,교차로 - 교차로안,승용,남,69세,상해없음,승용,남,80세,중상
2018072300100349,2018년 7월 23일 15시,월요일,전라남도 목포시 산정동,경상사고,0,0,1,0,차대차 - 기타,안전운전불이행,건조,맑음,단일로 - 기타,승용,여,32세,상해없음,자전거,여,70세,경상
2018072300100350,2018년 7월 23일 15시,월요일,전라남도 보성군 회천면,중상사고,0,1,2,0,차대차 - 측면충돌,신호위반,건조,맑음,교차로 - 교차로안,승용,남,51세,상해없음,승용,여,46세,중상
2018072300100351,2018년 7월 23일 15시,월요일,전라남도 영암군 서호면,경상사고,0,0,2,0,차대차 - 기타,신호위반,건조,맑음,교차로 - 교차로안,화물,남,34세,상해없음,승용,여,59세,경상
2018072300100352,2018년 7월 23일 15시,월요일,전라남도 강진군 성전면,경상사고,0,0,3,0,차대차 - 추돌,안전거리미확보,건조,맑음,단일로 - 기타,승용,여,48세,경상,승용,여,29세,경상
2018072300100391,2018년 7월 23일 16시,월요일,전라남도 여수시 오림동,경상사고,0,0,1,0,차대차 - 추돌,안전운전불이행,건조,맑음,단일로 - 기타,승용,여,44세,상해없음,화물,남,55세,경상
2018072300100431,2018년 7월 23일 17시,월요일,전라남도 목포시 용해동,경상사고,0,0,1,0,차대차 - 기타,안전운전불이행,건조,맑음,단일로 - 기타,화물,남,59세,상해없음,자전거,남,52세,경상
2018072300100432,2018년 7월 23일 17시,월요일,전라남도 목포시 상동,경상사고,0,0,4,0,차대차 - 측면충돌,안전운전불이행,건조,맑음,단일로 - 기타,승용,여,40세,경상,승용,여,46세,경상
2018072300100433,2018년 7월 23일 17시,월요일,전라남도 장흥군 용산면,중상사고,0,2,0,0,차대차 - 정면충돌,중앙선침범,건조,맑음,단일로 - 기타,승용,여,68세,중상,화물,남,53세,중상
2018072300100483,2018년 7월 23일 18시,월요일,전라남도 나주시 봉황면,중상사고,0,1,1,0,차대차 - 측면충돌,과속,건조,맑음,교차로 - 교차로부근,승용,남,27세,중상,승용,남,69세,경상
2018072300100484,2018년 7월 23일 18시,월요일,전라남도 보성군 조성면,경상사고,0,0,1,0,차대사람 - 길가장자리구역통행중,안전운전불이행,건조,맑음,기타 - 기타,화물,남,57세,상해없음,보행자,여,43세,경상
2018072300100485,2018년 7월 23일 18시,월요일,전라남도 영암군 영암읍,경상사고,0,0,1,0,차대차 - 기타,안전운전불이행,건조,맑음,교차로 - 교차로안,승용,여,19세,상해없음,승용,여,59세,경상
2018072300100486,2018년 7월 23일 18시,월요일,전라남도 곡성군 삼기면,경상사고,0,0,1,0,차대차 - 추돌,안전운전불이행,건조,맑음,단일로 - 기타,승용,여,41세,상해없음,승용,남,56세,경상
2018072300100526,2018년 7월 23일 19시,월요일,전라남도 나주시 봉황면,중상사고,0,1,1,0,차량단독 - 기타,안전운전불이행,건조,맑음,단일로 - 기타,농기계,남,63세,경상,,,,
2018072300100527,2018년 7월 23일 19시,월요일,전라남도 광양시 황길동,중상사고,0,1,0,1,차대차 - 측면충돌,교차로운행방법위반,건조,맑음,교차로 - 교차로안,승용,남,23세,부상신고,특수,남,46세,상해없음
2018072300100552,2018년 7월 23일 20시,월요일,전라남도 순천시 해룡면,경상사고,0,0,2,0,차대차 - 측면충돌,안전운전불이행,건조,맑음,단일로 - 기타,승용,남,52세,상해없음,승용,남,33세,상해없음
2018072300100587,2018년 7월 23일 21시,월요일,전라남도 여수시 소호동,경상사고,0,0,1,0,차대차 - 추돌,안전운전불이행,건조,맑음,교차로 - 교차로부근,기타불명,기타불명,미분류,기타불명,승용,여,54세,경상
2018072300100588,2018년 7월 23일 21시,월요일,전라남도 장성군 동화면,중상사고,0,1,0,0,차대차 - 추돌,안전운전불이행,건조,맑음,단일로 - 기타,승용,남,43세,상해없음,농기계,남,63세,중상
2018072300100610,2018년 7월 23일 22시,월요일,전라남도 목포시 옥암동,경상사고,0,0,1,0,차대차 - 기타,교차로운행방법위반,건조,맑음,교차로 - 교차로안,승용,남,65세,상해없음,이륜,남,17세,경상
2018072300100611,2018년 7월 23일 22시,월요일,전라남도 여수시 소라면,경상사고,0,0,4,0,차대차 - 측면충돌,신호위반,건조,맑음,교차로 - 교차로안,승용,여,63세,경상,승용,여,36세,경상
2018072300100640,2018년 7월 23일 23시,월요일,전라남도 나주시 금천면,중상사고,0,1,1,0,차대차 - 추돌,안전운전불이행,건조,맑음,단일로 - 기타,화물,남,61세,경상,화물,남,63세,중상
2018072400100018,2018년 7월 24일 01시,화요일,전라남도 여수시 학동,경상사고,0,0,2,0,차대차 - 측면충돌,신호위반,건조,맑음,교차로 - 교차로안,승용,남,30세,상해없음,승용,남,53세,경상
2018072400100033,2018년 7월 24일 03시,화요일,전라남도 여수시 미평동,중상사고,0,2,0,0,차량단독 - 공작물충돌,안전운전불이행,건조,맑음,단일로 - 기타,승용,남,28세,중상,,,,
2018072400100047,2018년 7월 24일 05시,화요일,전라남도 무안군 현경면,경상사고,0,0,1,0,차대차 - 기타,교차로운행방법위반,건조,맑음,교차로 - 교차로안,승용,여,66세,상해없음,승합,남,54세,경상
2018072400100082,2018년 7월 24일 07시,화요일,전라남도 나주시 죽림동,중상사고,0,1,0,0,차대차 - 기타,직진우회전진행방해,건조,맑음,교차로 - 교차로안,승용,남,55세,상해없음,이륜,남,75세,중상
2018072400100083,2018년 7월 24일 07시,화요일,전라남도 영암군 삼호읍,중상사고,0,1,1,0,차대차 - 측면충돌,안전운전불이행,건조,맑음,단일로 - 교량,이륜,남,63세,중상,승용,여,57세,경상
2018072400100084,2018년 7월 24일 07시,화요일,전라남도 장성군 진원면,경상사고,0,0,2,0,차대사람 - 차도통행중,안전운전불이행,건조,맑음,교차로 - 교차로부근,자전거,남,52세,경상,보행자,여,81세,경상
2018072400100120,2018년 7월 24일 08시,화요일,전라남도 장성군 황룡면,경상사고,0,0,2,0,차대차 - 추돌,안전운전불이행,건조,맑음,교차로 - 교차로부근,승용,남,48세,상해없음,승용,여,47세,경상
2018072400100171,2018년 7월 24일 09시,화요일,전라남도 영광군 대마면,경상사고,0,0,4,0,차대차 - 측면충돌,안전운전불이행,건조,맑음,단일로 - 기타,화물,남,76세,상해없음,승용,남,50세,경상
2018072400100172,2018년 7월 24일 09시,화요일,전라남도 순천시 가곡동,경상사고,0,0,1,0,차대차 - 측면충돌,신호위반,건조,맑음,교차로 - 교차로안,승용,여,40세,상해없음,화물,여,47세,경상
2018072400100173,2018년 7월 24일 09시,화요일,전라남도 보성군 복내면,중상사고,0,2,0,0,차대차 - 정면충돌,중앙선침범,건조,맑음,단일로 - 기타,화물,남,56세,중상,화물,남,39세,중상
2018072400100174,2018년 7월 24일 09시,화요일,전라남도 영암군 덕진면,경상사고,0,0,2,0,차대차 - 추돌,안전운전불이행,건조,맑음,교차로 - 교차로부근,승용,여,35세,상해없음,승용,남,41세,경상