사고번호,사고일시,요일,시군구,사고내용,사망자수,중상자수,경상자수,부상신고자수,사고유형,법규위반,노면상태,기상상태,도로형태,가해운전자 차종,가해운전자 성별,가해운전자 연령,가해운전자 상해정도,피해운전자 차종,피해운전자 성별,피해운전자 연령,피해운전자 상해정도
2018080500100281,2018년 8월 5일 15시,일요일,전라남도 무안군 삼향읍,경상사고,0,0,1,0,차대차 - 후진중충돌,안전운전불이행,건조,맑음,기타 - 기타,승용,남,49세,상해없음,승용,남,39세,경상
2018080500100308,2018년 8월 5일 16시,일요일,전라남도 곡성군 오곡면,사망사고,1,0,0,0,차량단독 - 도로외이탈 - 추락,안전운전불이행,건조,맑음,교차로 - 교차로부근,이륜,남,60세,사망,,,,
2018080500100336,2018년 8월 5일 17시,일요일,전라남도 여수시 오림동,중상사고,0,1,0,0,차대차 - 측면충돌,중앙선침범,건조,맑음,단일로 - 기타,승용,남,52세,상해없음,이륜,남,44세,중상
2018080500100337,2018년 8월 5일 17시,일요일,전라남도 순천시 서면,경상사고,0,0,7,0,차대차 - 측면충돌,교차로운행방법위반,건조,맑음,교차로 - 교차로안,화물,남,68세,경상,화물,여,54세,경상
2018080500100338,2018년 8월 5일 17시,일요일,전라남도 순천시 조례동,중상사고,0,1,0,0,차대사람 - 횡단중,보행자보호의무위반,건조,맑음,교차로 - 교차로부근,승용,남,62세,상해없음,보행자,여,51세,중상
2018080500100339,2018년 8월 5일 17시,일요일,전라남도 나주시 산포면,경상사고,0,0,4,0,차대차 - 측면충돌,안전운전불이행,건조,맑음,단일로 - 기타,승용,남,37세,경상,승용,남,36세,경상
2018080500100340,2018년 8월 5일 17시,일요일,전라남도 영광군 법성면,경상사고,0,0,1,0,차량단독 - 공작물충돌,안전운전불이행,건조,맑음,단일로 - 기타,승용,남,24세,경상,,,,
2018080500100366,2018년 8월 5일 18시,일요일,전라남도 여수시 돌산읍,중상사고,0,1,1,0,차대차 - 측면충돌,과속,건조,맑음,단일로 - 기타,이륜,남,32세,기타불명,승용,남,33세,경상
2018080500100367,2018년 8월 5일 18시,일요일,전라남도 영광군 염산면,경상사고,0,0,1,0,차량단독 - 도로외이탈 - 추락,안전운전불이행,건조,맑음,단일로 - 기타,승용,남,63세,경상,,,,
2018080500100392,2018년 8월 5일 19시,일요일,전라남도 여수시 오천동,중상사고,0,1,0,0,차량단독 - 전도전복 - 전도,안전운전불이행,건조,맑음,단일로 - 기타,원동기,남,51세,중상,미분류,미분류,미분류,미분류
2018080500100446,2018년 8월 5일 21시,일요일,전라남도 보성군 미력면,경상사고,0,0,1,0,차량단독 - 전도전복 - 전도,안전운전불이행,건조,맑음,단일로 - 기타,사륜오토바이(ATV),남,53세,경상,미분류,미분류,미분류,미분류
2018080600100117,2018년 8월 6일 09시,월요일,전라남도 여수시 봉계동,경상사고,0,0,3,0,차대차 - 측면충돌,신호위반,건조,맑음,교차로 - 교차로안,승용,여,46세,상해없음,승용,남,66세,경상
2018080600100118,2018년 8월 6일 09시,월요일,전라남도 여수시 율촌면,사망사고,1,1,0,0,차대차 - 측면충돌,안전운전불이행,건조,맑음,단일로 - 기타,화물,여,61세,상해없음,이륜,남,80세,중상
2018080600100119,2018년 8월 6일 09시,월요일,전라남도 여수시 안산동,경상사고,0,0,1,0,차대차 - 측면충돌,교차로운행방법위반,건조,맑음,교차로 - 교차로안,승용,여,20세,상해없음,승용,여,41세,경상
2018080600100120,2018년 8월 6일 09시,월요일,전라남도 곡성군 곡성읍,경상사고,0,0,1,0,차대차 - 측면충돌,기타,건조,맑음,교차로 - 교차로안,승용,남,70세,상해없음,자전거,남,10세,경상
2018080600100146,2018년 8월 6일 10시,월요일,전라남도 목포시 용해동,중상사고,0,1,0,0,차대사람 - 횡단중,신호위반,건조,맑음,단일로 - 기타,화물,남,53세,상해없음,보행자,여,87세,중상
2018080600100147,2018년 8월 6일 10시,월요일,전라남도 영암군 영암읍,경상사고,0,0,2,0,차대차 - 기타,안전운전불이행,건조,맑음,주차장 - 주차장,화물,남,71세,상해없음,승용,여,51세,경상
2018080600100148,2018년 8월 6일 10시,월요일,전라남도 장성군 남면,경상사고,0,0,2,0,차대차 - 추돌,안전운전불이행,건조,맑음,교차로 - 교차로부근,화물,남,57세,경상,화물,남,52세,경상
2018080600100149,2018년 8월 6일 10시,월요일,전라남도 담양군 담양읍,경상사고,0,0,1,0,차대차 - 측면충돌,신호위반,건조,맑음,교차로 - 교차로안,승용,남,83세,상해없음,승용,남,61세,경상
2018080600100189,2018년 8월 6일 11시,월요일,전라남도 해남군 해남읍,경상사고,0,0,1,0,차대차 - 후진중충돌,불법유턴,건조,맑음,주차장 - 주차장,화물,남,64세,상해없음,승용,여,63세,경상
2018080600100190,2018년 8월 6일 11시,월요일,전라남도 영광군 군서면,경상사고,0,0,1,0,차대차 - 정면충돌,안전운전불이행,건조,맑음,단일로 - 기타,이륜,남,56세,경상,화물,남,58세,상해없음
2018080600100191,2018년 8월 6일 11시,월요일,전라남도 강진군 강진읍,경상사고,0,0,1,0,차대사람 - 기타,안전운전불이행,건조,맑음,교차로 - 교차로안,원동기,남,77세,상해없음,보행자,여,68세,경상
2018080600100232,2018년 8월 6일 12시,월요일,전라남도 영광군 군서면,중상사고,0,1,1,0,차대차 - 측면충돌,직진우회전진행방해,건조,맑음,교차로 - 교차로안,농기계,남,66세,경상,승용,남,71세,중상
2018080600100233,2018년 8월 6일 12시,월요일,전라남도 진도군 지산면,중상사고,0,1,0,0,차대차 - 측면충돌,교차로운행방법위반,건조,맑음,교차로 - 교차로안,이륜,남,77세,중상,화물,남,57세,상해없음
2018080600100281,2018년 8월 6일 14시,월요일,전라남도 무안군 몽탄면,경상사고,0,0,1,0,차대차 - 기타,안전운전불이행,건조,맑음,단일로 - 기타,승용,여,58세,상해없음,승용,남,24세,경상
2018080600100282,2018년 8월 6일 14시,월요일,전라남도 함평군 함평읍,경상사고,0,0,1,0,차대차 - 측면충돌,교차로운행방법위반,건조,맑음,교차로 - 교차로안,이륜,남,83세,경상,승용,남,57세,상해없음
2018080600100315,2018년 8월 6일 15시,월요일,전라남도 여수시 상암동,경상사고,0,0,1,0,차대차 - 측면충돌,중앙선침범,건조,맑음,단일로 - 기타,승용,남,34세,상해없음,승용,여,36세,경상
2018080600100316,2018년 8월 6일 15시,월요일,전라남도 영광군 영광읍,경상사고,0,0,3,0,차대차 - 측면충돌,직진우회전진행방해,건조,맑음,교차로 - 교차로안,화물,남,63세,경상,화물,남,57세,경상
2018080600100361,2018년 8월 6일 16시,월요일,전라남도 목포시 축복동1가,경상사고,0,0,5,0,차대차 - 측면충돌,안전운전불이행,건조,맑음,단일로 - 기타,승용,남,20세,경상,승용,남,25세,경상
2018080600100362,2018년 8월 6일 16시,월요일,전라남도 목포시 옥암동,중상사고,0,2,0,0,차대차 - 측면충돌,신호위반,건조,맑음,단일로 - 기타,승용,남,68세,상해없음,승용,여,63세,중상
2018080600100363,2018년 8월 6일 16시,월요일,전라남도 목포시 상동,경상사고,0,0,1,0,차대차 - 기타,안전운전불이행,건조,맑음,교차로 - 교차로부근,승합,남,55세,상해없음,승용,여,55세,경상
2018080600100364,2018년 8월 6일 16시,월요일,전라남도 여수시 문수동,경상사고,0,0,1,0,차대차 - 측면충돌,안전운전불이행,건조,맑음,단일로 - 기타,건설기계,남,50세,상해없음,승용,남,24세,경상
2018080600100365,2018년 8월 6일 16시,월요일,전라남도 담양군 고서면,중상사고,0,1,0,0,차대차 - 정면충돌,신호위반,건조,맑음,교차로 - 교차로안,사륜오토바이(ATV),남,77세,중상,승용,남,58세,상해없음
2018080600100403,2018년 8월 6일 17시,월요일,전라남도 목포시 옥암동,경상사고,0,0,4,0,차대차 - 기타,안전운전불이행,건조,맑음,교차로 - 교차로안,승용,여,43세,경상,화물,남,46세,상해없음
2018080600100448,2018년 8월 6일 18시,월요일,전라남도 여수시 돌산읍,경상사고,0,0,1,0,차대차 - 추돌,교차로운행방법위반,건조,맑음,교차로 - 교차로안,승용,남,56세,상해없음,이륜,남,41세,경상
2018080600100478,2018년 8월 6일 19시,월요일,전라남도 강진군 군동면,경상사고,0,0,1,0,차대차 - 추돌,안전운전불이행,건조,흐림,단일로 - 기타,승용,여,38세,상해없음,농기계,남,78세,경상
2018080600100505,2018년 8월 6일 20시,월요일,전라남도 나주시 세지면,중상사고,0,1,1,0,차대차 - 정면충돌,안전운전불이행,건조,맑음,단일로 - 기타,원동기,남,57세,경상,원동기,남,76세,중상
2018080600100506,2018년 8월 6일 20시,월요일,전라남도 광양시 옥곡면,경상사고,0,0,1,0,차대차 - 기타,직진우회전진행방해,젖음/습기,비,교차로 - 교차로안,화물,남,59세,상해없음,승용,여,54세,경상
2018080700100018,2018년 8월 7일 01시,화요일,전라남도 여수시 화장동,경상사고,0,0,1,0,차대차 - 측면충돌,신호위반,건조,맑음,교차로 - 교차로안,승용,남,58세,상해없음,승용,남,31세,경상
2018080700100105,2018년 8월 7일 08시,화요일,전라남도 무안군 일로읍,중상사고,0,1,0,0,차대사람 - 차도통행중,안전운전불이행,건조,맑음,단일로 - 기타,화물,남,50세,상해없음,보행자,여,69세,중상
2018080700100137,2018년 8월 7일 09시,화요일,전라남도 목포시 산정동,경상사고,0,0,1,0,차대차 - 기타,신호위반,건조,맑음,교차로 - 교차로안,화물,남,50세,상해없음,이륜,남,37세,경상
2018080700100163,2018년 8월 7일 10시,화요일,전라남도 영광군 염산면,경상사고,0,0,3,0,차대차 - 측면충돌,중앙선침범,건조,맑음,교차로 - 교차로안,승용,여,39세,상해없음,화물,남,23세,상해없음
2018080700100231,2018년 8월 7일 12시,화요일,전라남도 여수시 오림동,중상사고,0,1,0,0,차대차 - 측면충돌,중앙선침범,건조,맑음,교차로 - 교차로부근,승용,남,63세,상해없음,이륜,남,24세,중상
2018080700100232,2018년 8월 7일 12시,화요일,전라남도 여수시 교동,경상사고,0,0,1,0,차대사람 - 차도통행중,안전운전불이행,건조,맑음,단일로 - 기타,승용,남,72세,상해없음,보행자,여,66세,경상
2018080700100234,2018년 8월 7일 12시,화요일,전라남도 담양군 담양읍,부상신고사고,0,0,0,1,차대차 - 기타,안전운전불이행,건조,맑음,교차로 - 교차로부근,화물,남,48세,상해없음,자전거,남,61세,부상신고
2018080700100235,2018년 8월 7일 12시,화요일,전라남도 광양시 중동,경상사고,0,0,1,0,차대차 - 기타,신호위반,건조,맑음,교차로 - 교차로안,승용,남,69세,상해없음,승용,남,36세,경상
2018080700100267,2018년 8월 7일 13시,화요일,전라남도 순천시 서면,중상사고,0,1,0,0,차대차 - 기타,직진우회전진행방해,건조,맑음,교차로 - 교차로안,승용,남,53세,상해없음,이륜,남,50세,중상
2018080700100268,2018년 8월 7일 13시,화요일,전라남도 영광군 홍농읍,경상사고,0,0,2,0,차대차 - 측면충돌,안전운전불이행,건조,맑음,교차로 - 교차로안,화물,여,57세,경상,이륜,남,55세,경상
2018080700100269,2018년 8월 7일 13시,화요일,전라남도 화순군 이양면,중상사고,0,2,1,0,차대차 - 추돌,안전운전불이행,건조,맑음,단일로 - 기타,화물,남,28세,중상,화물,남,60세,중상
2018080700100270,2018년 8월 7일 13시,화요일,전라남도 강진군 강진읍,경상사고,0,0,1,0,차대차 - 측면충돌,신호위반,건조,맑음,교차로 - 교차로안,화물,남,64세,상해없음,승용,여,58세,경상
2018080700100271,2018년 8월 7일 13시,화요일,전라남도 담양군 대전면,중상사고,0,1,0,0,차대차 - 추돌,안전운전불이행,건조,맑음,교차로 - 교차로횡단보도내,승용,남,58세,상해없음,승용,여,46세,중상
2018080700100298,2018년 8월 7일 14시,화요일,전라남도 여수시 선원동,경상사고,0,0,1,0,차대차 - 측면충돌,직진우회전진행방해,건조,맑음,교차로 - 교차로부근,승용,여,42세,상해없음,승용,남,29세,경상
2018080700100299,2018년 8월 7일 14시,화요일,전라남도 화순군 이양면,경상사고,0,0,2,0,차대차 - 측면충돌,안전운전불이행,건조,맑음,단일로 - 기타,승용,여,50세,경상,화물,남,50세,상해없음
2018080700100367,2018년 8월 7일 16시,화요일,전라남도 영광군 염산면,중상사고,0,1,0,0,차량단독 - 도로외이탈 - 추락,안전운전불이행,건조,맑음,단일로 - 기타,원동기,남,79세,중상,,,,
2018080700100456,2018년 8월 7일 18시,화요일,전라남도 보성군 벌교읍,중상사고,0,1,0,0,차대사람 - 횡단중,안전운전불이행,젖음/습기,비,단일로 - 기타,화물,남,70세,상해없음,보행자,여,59세,중상
2018080700100457,2018년 8월 7일 18시,화요일,전라남도 강진군 군동면,중상사고,0,1,0,0,차량단독 - 기타,안전운전불이행,건조,맑음,단일로 - 기타,화물,여,64세,중상,,,,
2018080700100492,2018년 8월 7일 19시,화요일,전라남도 순천시 조례동,경상사고,0,0,2,0,차대차 - 측면충돌,교차로운행방법위반,건조,맑음,교차로 - 교차로안,승용,남,50세,상해없음,승용,여,23세,경상
2018080700100515,2018년 8월 7일 20시,화요일,전라남도 목포시 옥암동,경상사고,0,0,1,0,차대차 - 측면충돌,안전운전불이행,건조,기타,단일로 - 기타,승용,여,45세,상해없음,승용,여,25세,경상
2018080700100516,2018년 8월 7일 20시,화요일,전라남도 순천시 해룡면,경상사고,0,0,1,0,차대차 - 측면충돌,안전운전불이행,건조,맑음,교차로 - 교차로부근,이륜,남,47세,경상,승용,남,27세,상해없음
2018080800100059,2018년 8월 8일 06시,수요일,전라남도 나주시 노안면,중상사고,0,1,0,0,차량단독 - 기타,기타,건조,맑음,단일로 - 기타,승합,남,64세,상해없음,,,,
2018080800100108,2018년 8월 8일 08시,수요일,전라남도 곡성군 곡성읍,경상사고,0,0,3,0,차대차 - 정면충돌,안전운전불이행,건조,맑음,단일로 - 기타,승용,여,25세,경상,승용,남,49세,경상
2018080800100176,2018년 8월 8일 10시,수요일,전라남도 함평군 학교면,경상사고,0,0,1,1,차대차 - 측면충돌,직진우회전진행방해,건조,맑음,교차로 - 교차로안,승용,남,54세,부상신고,화물,남,58세,경상
2018080800100177,2018년 8월 8일 10시,수요일,전라남도 진도군 의신면,경상사고,0,0,3,0,차대차 - 기타,교차로운행방법위반,건조,맑음,교차로 - 교차로안,승용,남,55세,상해없음,화물,남,46세,경상
2018080800100228,2018년 8월 8일 12시,수요일,전라남도 목포시 옥암동,중상사고,0,1,0,0,차대사람 - 기타,안전운전불이행,건조,맑음,단일로 - 기타,승용,여,28세,상해없음,보행자,여,67세,중상
2018080800100229,2018년 8월 8일 12시,수요일,전라남도 신안군 압해읍,중상사고,0,1,2,0,차대차 - 기타,중앙선침범,건조,맑음,단일로 - 기타,화물,남,38세,상해없음,승용,남,61세,상해없음
2018080800100230,2018년 8월 8일 12시,수요일,전라남도 여수시 봉계동,중상사고,0,1,0,0,차대사람 - 횡단중,과속,건조,맑음,단일로 - 기타,승용,남,51세,상해없음,보행자,남,18세,중상
2018080800100231,2018년 8월 8일 12시,수요일,전라남도 담양군 담양읍,경상사고,0,0,1,0,차대차 - 측면충돌,직진우회전진행방해,건조,맑음,교차로 - 교차로안,승용,남,35세,상해없음,이륜,남,53세,경상
2018080800100258,2018년 8월 8일 13시,수요일,전라남도 목포시 상동,경상사고,0,0,1,0,차대사람 - 기타,안전운전불이행,건조,맑음,단일로 - 기타,승용,여,47세,상해없음,보행자,남,11세,경상
2018080800100259,2018년 8월 8일 13시,수요일,전라남도 담양군 고서면,중상사고,0,2,0,0,차량단독 - 전도전복 - 전도,안전운전불이행,건조,맑음,단일로 - 기타,승용,남,25세,상해없음,미분류,미분류,미분류,미분류
2018080800100290,2018년 8월 8일 14시,수요일,전라남도 목포시 해안동2가,부상신고사고,0,0,0,1,차대사람 - 기타,안전운전불이행,건조,맑음,단일로 - 기타,승합,남,52세,상해없음,보행자,남,27세,부상신고
2018080800100291,2018년 8월 8일 14시,수요일,전라남도 고흥군 고흥읍,경상사고,0,0,1,0,차대차 - 측면충돌,안전운전불이행,건조,맑음,단일로 - 기타,이륜,남,73세,경상,화물,남,23세,상해없음
2018080800100292,2018년 8월 8일 14시,수요일,전라남도 보성군 조성면,중상사고,0,2,0,0,차대차 - 후진중충돌,안전운전불이행,건조,맑음,단일로 - 기타,승용,남,55세,상해없음,이륜,여,23세,중상
2018080800100388,2018년 8월 8일 17시,수요일,전라남도 여수시 문수동,중상사고,0,1,0,0,차대사람 - 횡단중,보행자보호의무위반,건조,맑음,단일로 - 기타,승용,여,46세,상해없음,보행자,여,49세,중상
2018080800100389,2018년 8월 8일 17시,수요일,전라남도 여수시 신기동,경상사고,0,0,1,0,차대차 - 측면충돌,안전운전불이행,젖음/습기,흐림,단일로 - 기타,승용,여,36세,상해없음,이륜,남,22세,경상
2018080800100439,2018년 8월 8일 18시,수요일,전라남도 순천시 해룡면,경상사고,0,0,3,0,차대차 - 추돌,안전운전불이행,건조,맑음,단일로 - 기타,승용,여,35세,상해없음,승용,남,39세,경상
2018080800100475,2018년 8월 8일 19시,수요일,전라남도 영광군 백수읍,중상사고,0,1,1,0,차량단독 - 공작물충돌,안전운전불이행,건조,맑음,단일로 - 기타,이륜,남,50세,경상,,,,
2018080800100500,2018년 8월 8일 20시,수요일,전라남도 장성군 장성읍,부상신고사고,0,0,0,1,차대차 - 측면충돌,안전운전불이행,건조,맑음,교차로 - 교차로안,승합,여,41세,부상신고,승용,남,52세,상해없음
2018080800100549,2018년 8월 8일 22시,수요일,전라남도 목포시 상동,경상사고,0,0,1,0,차대차 - 측면충돌,안전운전불이행,건조,맑음,단일로 - 기타,승용,남,20세,상해없음,승용,남,27세,경상
2018080800100550,2018년 8월 8일 22시,수요일,전라남도 여수시 둔덕동,경상사고,0,0,2,0,차대차 - 측면충돌,신호위반,건조,맑음,교차로 - 교차로안,승용,남,47세,경상,승용,남,36세,경상
2018080900100013,2018년 8월 9일 00시,목요일,전라남도 순천시 해룡면,중상사고,0,1,0,0,차대차 - 측면충돌,안전운전불이행,건조,맑음,단일로 - 기타,이륜,남,25세,중상,승용,남,47세,기타불명
2018080900100037,2018년 8월 9일 02시,목요일,전라남도 영암군 덕진면,부상신고사고,0,0,0,1,차량단독 - 공작물충돌,안전운전불이행,건조,맑음,교차로 - 교차로안,승용,여,39세,부상신고,,,,
2018080900100050,2018년 8월 9일 04시,목요일,전라남도 완도군 군외면,중상사고,0,1,1,0,차량단독 - 공작물충돌,안전운전불이행,건조,맑음,단일로 - 기타,승용,남,21세,경상,,,,
2018080900100064,2018년 8월 9일 05시,목요일,전라남도 목포시 옥암동,경상사고,0,0,3,0,차대차 - 기타,안전운전불이행,건조,맑음,단일로 - 기타,승용,남,35세,상해없음,승용,남,18세,경상
2018080900100093,2018년 8월 9일 07시,목요일,전라남도 순천시 장천동,중상사고,0,4,1,0,차대차 - 기타,교차로운행방법위반,건조,맑음,교차로 - 교차로안,승합,남,58세,상해없음,승용,남,50세,경상
2018080900100094,2018년 8월 9일 07시,목요일,전라남도 보성군 벌교읍,중상사고,0,1,0,0,차대사람 - 횡단중,안전운전불이행,건조,맑음,단일로 - 기타,승용,남,40세,상해없음,보행자,여,64세,중상
2018080900100095,2018년 8월 9일 07시,목요일,전라남도 화순군 화순읍,중상사고,0,1,1,0,차대차 - 측면충돌,신호위반,건조,맑음,교차로 - 교차로안,화물,남,59세,경상,화물,남,57세,중상
2018080900100124,2018년 8월 9일 08시,목요일,전라남도 나주시 다시면,경상사고,0,0,2,0,차대차 - 측면충돌,안전운전불이행,건조,맑음,단일로 - 기타,승용,여,59세,상해없음,승용,여,48세,경상
2018080900100155,2018년 8월 9일 09시,목요일,전라남도 순천시 남정동,중상사고,0,1,0,0,차대차 - 기타,교차로운행방법위반,건조,맑음,교차로 - 교차로안,승용,여,44세,상해없음,승합,남,44세,상해없음
2018080900100187,2018년 8월 9일 10시,목요일,전라남도 영암군 삼호읍,경상사고,0,0,2,0,차대차 - 측면충돌,안전운전불이행,건조,맑음,교차로 - 교차로안,승용,여,47세,상해없음,승용,남,71세,경상
2018080900100222,2018년 8월 9일 11시,목요일,전라남도 순천시 해룡면,사망사고,1,0,0,0,차대차 - 측면충돌,신호위반,건조,맑음,교차로 - 교차로안,이륜,남,82세,사망,승용,여,33세,상해없음
2018080900100251,2018년 8월 9일 12시,목요일,전라남도 곡성군 옥과면,중상사고,0,1,0,0,차량단독 - 공작물충돌,안전운전불이행,건조,맑음,단일로 - 기타,이륜,남,54세,중상,,,,
2018080900100252,2018년 8월 9일 12시,목요일,전라남도 무안군 삼향읍,경상사고,0,0,1,0,차대차 - 측면충돌,안전운전불이행,건조,맑음,기타 - 기타,승용,여,19세,상해없음,승용,남,70세,경상
2018080900100316,2018년 8월 9일 14시,목요일,전라남도 담양군 담양읍,중상사고,0,1,0,0,차대차 - 기타,신호위반,건조,맑음,교차로 - 교차로안,화물,남,59세,상해없음,승용,남,77세,중상
2018080900100356,2018년 8월 9일 15시,목요일,전라남도 목포시 연산동,경상사고,0,0,1,0,차대차 - 추돌,안전운전불이행,건조,맑음,단일로 - 기타,승용,여,29세,상해없음,승용,남,30세,경상
2018080900100357,2018년 8월 9일 15시,목요일,전라남도 여수시 문수동,경상사고,0,0,1,0,차대차 - 측면충돌,직진우회전진행방해,건조,맑음,교차로 - 교차로안,화물,남,61세,상해없음,승용,여,61세,경상
2018080900100358,2018년 8월 9일 15시,목요일,전라남도 순천시 조례동,경상사고,0,0,1,0,차대차 - 추돌,안전거리미확보,건조,맑음,단일로 - 기타,승용,남,69세,상해없음,승용,남,52세,경상
2018080900100395,2018년 8월 9일 16시,목요일,전라남도 여수시 공화동,중상사고,0,1,0,0,차대차 - 측면충돌,안전운전불이행,건조,맑음,교차로 - 교차로안,승합,남,55세,상해없음,이륜,남,53세,중상
2018080900100396,2018년 8월 9일 16시,목요일,전라남도 여수시 선원동,경상사고,0,0,1,0,차대차 - 기타,안전운전불이행,건조,맑음,교차로 - 교차로안,화물,남,67세,상해없음,화물,남,24세,상해없음
2018080900100397,2018년 8월 9일 16시,목요일,전라남도 장흥군 장흥읍,경상사고,0,0,1,0,차대차 - 측면충돌,안전운전불이행,건조,맑음,교차로 - 교차로안,화물,남,33세,상해없음,자전거,남,75세,경상
2018080900100398,2018년 8월 9일 16시,목요일,전라남도 보성군 벌교읍,경상사고,0,0,1,0,차대차 - 측면충돌,안전거리미확보,건조,맑음,단일로 - 기타,승합,남,67세,상해없음,자전거,남,59세,경상
2018080900100399,2018년 8월 9일 16시,목요일,전라남도 장성군 장성읍,경상사고,0,0,1,0,차대사람 - 기타,안전운전불이행,건조,맑음,교차로 - 교차로안,화물,남,57세,상해없음,보행자,남,66세,경상
2018080900100437,2018년 8월 9일 17시,목요일,전라남도 여수시 여서동,중상사고,0,1,1,0,차대차 - 측면충돌,안전운전불이행,건조,맑음,단일로 - 기타,이륜,남,47세,경상,승용,남,39세,중상
2018080900100438,2018년 8월 9일 17시,목요일,전라남도 담양군 고서면,부상신고사고,0,0,0,1,차대사람 - 기타,안전운전불이행,건조,맑음,단일로 - 기타,승용,여,61세,상해없음,보행자,남,54세,부상신고
2018080900100472,2018년 8월 9일 18시,목요일,전라남도 영암군 학산면,사망사고,1,0,0,0,차량단독 - 공작물충돌,안전운전불이행,건조,맑음,단일로 - 기타,승용,남,61세,사망,,,,
2018080900100519,2018년 8월 9일 19시,목요일,전라남도 여수시 둔덕동,중상사고,0,1,0,0,차대차 - 정면충돌,중앙선침범,건조,맑음,단일로 - 기타,승용,남,45세,상해없음,화물,남,62세,중상
2018080900100520,2018년 8월 9일 19시,목요일,전라남도 나주시 송월동,경상사고,0,0,1,0,차대차 - 측면충돌,교차로운행방법위반,건조,맑음,교차로 - 교차로안,화물,남,57세,상해없음,승용,여,48세,경상
2018080900100521,2018년 8월 9일 19시,목요일,전라남도 구례군 구례읍,중상사고,0,1,0,0,차대사람 - 차도통행중,안전운전불이행,건조,맑음,기타 - 기타,승용,남,65세,상해없음,보행자,여,76세,중상
2018080900100543,2018년 8월 9일 20시,목요일,전라남도 여수시 학동,경상사고,0,0,1,0,차대차 - 측면충돌,교차로운행방법위반,건조,맑음,교차로 - 교차로안,승용,여,25세,상해없음,승용,남,69세,경상
2018080900100595,2018년 8월 9일 22시,목요일,전라남도 목포시 상동,중상사고,0,1,0,0,차대사람 - 기타,보행자보호의무위반,건조,맑음,기타 - 기타,승용,남,44세,상해없음,보행자,여,18세,중상
2018081000100008,2018년 8월 10일 00시,금요일,전라남도 순천시 조례동,경상사고,0,0,1,0,차대사람 - 길가장자리구역통행중,안전운전불이행,건조,맑음,교차로 - 교차로안,승용,남,44세,상해없음,보행자,남,19세,경상
2018081000100054,2018년 8월 10일 05시,금요일,전라남도 여수시 소라면,중상사고,0,1,0,0,차량단독 - 기타,안전운전불이행,건조,맑음,단일로 - 기타,승합,남,41세,상해없음,,,,
2018081000100055,2018년 8월 10일 05시,금요일,전라남도 순천시 장천동,사망사고,1,0,0,0,차대사람 - 횡단중,안전운전불이행,건조,맑음,교차로 - 교차로횡단보도내,승용,여,60세,상해없음,보행자,여,78세,사망
2018081000100092,2018년 8월 10일 07시,금요일,전라남도 목포시 죽교동,경상사고,0,0,3,0,차대차 - 추돌,안전운전불이행,젖음/습기,흐림,단일로 - 기타,화물,남,51세,경상,승용,여,60세,경상
2018081000100093,2018년 8월 10일 07시,금요일,전라남도 영암군 삼호읍,경상사고,0,0,1,0,차대차 - 측면충돌,안전운전불이행,젖음/습기,흐림,교차로 - 교차로안,승용,남,52세,상해없음,승용,남,42세,경상
2018081000100153,2018년 8월 10일 09시,금요일,전라남도 담양군 담양읍,경상사고,0,0,1,0,차대차 - 기타,중앙선침범,건조,맑음,단일로 - 기타,원동기,남,79세,경상,사륜오토바이(ATV),남,86세,상해없음
2018081000100177,2018년 8월 10일 10시,금요일,전라남도 여수시 돌산읍,경상사고,0,0,2,0,차대차 - 측면충돌,차로위반,건조,맑음,단일로 - 기타,승용,남,28세,상해없음,승용,남,71세,경상
2018081000100178,2018년 8월 10일 10시,금요일,전라남도 광양시 옥곡면,경상사고,0,0,1,0,차대차 - 측면충돌,안전운전불이행,건조,맑음,교차로 - 교차로안,승용,여,36세,경상,건설기계,남,27세,상해없음
2018081000100241,2018년 8월 10일 12시,금요일,전라남도 순천시 인제동,경상사고,0,0,1,0,차대차 - 측면충돌,안전운전불이행,건조,맑음,단일로 - 기타,승용,남,21세,경상,화물,남,76세,상해없음
2018081000100242,2018년 8월 10일 12시,금요일,전라남도 해남군 삼산면,경상사고,0,0,1,0,차대차 - 측면충돌,교차로운행방법위반,건조,맑음,교차로 - 교차로안,화물,남,28세,기타불명,승용,남,64세,경상
2018081000100243,2018년 8월 10일 12시,금요일,전라남도 담양군 금성면,중상사고,0,1,1,0,차대차 - 측면충돌,직진우회전진행방해,건조,맑음,교차로 - 교차로안,승용,남,58세,경상,화물,남,59세,중상
2018081000100281,2018년 8월 10일 13시,금요일,전라남도 나주시 용산동,중상사고,0,1,2,0,차대차 - 측면충돌,중앙선침범,건조,맑음,단일로 - 기타,승용,남,55세,상해없음,승용,남,60세,경상
2018081000100282,2018년 8월 10일 13시,금요일,전라남도 무안군 무안읍,경상사고,0,0,1,0,차대차 - 측면충돌,안전운전불이행,건조,맑음,교차로 - 교차로부근,승용,남,25세,상해없음,승용,여,70세,경상
2018081000100314,2018년 8월 10일 14시,금요일,전라남도 목포시 상동,경상사고,0,0,1,0,차대차 - 정면충돌,신호위반,건조,맑음,교차로 - 교차로안,승용,남,33세,상해없음,승용,남,39세,경상
2018081000100315,2018년 8월 10일 14시,금요일,전라남도 여수시 신기동,경상사고,0,0,2,0,차대차 - 측면충돌,신호위반,건조,맑음,교차로 - 교차로안,승용,남,47세,상해없음,승용,남,29세,경상
2018081000100316,2018년 8월 10일 14시,금요일,전라남도 순천시 해룡면,경상사고,0,0,3,0,차대차 - 추돌,안전거리미확보,건조,맑음,교차로 - 교차로부근,화물,남,25세,경상,승용,남,75세,경상