사고번호,사고일시,요일,시군구,사고내용,사망자수,중상자수,경상자수,부상신고자수,사고유형,법규위반,노면상태,기상상태,도로형태,가해운전자 차종,가해운전자 성별,가해운전자 연령,가해운전자 상해정도,피해운전자 차종,피해운전자 성별,피해운전자 연령,피해운전자 상해정도
2018081000100317,2018년 8월 10일 14시,금요일,전라남도 순천시 주암면,중상사고,0,1,0,0,차대차 - 측면충돌,교차로운행방법위반,건조,맑음,교차로 - 교차로안,이륜,남,55세,중상,승합,남,50세,상해없음
2018081000100361,2018년 8월 10일 15시,금요일,전라남도 여수시 학동,중상사고,0,1,0,0,차대사람 - 횡단중,보행자보호의무위반,건조,맑음,교차로 - 교차로부근,승용,여,38세,상해없음,보행자,여,71세,중상
2018081000100398,2018년 8월 10일 16시,금요일,전라남도 무안군 몽탄면,중상사고,0,1,0,0,차량단독 - 기타,안전운전불이행,건조,맑음,단일로 - 기타,승용,남,25세,상해없음,,,,
2018081000100399,2018년 8월 10일 16시,금요일,전라남도 여수시 여서동,경상사고,0,0,1,0,차대사람 - 횡단중,보행자보호의무위반,건조,맑음,교차로 - 교차로횡단보도내,승용,여,69세,기타불명,보행자,남,11세,경상
2018081000100400,2018년 8월 10일 16시,금요일,전라남도 장성군 장성읍,경상사고,0,0,4,0,차대차 - 측면충돌,안전운전불이행,건조,맑음,교차로 - 교차로안,승용,여,50세,상해없음,승용,여,37세,경상
2018081000100443,2018년 8월 10일 17시,금요일,전라남도 순천시 풍덕동,중상사고,0,1,0,0,차대차 - 측면충돌,교차로운행방법위반,건조,맑음,교차로 - 교차로안,승용,여,42세,상해없음,이륜,여,63세,중상
2018081000100493,2018년 8월 10일 18시,금요일,전라남도 목포시 산정동,경상사고,0,0,2,0,차대차 - 측면충돌,안전운전불이행,건조,맑음,단일로 - 기타,승용,여,48세,기타불명,승용,여,40세,경상
2018081000100577,2018년 8월 10일 20시,금요일,전라남도 순천시 연향동,경상사고,0,0,1,0,차대차 - 측면충돌,직진우회전진행방해,건조,맑음,교차로 - 교차로안,승용,남,57세,상해없음,승용,남,31세,상해없음
2018081000100578,2018년 8월 10일 20시,금요일,전라남도 강진군 작천면,경상사고,0,0,2,0,차대차 - 측면충돌,안전운전불이행,젖음/습기,비,단일로 - 기타,승용,남,27세,경상,승용,여,25세,상해없음
2018081000100631,2018년 8월 10일 22시,금요일,전라남도 여수시 여서동,경상사고,0,0,1,0,차대차 - 측면충돌,교차로운행방법위반,건조,맑음,교차로 - 교차로안,승용,남,47세,상해없음,승용,남,35세,경상
2018081100100017,2018년 8월 11일 00시,토요일,전라남도 목포시 연산동,경상사고,0,0,1,0,차대차 - 측면충돌,직진우회전진행방해,젖음/습기,비,교차로 - 교차로안,승용,남,25세,상해없음,승용,여,46세,경상
2018081100100018,2018년 8월 11일 00시,토요일,전라남도 고흥군 도양읍,경상사고,0,0,1,0,차대차 - 측면충돌,안전운전불이행,건조,맑음,교차로 - 교차로안,승용,남,19세,상해없음,승용,여,50세,상해없음
2018081100100034,2018년 8월 11일 01시,토요일,전라남도 여수시 오림동,경상사고,0,0,1,0,차대차 - 추돌,안전운전불이행,건조,맑음,교차로 - 교차로부근,승용,여,58세,상해없음,승용,남,60세,경상
2018081100100059,2018년 8월 11일 04시,토요일,전라남도 강진군 강진읍,경상사고,0,0,3,0,차대차 - 측면충돌,직진우회전진행방해,건조,흐림,교차로 - 교차로안,승용,남,55세,상해없음,승용,남,22세,경상
2018081100100091,2018년 8월 11일 06시,토요일,전라남도 광양시 중동,부상신고사고,0,0,0,1,차대차 - 기타,안전운전불이행,건조,흐림,단일로 - 기타,승용,남,32세,부상신고,승용,남,49세,기타불명
2018081100100102,2018년 8월 11일 07시,토요일,전라남도 여수시 광무동,경상사고,0,0,1,0,차대차 - 측면충돌,안전운전불이행,건조,맑음,단일로 - 기타,승용,남,40세,상해없음,승용,남,52세,경상
2018081100100103,2018년 8월 11일 07시,토요일,전라남도 광양시 중동,중상사고,0,1,0,0,차대사람 - 횡단중,신호위반,건조,맑음,교차로 - 교차로안,승용,남,55세,상해없음,보행자,여,39세,중상
2018081100100124,2018년 8월 11일 08시,토요일,전라남도 나주시 세지면,경상사고,0,0,1,0,차대차 - 추돌,안전운전불이행,건조,맑음,단일로 - 기타,승용,남,50세,상해없음,승용,여,37세,경상
2018081100100125,2018년 8월 11일 08시,토요일,전라남도 고흥군 도양읍,중상사고,0,1,2,0,차대차 - 추돌,안전운전불이행,건조,맑음,교차로 - 교차로안,화물,남,77세,중상,승용,남,57세,경상
2018081100100182,2018년 8월 11일 10시,토요일,전라남도 신안군 암태면,중상사고,0,1,0,0,차대차 - 기타,안전운전불이행,건조,맑음,교차로 - 교차로부근,이륜,여,75세,중상,승용,남,49세,상해없음
2018081100100207,2018년 8월 11일 11시,토요일,전라남도 목포시 산정동,경상사고,0,0,1,0,차대차 - 기타,안전거리미확보,건조,맑음,단일로 - 기타,승용,남,59세,상해없음,승용,남,73세,경상
2018081100100208,2018년 8월 11일 11시,토요일,전라남도 장흥군 장흥읍,경상사고,0,0,3,1,차대차 - 측면충돌,안전운전불이행,건조,맑음,단일로 - 기타,건설기계,남,56세,부상신고,승용,남,48세,경상
2018081100100209,2018년 8월 11일 11시,토요일,전라남도 완도군 완도읍,경상사고,0,0,1,0,차대사람 - 횡단중,보행자보호의무위반,건조,맑음,교차로 - 교차로부근,화물,남,48세,상해없음,보행자,여,56세,경상
2018081100100240,2018년 8월 11일 12시,토요일,전라남도 목포시 연산동,경상사고,0,0,1,0,차대차 - 기타,안전운전불이행,건조,맑음,교차로 - 교차로부근,승용,여,53세,상해없음,화물,남,38세,경상
2018081100100274,2018년 8월 11일 13시,토요일,전라남도 여수시 선원동,중상사고,0,1,0,0,차대차 - 추돌,교차로운행방법위반,건조,맑음,교차로 - 교차로안,승용,여,41세,상해없음,이륜,남,22세,중상
2018081100100275,2018년 8월 11일 13시,토요일,전라남도 고흥군 도양읍,경상사고,0,0,4,0,차대차 - 측면충돌,교차로운행방법위반,건조,맑음,교차로 - 교차로안,화물,남,41세,경상,승합,남,59세,상해없음
2018081100100276,2018년 8월 11일 13시,토요일,전라남도 진도군 진도읍,중상사고,0,1,0,0,차대차 - 추돌,차로위반,건조,맑음,단일로 - 기타,승용,남,48세,상해없음,이륜,남,61세,중상
2018081100100317,2018년 8월 11일 14시,토요일,전라남도 담양군 수북면,중상사고,0,3,1,0,차대차 - 측면충돌,과속,건조,맑음,교차로 - 교차로안,승용,여,53세,상해없음,승용,남,45세,중상
2018081100100354,2018년 8월 11일 15시,토요일,전라남도 목포시 산정동,경상사고,0,0,1,0,차대차 - 추돌,안전운전불이행,건조,맑음,교차로 - 교차로부근,승용,남,36세,상해없음,화물,남,38세,경상
2018081100100418,2018년 8월 11일 17시,토요일,전라남도 순천시 조곡동,경상사고,0,0,2,0,차대차 - 측면충돌,안전운전불이행,건조,맑음,교차로 - 교차로안,승용,남,65세,상해없음,승용,여,27세,경상
2018081100100419,2018년 8월 11일 17시,토요일,전라남도 나주시 다시면,사망사고,1,0,0,0,차대차 - 기타,차로위반,건조,맑음,단일로 - 기타,건설기계,남,40세,상해없음,이륜,남,21세,사망
2018081100100457,2018년 8월 11일 18시,토요일,전라남도 목포시 용당동,경상사고,0,0,1,0,차대차 - 추돌,안전운전불이행,건조,맑음,단일로 - 기타,승용,여,61세,상해없음,승용,남,47세,경상
2018081100100458,2018년 8월 11일 18시,토요일,전라남도 여수시 화장동,중상사고,0,1,0,0,차대차 - 측면충돌,불법유턴,건조,맑음,교차로 - 교차로부근,승용,남,45세,상해없음,이륜,남,40세,중상
2018081100100487,2018년 8월 11일 19시,토요일,전라남도 순천시 매곡동,경상사고,0,0,6,0,차대차 - 기타,교차로운행방법위반,건조,맑음,교차로 - 교차로안,화물,남,62세,상해없음,승용,남,32세,경상
2018081100100488,2018년 8월 11일 19시,토요일,전라남도 함평군 함평읍,경상사고,0,0,1,0,차대차 - 기타,안전운전불이행,건조,맑음,단일로 - 기타,이륜,남,71세,경상,화물,남,46세,상해없음
2018081100100489,2018년 8월 11일 19시,토요일,전라남도 담양군 담양읍,경상사고,0,0,8,0,차대차 - 추돌,안전운전불이행,건조,맑음,교차로 - 교차로부근,승용,남,68세,상해없음,승용,남,37세,경상
2018081100100575,2018년 8월 11일 23시,토요일,전라남도 여수시 오림동,중상사고,0,2,0,0,차대차 - 측면충돌,신호위반,건조,맑음,교차로 - 교차로안,승용,남,79세,상해없음,승용,남,45세,중상
2018081200100008,2018년 8월 12일 00시,일요일,전라남도 무안군 삼향읍,경상사고,0,0,1,0,차대차 - 추돌,과속,건조,맑음,교차로 - 교차로안,승용,남,29세,상해없음,승용,남,68세,경상
2018081200100037,2018년 8월 12일 02시,일요일,전라남도 나주시 남평읍,중상사고,0,1,0,0,차량단독 - 전도전복 - 전도,안전운전불이행,건조,맑음,단일로 - 기타,이륜,남,36세,중상,미분류,미분류,미분류,미분류
2018081200100048,2018년 8월 12일 03시,일요일,전라남도 장성군 남면,경상사고,0,0,1,0,차대차 - 기타,차로위반,건조,맑음,단일로 - 기타,승용,여,46세,경상,승용,남,33세,상해없음
2018081200100060,2018년 8월 12일 04시,일요일,전라남도 광양시 성황동,경상사고,0,0,1,1,차대차 - 측면충돌,직진우회전진행방해,건조,맑음,교차로 - 교차로안,승합,여,39세,부상신고,승용,남,54세,경상
2018081200100123,2018년 8월 12일 09시,일요일,전라남도 순천시 조례동,경상사고,0,0,2,0,차대차 - 추돌,안전운전불이행,건조,맑음,교차로 - 교차로부근,승용,남,28세,상해없음,승용,남,59세,경상
2018081200100149,2018년 8월 12일 11시,일요일,전라남도 순천시 조곡동,중상사고,0,1,1,0,차량단독 - 공작물충돌,안전운전불이행,건조,맑음,단일로 - 기타,이륜,남,14세,중상,,,,
2018081200100171,2018년 8월 12일 12시,일요일,전라남도 여수시 국동,경상사고,0,0,2,0,차대차 - 측면충돌,차로위반,건조,맑음,단일로 - 기타,승용,여,41세,상해없음,승용,남,45세,경상
2018081200100172,2018년 8월 12일 12시,일요일,전라남도 순천시 인월동,경상사고,0,0,2,0,차대차 - 측면충돌,신호위반,건조,맑음,교차로 - 교차로안,승용,여,54세,상해없음,승용,남,33세,경상
2018081200100173,2018년 8월 12일 12시,일요일,전라남도 보성군 벌교읍,경상사고,0,0,4,0,차대차 - 측면충돌,기타,건조,맑음,단일로 - 기타,승합,남,70세,상해없음,승용,남,80세,경상
2018081200100233,2018년 8월 12일 14시,일요일,전라남도 여수시 호명동,중상사고,0,1,0,0,차량단독 - 기타,안전운전불이행,건조,맑음,단일로 - 기타,농기계,남,73세,중상,,,,
2018081200100234,2018년 8월 12일 14시,일요일,전라남도 담양군 봉산면,경상사고,0,0,1,0,차대차 - 추돌,안전거리미확보,건조,맑음,교차로 - 교차로부근,승용,남,81세,상해없음,승용,남,52세,기타불명
2018081200100260,2018년 8월 12일 15시,일요일,전라남도 순천시 덕암동,경상사고,0,0,2,0,차대차 - 추돌,안전운전불이행,건조,맑음,단일로 - 기타,승용,남,28세,상해없음,승용,여,22세,경상
2018081200100261,2018년 8월 12일 15시,일요일,전라남도 담양군 담양읍,경상사고,0,0,3,0,차대차 - 측면충돌,불법유턴,건조,맑음,단일로 - 기타,승용,남,58세,상해없음,승용,여,64세,경상
2018081200100300,2018년 8월 12일 16시,일요일,전라남도 나주시 노안면,중상사고,0,1,0,0,차대차 - 정면충돌,안전운전불이행,건조,맑음,단일로 - 기타,승용,남,24세,상해없음,이륜,남,51세,중상
2018081200100301,2018년 8월 12일 16시,일요일,전라남도 완도군 군외면,중상사고,0,1,0,0,차량단독 - 도로외이탈 - 추락,안전운전불이행,건조,맑음,단일로 - 기타,화물,남,45세,중상,,,,
2018081200100350,2018년 8월 12일 18시,일요일,전라남도 여수시 선원동,중상사고,0,1,0,0,차대차 - 측면충돌,안전운전불이행,건조,맑음,단일로 - 기타,승용,남,25세,상해없음,이륜,남,45세,중상
2018081200100351,2018년 8월 12일 18시,일요일,전라남도 나주시 빛가람동,경상사고,0,0,2,0,차대사람 - 횡단중,안전운전불이행,건조,맑음,교차로 - 교차로안,이륜,남,36세,경상,보행자,여,18세,경상
2018081200100372,2018년 8월 12일 19시,일요일,전라남도 여수시 관문동,중상사고,0,1,0,0,차대차 - 측면충돌,교차로운행방법위반,건조,맑음,교차로 - 교차로안,이륜,남,72세,중상,승용,남,57세,상해없음
2018081200100373,2018년 8월 12일 19시,일요일,전라남도 강진군 성전면,경상사고,0,0,1,0,차대차 - 측면충돌,신호위반,건조,맑음,교차로 - 교차로안,승용,남,67세,상해없음,승용,남,28세,경상
2018081200100374,2018년 8월 12일 19시,일요일,전라남도 구례군 마산면,중상사고,0,1,1,0,차대차 - 정면충돌,중앙선침범,건조,맑음,단일로 - 기타,승용,남,65세,경상,승용,남,45세,중상
2018081200100406,2018년 8월 12일 20시,일요일,전라남도 해남군 해남읍,경상사고,0,0,1,0,차대차 - 기타,안전운전불이행,건조,맑음,교차로 - 교차로부근,화물,남,67세,상해없음,승용,남,22세,경상
2018081200100425,2018년 8월 12일 21시,일요일,전라남도 광양시 마동,부상신고사고,0,0,0,1,차대차 - 추돌,안전운전불이행,건조,맑음,단일로 - 기타,승용,여,49세,부상신고,화물,남,48세,상해없음
2018081200100455,2018년 8월 12일 23시,일요일,전라남도 무안군 일로읍,경상사고,0,0,2,0,차대차 - 추돌,과속,건조,맑음,단일로 - 교량,화물,남,50세,상해없음,승용,남,39세,경상
2018081300100007,2018년 8월 13일 00시,월요일,전라남도 여수시 문수동,경상사고,0,0,2,0,차대차 - 기타,안전운전불이행,건조,맑음,단일로 - 기타,승용,남,24세,상해없음,승용,남,22세,경상
2018081300100058,2018년 8월 13일 06시,월요일,전라남도 여수시 신기동,경상사고,0,0,1,0,차대차 - 측면충돌,신호위반,건조,맑음,교차로 - 교차로안,승용,남,41세,상해없음,승용,남,51세,경상
2018081300100059,2018년 8월 13일 06시,월요일,전라남도 화순군 도곡면,경상사고,0,0,4,1,차대차 - 기타,신호위반,건조,맑음,교차로 - 교차로안,화물,남,65세,상해없음,승용,남,24세,경상
2018081300100085,2018년 8월 13일 07시,월요일,전라남도 순천시 해룡면,경상사고,0,0,1,0,차대차 - 측면충돌,안전거리미확보,건조,맑음,단일로 - 기타,승용,여,23세,상해없음,승용,여,46세,경상
2018081300100123,2018년 8월 13일 08시,월요일,전라남도 목포시 용해동,경상사고,0,0,2,0,차대차 - 기타,안전운전불이행,건조,맑음,교차로 - 교차로부근,승용,여,33세,경상,건설기계,남,44세,경상
2018081300100124,2018년 8월 13일 08시,월요일,전라남도 순천시 연향동,중상사고,0,1,0,0,차대사람 - 기타,보행자보호의무위반,건조,맑음,단일로 - 기타,승용,남,61세,상해없음,보행자,여,59세,중상
2018081300100125,2018년 8월 13일 08시,월요일,전라남도 나주시 송월동,경상사고,0,0,1,0,차대차 - 측면충돌,안전운전불이행,건조,맑음,단일로 - 기타,승용,남,35세,상해없음,승합,남,69세,상해없음
2018081300100158,2018년 8월 13일 09시,월요일,전라남도 순천시 중앙동,경상사고,0,0,1,0,차대사람 - 횡단중,보행자보호의무위반,건조,맑음,단일로 - 기타,승합,남,47세,상해없음,보행자,여,44세,경상
2018081300100159,2018년 8월 13일 09시,월요일,전라남도 고흥군 동강면,경상사고,0,0,2,0,차대차 - 측면충돌,안전운전불이행,건조,맑음,단일로 - 기타,사륜오토바이(ATV),남,72세,상해없음,승합,남,50세,경상
2018081300100160,2018년 8월 13일 09시,월요일,전라남도 함평군 함평읍,경상사고,0,0,1,0,차대사람 - 기타,안전운전불이행,건조,맑음,단일로 - 기타,승용,남,68세,상해없음,보행자,여,63세,경상
2018081300100194,2018년 8월 13일 10시,월요일,전라남도 신안군 임자면,경상사고,0,0,2,0,차대차 - 추돌,안전운전불이행,건조,맑음,단일로 - 기타,승용,남,50세,상해없음,화물,여,53세,경상
2018081300100195,2018년 8월 13일 10시,월요일,전라남도 여수시 여서동,경상사고,0,0,2,0,차대차 - 추돌,안전운전불이행,건조,맑음,단일로 - 기타,승합,여,49세,기타불명,승용,남,40세,경상
2018081300100196,2018년 8월 13일 10시,월요일,전라남도 영암군 군서면,중상사고,0,1,0,0,차대차 - 기타,안전운전불이행,건조,맑음,교차로 - 교차로안,이륜,남,83세,중상,건설기계,남,53세,상해없음
2018081300100226,2018년 8월 13일 11시,월요일,전라남도 진도군 의신면,중상사고,0,2,1,0,차대차 - 기타,교차로운행방법위반,건조,맑음,교차로 - 교차로안,승용,남,80세,중상,화물,남,34세,경상
2018081300100227,2018년 8월 13일 11시,월요일,전라남도 진도군 의신면,경상사고,0,0,1,0,차대차 - 추돌,안전거리미확보,건조,맑음,단일로 - 기타,승용,여,49세,경상,승용,남,80세,상해없음
2018081300100261,2018년 8월 13일 12시,월요일,전라남도 목포시 상동,경상사고,0,0,1,0,차대차 - 기타,안전운전불이행,건조,맑음,단일로 - 기타,승용,남,38세,상해없음,자전거,여,52세,경상
2018081300100262,2018년 8월 13일 12시,월요일,전라남도 목포시 옥암동,경상사고,0,0,2,0,차대차 - 측면충돌,중앙선침범,건조,맑음,단일로 - 기타,승용,남,41세,상해없음,승용,남,55세,경상
2018081300100263,2018년 8월 13일 12시,월요일,전라남도 목포시 상동,경상사고,0,0,2,0,차대차 - 기타,중앙선침범,건조,맑음,단일로 - 기타,승용,여,54세,경상,승합,남,51세,경상
2018081300100299,2018년 8월 13일 13시,월요일,전라남도 목포시 연산동,경상사고,0,0,1,0,차대차 - 측면충돌,차로위반,건조,맑음,단일로 - 기타,화물,남,54세,상해없음,승용,남,54세,경상
2018081300100343,2018년 8월 13일 14시,월요일,전라남도 여수시 봉산동,경상사고,0,0,2,0,차대차 - 추돌,안전운전불이행,건조,맑음,교차로 - 교차로부근,승용,여,54세,상해없음,승용,남,23세,경상
2018081300100379,2018년 8월 13일 15시,월요일,전라남도 해남군 옥천면,중상사고,0,1,0,0,차대차 - 기타,안전운전불이행,건조,맑음,단일로 - 기타,승용,남,83세,기타불명,이륜,남,55세,중상
2018081300100380,2018년 8월 13일 15시,월요일,전라남도 보성군 보성읍,중상사고,0,1,0,0,차대차 - 측면충돌,불법유턴,건조,맑음,교차로 - 교차로안,승용,여,53세,상해없음,이륜,남,81세,중상
2018081300100418,2018년 8월 13일 16시,월요일,전라남도 여수시 학동,중상사고,0,1,0,0,차대사람 - 보도통행중,기타,건조,맑음,단일로 - 기타,승용,남,47세,상해없음,보행자,여,64세,중상
2018081300100419,2018년 8월 13일 16시,월요일,전라남도 해남군 해남읍,경상사고,0,0,2,0,차대차 - 측면충돌,신호위반,건조,맑음,교차로 - 교차로안,승합,남,71세,경상,승합,남,48세,경상
2018081300100420,2018년 8월 13일 16시,월요일,전라남도 영암군 미암면,중상사고,0,3,2,0,차대차 - 정면충돌,중앙선침범,건조,맑음,단일로 - 기타,승용,여,42세,중상,화물,남,64세,경상
2018081300100454,2018년 8월 13일 17시,월요일,전라남도 목포시 옥암동,중상사고,0,1,0,0,차대사람 - 차도통행중,안전운전불이행,건조,맑음,단일로 - 기타,승용,여,33세,상해없음,보행자,남,6세,중상
2018081300100455,2018년 8월 13일 17시,월요일,전라남도 목포시 산정동,경상사고,0,0,1,0,차대차 - 기타,안전운전불이행,건조,맑음,단일로 - 기타,화물,남,59세,상해없음,승용,남,45세,경상
2018081300100456,2018년 8월 13일 17시,월요일,전라남도 여수시 봉계동,경상사고,0,0,1,0,차대차 - 정면충돌,안전운전불이행,건조,맑음,단일로 - 기타,승용,남,53세,상해없음,승용,여,44세,경상
2018081300100457,2018년 8월 13일 17시,월요일,전라남도 순천시 별량면,중상사고,0,1,0,0,차대차 - 측면충돌,안전운전불이행,건조,맑음,교차로 - 교차로안,승용,여,59세,상해없음,이륜,남,69세,중상
2018081300100513,2018년 8월 13일 18시,월요일,전라남도 목포시 대성동,경상사고,0,0,1,0,차대차 - 추돌,안전거리미확보,건조,맑음,단일로 - 기타,이륜,남,21세,상해없음,승용,남,57세,경상
2018081300100514,2018년 8월 13일 18시,월요일,전라남도 여수시 학동,경상사고,0,0,1,0,차대차 - 추돌,교차로운행방법위반,건조,맑음,교차로 - 교차로안,승용,여,53세,상해없음,승용,남,27세,경상
2018081300100515,2018년 8월 13일 18시,월요일,전라남도 장성군 장성읍,경상사고,0,0,1,0,차대차 - 측면충돌,신호위반,건조,맑음,교차로 - 교차로안,승용,남,20세,상해없음,승용,여,64세,경상
2018081300100556,2018년 8월 13일 19시,월요일,전라남도 고흥군 풍양면,중상사고,0,1,0,0,차대사람 - 길가장자리구역통행중,안전운전불이행,건조,맑음,단일로 - 기타,화물,남,40세,상해없음,보행자,여,71세,중상
2018081300100557,2018년 8월 13일 19시,월요일,전라남도 고흥군 점암면,중상사고,0,1,1,0,차대차 - 측면충돌,중앙선침범,건조,맑음,단일로 - 기타,이륜,남,77세,중상,승용,남,30세,경상
2018081300100558,2018년 8월 13일 19시,월요일,전라남도 광양시 마동,중상사고,0,1,0,0,차대사람 - 기타,안전운전불이행,건조,맑음,기타 - 기타,승용,여,40세,상해없음,보행자,여,49세,중상
2018081300100559,2018년 8월 13일 19시,월요일,전라남도 광양시 중동,중상사고,0,1,1,0,차대차 - 측면충돌,교차로운행방법위반,건조,흐림,교차로 - 교차로안,승용,여,48세,중상,승용,여,34세,경상
2018081300100626,2018년 8월 13일 21시,월요일,전라남도 순천시 조례동,경상사고,0,0,1,0,차대차 - 기타,안전운전불이행,건조,맑음,단일로 - 기타,이륜,남,42세,경상,승용,남,40세,상해없음
2018081300100652,2018년 8월 13일 22시,월요일,전라남도 영광군 불갑면,사망사고,1,0,0,0,차량단독 - 전도전복 - 전도,안전운전불이행,건조,맑음,단일로 - 기타,이륜,남,68세,사망,미분류,미분류,미분류,미분류
2018081300100668,2018년 8월 13일 23시,월요일,전라남도 여수시 여서동,부상신고사고,0,0,0,1,차대사람 - 횡단중,기타,건조,맑음,교차로 - 교차로부근,승용,남,27세,상해없음,보행자,여,57세,부상신고
2018081400100060,2018년 8월 14일 05시,화요일,전라남도 나주시 동수동,중상사고,0,2,0,0,차대차 - 추돌,안전거리미확보,건조,맑음,단일로 - 기타,승용,남,77세,상해없음,농기계,남,70세,중상
2018081400100061,2018년 8월 14일 05시,화요일,전라남도 광양시 중동,경상사고,0,0,1,0,차대사람 - 횡단중,안전운전불이행,건조,맑음,단일로 - 기타,승용,남,55세,상해없음,보행자,여,90세 이상,경상
2018081400100095,2018년 8월 14일 07시,화요일,전라남도 광양시 진상면,경상사고,0,0,1,0,차대차 - 측면충돌,안전거리미확보,건조,맑음,교차로 - 교차로부근,화물,여,48세,경상,승용,남,55세,상해없음
2018081400100126,2018년 8월 14일 08시,화요일,전라남도 여수시 문수동,경상사고,0,0,1,0,차대사람 - 횡단중,안전운전불이행,건조,맑음,교차로 - 교차로안,승용,남,66세,상해없음,보행자,여,27세,경상
2018081400100195,2018년 8월 14일 10시,화요일,전라남도 강진군 강진읍,경상사고,0,0,1,0,차대차 - 측면충돌,안전운전불이행,건조,맑음,단일로 - 기타,자전거,남,71세,경상,자전거,남,14세,상해없음
2018081400100231,2018년 8월 14일 11시,화요일,전라남도 신안군 압해읍,경상사고,0,0,1,0,차대차 - 기타,안전운전불이행,건조,맑음,교차로 - 교차로안,기타불명,기타불명,미분류,기타불명,화물,남,56세,경상
2018081400100232,2018년 8월 14일 11시,화요일,전라남도 여수시 돌산읍,중상사고,0,1,0,0,차대차 - 측면충돌,안전운전불이행,건조,맑음,교차로 - 교차로부근,원동기,남,84세,중상,승용,여,27세,상해없음
2018081400100233,2018년 8월 14일 11시,화요일,전라남도 나주시 왕곡면,중상사고,0,2,3,0,차대차 - 측면충돌,신호위반,건조,맑음,교차로 - 교차로안,승용,남,36세,경상,승용,남,75세,중상
2018081400100234,2018년 8월 14일 11시,화요일,전라남도 영암군 삼호읍,경상사고,0,0,2,0,차대차 - 기타,신호위반,건조,맑음,교차로 - 교차로안,승용,여,70세,상해없음,승용,여,60세,경상
2018081400100235,2018년 8월 14일 11시,화요일,전라남도 영암군 삼호읍,경상사고,0,0,1,1,차대차 - 측면충돌,신호위반,건조,맑음,교차로 - 교차로안,특수,남,42세,부상신고,건설기계,남,61세,경상
2018081400100236,2018년 8월 14일 11시,화요일,전라남도 장성군 삼계면,중상사고,0,1,1,0,차대차 - 측면충돌,안전운전불이행,건조,맑음,단일로 - 기타,승용,남,57세,상해없음,승용,여,58세,경상
2018081400100237,2018년 8월 14일 11시,화요일,전라남도 담양군 담양읍,중상사고,0,1,0,0,차대차 - 기타,불법유턴,건조,맑음,단일로 - 기타,승용,남,33세,상해없음,이륜,남,24세,중상
2018081400100264,2018년 8월 14일 12시,화요일,전라남도 함평군 함평읍,경상사고,0,0,3,2,차대차 - 측면충돌,직진우회전진행방해,건조,맑음,교차로 - 교차로안,승용,남,28세,상해없음,화물,남,75세,경상
2018081400100265,2018년 8월 14일 12시,화요일,전라남도 광양시 광양읍,경상사고,0,0,3,0,차대차 - 추돌,안전운전불이행,건조,맑음,교차로 - 교차로안,승용,남,62세,경상,승용,남,61세,경상
2018081400100295,2018년 8월 14일 13시,화요일,전라남도 여수시 종화동,경상사고,0,0,1,0,차대차 - 추돌,직진우회전진행방해,건조,맑음,교차로 - 교차로안,승용,남,40세,상해없음,승용,남,54세,경상
2018081400100333,2018년 8월 14일 14시,화요일,전라남도 무안군 삼향읍,중상사고,0,1,0,0,차대차 - 측면충돌,신호위반,건조,맑음,교차로 - 교차로안,승용,남,55세,상해없음,화물,남,45세,중상
2018081400100364,2018년 8월 14일 15시,화요일,전라남도 나주시 남외동,중상사고,0,1,0,0,차대차 - 측면충돌,안전운전불이행,건조,맑음,교차로 - 교차로안,화물,남,65세,상해없음,자전거,남,77세,중상
2018081400100404,2018년 8월 14일 16시,화요일,전라남도 여수시 문수동,경상사고,0,0,5,0,차대차 - 측면충돌,신호위반,건조,맑음,교차로 - 교차로안,승용,여,50세,상해없음,승용,남,47세,경상
2018081400100448,2018년 8월 14일 17시,화요일,전라남도 목포시 용당동,경상사고,0,0,2,0,차대차 - 측면충돌,안전운전불이행,건조,맑음,기타 - 기타,승용,남,72세,경상,승용,여,55세,경상
2018081400100509,2018년 8월 14일 18시,화요일,전라남도 목포시 상동,중상사고,0,1,0,0,차대차 - 기타,신호위반,건조,맑음,교차로 - 교차로안,승합,남,55세,상해없음,이륜,남,31세,중상
2018081400100510,2018년 8월 14일 18시,화요일,전라남도 여수시 문수동,경상사고,0,0,1,0,차대사람 - 길가장자리구역통행중,안전운전불이행,건조,맑음,단일로 - 기타,승용,남,69세,상해없음,보행자,여,59세,경상
2018081400100511,2018년 8월 14일 18시,화요일,전라남도 순천시 연향동,중상사고,0,2,0,0,차대차 - 측면충돌,교차로운행방법위반,건조,맑음,교차로 - 교차로안,이륜,남,65세,중상,승용,남,51세,중상
2018081400100552,2018년 8월 14일 19시,화요일,전라남도 나주시 노안면,중상사고,0,1,0,0,차대차 - 측면충돌,안전운전불이행,건조,맑음,단일로 - 기타,화물,남,63세,상해없음,이륜,여,55세,중상
2018081400100660,2018년 8월 14일 23시,화요일,전라남도 목포시 상동,경상사고,0,0,2,0,차대사람 - 횡단중,안전운전불이행,건조,맑음,교차로 - 교차로안,승용,남,60세,상해없음,보행자,남,36세,경상
2018081400100661,2018년 8월 14일 23시,화요일,전라남도 나주시 중앙동,경상사고,0,0,1,0,차대차 - 측면충돌,직진우회전진행방해,건조,맑음,교차로 - 교차로안,승용,여,37세,경상,승합,남,68세,상해없음