사고번호,사고일시,요일,시군구,사고내용,사망자수,중상자수,경상자수,부상신고자수,사고유형,법규위반,노면상태,기상상태,도로형태,가해운전자 차종,가해운전자 성별,가해운전자 연령,가해운전자 상해정도,피해운전자 차종,피해운전자 성별,피해운전자 연령,피해운전자 상해정도
2018091500100323,2018년 9월 15일 13시,토요일,전라남도 나주시 이창동,경상사고,0,0,4,0,차대차 - 측면충돌,직진우회전진행방해,건조,맑음,교차로 - 교차로안,승용,남,71세,경상,승용,남,48세,경상
2018091500100324,2018년 9월 15일 13시,토요일,전라남도 영암군 학산면,경상사고,0,0,1,0,차대차 - 추돌,안전운전불이행,건조,맑음,단일로 - 기타,화물,남,52세,상해없음,화물,남,54세,경상
2018091500100325,2018년 9월 15일 13시,토요일,전라남도 강진군 강진읍,경상사고,0,0,1,0,차대차 - 측면충돌,기타,건조,맑음,교차로 - 교차로안,승용,여,54세,상해없음,원동기,남,73세,경상
2018091500100326,2018년 9월 15일 13시,토요일,전라남도 강진군 마량면,경상사고,0,0,1,0,차대사람 - 기타,안전운전불이행,건조,맑음,단일로 - 기타,화물,남,55세,상해없음,보행자,남,77세,경상
2018091500100355,2018년 9월 15일 14시,토요일,전라남도 함평군 함평읍,부상신고사고,0,0,0,1,차량단독 - 공작물충돌,안전운전불이행,건조,맑음,단일로 - 기타,이륜,남,59세,부상신고,,,,
2018091500100390,2018년 9월 15일 15시,토요일,전라남도 나주시 산포면,중상사고,0,1,1,0,차대차 - 측면충돌,안전운전불이행,건조,흐림,교차로 - 교차로안,화물,남,21세,경상,승용,남,61세,중상
2018091500100429,2018년 9월 15일 16시,토요일,전라남도 목포시 상동,경상사고,0,0,1,0,차대사람 - 횡단중,보행자보호의무위반,건조,맑음,교차로 - 교차로횡단보도내,승용,여,69세,상해없음,보행자,남,44세,경상
2018091500100430,2018년 9월 15일 16시,토요일,전라남도 여수시 미평동,경상사고,0,0,1,0,차대사람 - 기타,안전운전불이행,건조,맑음,단일로 - 기타,승용,남,30세,상해없음,보행자,여,18세,경상
2018091500100505,2018년 9월 15일 18시,토요일,전라남도 보성군 조성면,경상사고,0,0,4,1,차대차 - 측면충돌,안전운전불이행,건조,맑음,교차로 - 교차로안,승용,남,87세,경상,승용,남,47세,부상신고
2018091500100506,2018년 9월 15일 18시,토요일,전라남도 강진군 강진읍,경상사고,0,0,1,0,차대차 - 측면충돌,안전운전불이행,건조,맑음,단일로 - 기타,승용,여,38세,경상,화물,남,63세,상해없음
2018091500100535,2018년 9월 15일 19시,토요일,전라남도 목포시 석현동,경상사고,0,0,2,0,차대차 - 기타,차로위반,건조,맑음,교차로 - 교차로안,승용,남,58세,상해없음,승용,남,36세,경상
2018091500100536,2018년 9월 15일 19시,토요일,전라남도 여수시 서교동,중상사고,0,1,0,0,차대사람 - 횡단중,안전운전불이행,건조,맑음,단일로 - 기타,승용,남,63세,상해없음,보행자,남,65세,중상
2018091500100595,2018년 9월 15일 21시,토요일,전라남도 순천시 조례동,경상사고,0,0,1,0,차대차 - 측면충돌,직진우회전진행방해,젖음/습기,흐림,교차로 - 교차로안,승용,여,50세,상해없음,승용,여,32세,경상
2018091500100596,2018년 9월 15일 21시,토요일,전라남도 보성군 벌교읍,경상사고,0,0,2,0,차대차 - 측면충돌,직진우회전진행방해,젖음/습기,흐림,교차로 - 교차로안,화물,남,51세,상해없음,승합,남,64세,경상
2018091500100597,2018년 9월 15일 21시,토요일,전라남도 광양시 옥곡면,경상사고,0,0,1,0,차대차 - 추돌,안전운전불이행,젖음/습기,비,단일로 - 기타,승용,남,60세,기타불명,승용,남,66세,상해없음
2018091500100620,2018년 9월 15일 22시,토요일,전라남도 목포시 해안동1가,경상사고,0,0,1,0,차대차 - 기타,안전운전불이행,건조,맑음,교차로 - 교차로안,승용,남,22세,상해없음,이륜,남,21세,경상
2018091500100652,2018년 9월 15일 23시,토요일,전라남도 여수시 오림동,경상사고,0,0,1,0,차대차 - 측면충돌,안전운전불이행,건조,맑음,단일로 - 기타,승용,여,22세,상해없음,승용,여,53세,경상
2018091500100653,2018년 9월 15일 23시,토요일,전라남도 순천시 해룡면,경상사고,0,0,1,0,차대차 - 기타,신호위반,건조,맑음,교차로 - 교차로안,이륜,남,32세,경상,승용,남,62세,상해없음
2018091600100026,2018년 9월 16일 01시,일요일,전라남도 해남군 옥천면,경상사고,0,0,2,0,차대차 - 추돌,안전운전불이행,건조,맑음,단일로 - 기타,승용,남,37세,상해없음,승용,남,33세,경상
2018091600100056,2018년 9월 16일 03시,일요일,전라남도 순천시 연향동,중상사고,0,1,1,0,차대차 - 추돌,안전운전불이행,건조,맑음,단일로 - 기타,화물,남,33세,상해없음,승용,남,58세,경상
2018091600100095,2018년 9월 16일 06시,일요일,전라남도 고흥군 동강면,경상사고,0,0,1,0,차대사람 - 길가장자리구역통행중,안전운전불이행,건조,맑음,단일로 - 기타,승용,남,75세,상해없음,보행자,남,87세,경상
2018091600100171,2018년 9월 16일 10시,일요일,전라남도 장흥군 유치면,중상사고,0,1,0,0,차대차 - 측면충돌,중앙선침범,건조,맑음,단일로 - 기타,건설기계,남,49세,상해없음,승용,남,79세,중상
2018091600100190,2018년 9월 16일 11시,일요일,전라남도 장흥군 관산읍,경상사고,0,0,1,0,차대차 - 후진중충돌,안전운전불이행,건조,맑음,단일로 - 기타,화물,남,39세,상해없음,화물,남,80세,경상
2018091600100214,2018년 9월 16일 12시,일요일,전라남도 목포시 산정동,경상사고,0,0,2,0,차대차 - 기타,교차로운행방법위반,건조,맑음,교차로 - 교차로부근,화물,남,71세,상해없음,승용,여,36세,상해없음
2018091600100215,2018년 9월 16일 12시,일요일,전라남도 고흥군 동일면,중상사고,0,1,0,0,차대차 - 기타,안전운전불이행,건조,맑음,단일로 - 기타,화물,남,61세,상해없음,화물,남,59세,중상
2018091600100242,2018년 9월 16일 13시,일요일,전라남도 화순군 화순읍,경상사고,0,0,4,0,차대차 - 측면충돌,직진우회전진행방해,건조,맑음,교차로 - 교차로안,승합,남,50세,경상,승용,여,45세,경상
2018091600100243,2018년 9월 16일 13시,일요일,전라남도 함평군 해보면,경상사고,0,0,3,1,차대차 - 추돌,안전운전불이행,건조,맑음,단일로 - 기타,승용,여,45세,부상신고,승용,남,32세,경상
2018091600100244,2018년 9월 16일 13시,일요일,전라남도 담양군 담양읍,중상사고,0,2,1,0,차대차 - 기타,과속,건조,맑음,단일로 - 기타,승용,남,28세,중상,승용,남,47세,중상
2018091600100272,2018년 9월 16일 14시,일요일,전라남도 강진군 도암면,중상사고,0,2,0,0,차량단독 - 공작물충돌,안전운전불이행,건조,맑음,단일로 - 기타,승용,여,35세,중상,,,,
2018091600100305,2018년 9월 16일 15시,일요일,전라남도 장흥군 관산읍,경상사고,0,0,1,0,차량단독 - 도로외이탈 - 기타,안전운전불이행,건조,맑음,단일로 - 기타,이륜,남,75세,경상,,,,
2018091600100306,2018년 9월 16일 15시,일요일,전라남도 해남군 산이면,부상신고사고,0,0,0,1,차량단독 - 기타,안전운전불이행,건조,맑음,단일로 - 기타,이륜,남,86세,부상신고,,,,
2018091600100307,2018년 9월 16일 15시,일요일,전라남도 함평군 나산면,중상사고,0,1,0,0,차대사람 - 기타,안전운전불이행,건조,맑음,단일로 - 기타,화물,남,71세,상해없음,보행자,남,4세,중상
2018091600100345,2018년 9월 16일 16시,일요일,전라남도 순천시 덕월동,경상사고,0,0,1,0,차대차 - 측면충돌,안전운전불이행,건조,맑음,교차로 - 교차로부근,승용,여,47세,상해없음,승용,여,64세,경상
2018091600100391,2018년 9월 16일 17시,일요일,전라남도 나주시 산포면,경상사고,0,0,2,0,차대차 - 측면충돌,중앙선침범,건조,맑음,단일로 - 기타,승용,남,45세,상해없음,승용,남,48세,경상
2018091600100392,2018년 9월 16일 17시,일요일,전라남도 담양군 담양읍,경상사고,0,0,4,0,차대차 - 측면충돌,직진우회전진행방해,건조,맑음,교차로 - 교차로안,승용,남,36세,경상,승용,남,24세,경상
2018091600100415,2018년 9월 16일 18시,일요일,전라남도 순천시 인제동,중상사고,0,1,0,0,차대사람 - 기타,안전운전불이행,건조,맑음,교차로 - 교차로부근,승용,남,50세,상해없음,보행자,남,63세,중상
2018091600100416,2018년 9월 16일 18시,일요일,전라남도 나주시 빛가람동,중상사고,0,1,0,0,차대차 - 측면충돌,신호위반,건조,맑음,교차로 - 교차로안,승용,남,38세,상해없음,승용,남,27세,중상
2018091600100447,2018년 9월 16일 19시,일요일,전라남도 고흥군 금산면,중상사고,0,1,0,0,차량단독 - 기타,안전운전불이행,건조,맑음,교차로 - 교차로안,이륜,남,78세,중상,,,,
2018091600100448,2018년 9월 16일 19시,일요일,전라남도 영광군 영광읍,경상사고,0,0,1,0,차대사람 - 횡단중,안전운전불이행,건조,맑음,단일로 - 기타,이륜,남,75세,상해없음,보행자,남,52세,경상
2018091700100058,2018년 9월 17일 06시,월요일,전라남도 고흥군 도화면,부상신고사고,0,0,0,1,차대차 - 측면충돌,안전운전불이행,건조,맑음,단일로 - 기타,사륜오토바이(ATV),남,68세,부상신고,화물,남,61세,상해없음
2018091700100125,2018년 9월 17일 08시,월요일,전라남도 구례군 구례읍,경상사고,0,0,1,0,차대사람 - 기타,안전운전불이행,건조,맑음,주차장 - 주차장,승용,남,79세,상해없음,보행자,여,78세,경상
2018091700100166,2018년 9월 17일 09시,월요일,전라남도 고흥군 봉래면,사망사고,1,0,1,0,차량단독 - 기타,안전운전불이행,건조,맑음,단일로 - 기타,사륜오토바이(ATV),남,80세,경상,,,,
2018091700100167,2018년 9월 17일 09시,월요일,전라남도 강진군 강진읍,경상사고,0,0,1,0,차대차 - 기타,교차로운행방법위반,건조,맑음,교차로 - 교차로안,승용,남,61세,상해없음,화물,남,57세,경상
2018091700100198,2018년 9월 17일 10시,월요일,전라남도 화순군 화순읍,부상신고사고,0,0,0,5,차대차 - 측면충돌,교차로운행방법위반,건조,맑음,교차로 - 교차로안,승용,남,55세,상해없음,승용,남,20세,부상신고
2018091700100248,2018년 9월 17일 12시,월요일,전라남도 나주시 중앙동,경상사고,0,0,1,0,차대사람 - 기타,안전운전불이행,건조,맑음,단일로 - 기타,승용,남,28세,상해없음,보행자,여,20세,경상
2018091700100249,2018년 9월 17일 12시,월요일,전라남도 나주시 다시면,중상사고,0,1,0,0,차대차 - 측면충돌,안전운전불이행,건조,맑음,단일로 - 기타,화물,남,57세,상해없음,농기계,남,56세,중상
2018091700100250,2018년 9월 17일 12시,월요일,전라남도 함평군 함평읍,경상사고,0,0,1,0,차대차 - 기타,안전운전불이행,건조,맑음,단일로 - 기타,승용,여,53세,상해없음,승용,여,51세,상해없음
2018091700100312,2018년 9월 17일 14시,월요일,전라남도 나주시 세지면,경상사고,0,0,1,0,차대차 - 기타,중앙선침범,건조,맑음,단일로 - 기타,승용,여,52세,상해없음,화물,남,42세,경상
2018091700100313,2018년 9월 17일 14시,월요일,전라남도 영암군 삼호읍,경상사고,0,0,1,0,차대차 - 측면충돌,안전운전불이행,건조,맑음,교차로 - 교차로안,승용,여,50세,상해없음,화물,남,32세,경상
2018091700100362,2018년 9월 17일 15시,월요일,전라남도 목포시 옥암동,경상사고,0,0,1,0,차대차 - 기타,신호위반,건조,맑음,교차로 - 교차로안,승용,여,19세,상해없음,이륜,남,42세,경상
2018091700100363,2018년 9월 17일 15시,월요일,전라남도 순천시 해룡면,경상사고,0,0,1,0,차대차 - 추돌,안전거리미확보,건조,맑음,교차로 - 교차로부근,승용,남,42세,경상,승용,남,50세,상해없음
2018091700100364,2018년 9월 17일 15시,월요일,전라남도 진도군 진도읍,경상사고,0,0,1,0,차대차 - 추돌,교차로운행방법위반,건조,맑음,교차로 - 교차로안,승용,여,56세,상해없음,승용,여,61세,경상
2018091700100400,2018년 9월 17일 16시,월요일,전라남도 순천시 월등면,중상사고,0,1,3,0,차대차 - 기타,신호위반,건조,맑음,교차로 - 교차로안,승용,여,57세,경상,승용,여,49세,중상
2018091700100401,2018년 9월 17일 16시,월요일,전라남도 함평군 학교면,경상사고,0,0,1,0,차대차 - 기타,안전운전불이행,건조,맑음,교차로 - 교차로안,자전거,남,90세 이상,경상,화물,남,38세,상해없음
2018091700100402,2018년 9월 17일 16시,월요일,전라남도 광양시 광양읍,경상사고,0,0,1,0,차량단독 - 기타,교차로운행방법위반,건조,맑음,교차로 - 교차로안,승합,남,60세,상해없음,,,,
2018091700100449,2018년 9월 17일 17시,월요일,전라남도 장흥군 장흥읍,경상사고,0,0,1,0,차대차 - 측면충돌,교차로운행방법위반,건조,맑음,교차로 - 교차로안,화물,남,35세,상해없음,승용,여,54세,경상
2018091700100450,2018년 9월 17일 17시,월요일,전라남도 무안군 청계면,경상사고,0,0,1,0,차대사람 - 기타,안전운전불이행,건조,맑음,교차로 - 교차로안,승용,남,29세,상해없음,보행자,여,71세,경상
2018091700100451,2018년 9월 17일 17시,월요일,전라남도 무안군 삼향읍,경상사고,0,0,1,0,차대차 - 측면충돌,안전운전불이행,건조,맑음,단일로 - 기타,승용,여,43세,상해없음,승용,여,34세,경상
2018091700100452,2018년 9월 17일 17시,월요일,전라남도 구례군 구례읍,중상사고,0,1,0,0,차대차 - 측면충돌,안전운전불이행,건조,맑음,교차로 - 교차로안,화물,남,75세,상해없음,자전거,여,56세,중상
2018091700100453,2018년 9월 17일 17시,월요일,전라남도 구례군 산동면,경상사고,0,0,3,0,차대차 - 측면충돌,교차로운행방법위반,건조,맑음,교차로 - 교차로안,화물,남,77세,경상,승용,남,52세,경상
2018091700100500,2018년 9월 17일 18시,월요일,전라남도 목포시 달동,경상사고,0,0,1,0,차대사람 - 기타,안전운전불이행,건조,맑음,기타 - 기타,사륜오토바이(ATV),남,61세,상해없음,보행자,남,미분류,경상
2018091700100501,2018년 9월 17일 18시,월요일,전라남도 강진군 신전면,경상사고,0,0,1,0,차대차 - 기타,중앙선침범,건조,맑음,단일로 - 기타,승용,남,26세,상해없음,승합,남,63세,경상
2018091700100543,2018년 9월 17일 19시,월요일,전라남도 영광군 불갑면,사망사고,1,0,0,0,차대사람 - 차도통행중,안전운전불이행,건조,맑음,단일로 - 기타,화물,남,54세,상해없음,보행자,여,72세,사망
2018091700100580,2018년 9월 17일 20시,월요일,전라남도 목포시 상동,경상사고,0,0,6,0,차대차 - 기타,교차로운행방법위반,건조,맑음,단일로 - 기타,승용,여,39세,상해없음,승용,남,44세,경상
2018091700100581,2018년 9월 17일 20시,월요일,전라남도 목포시 상동,경상사고,0,0,1,0,차대차 - 측면충돌,신호위반,건조,맑음,교차로 - 교차로부근,승용,여,35세,상해없음,이륜,남,35세,경상
2018091700100582,2018년 9월 17일 20시,월요일,전라남도 장흥군 장흥읍,경상사고,0,0,1,0,차대사람 - 길가장자리구역통행중,안전운전불이행,건조,맑음,교차로 - 교차로안,승용,남,58세,상해없음,보행자,여,62세,경상
2018091700100672,2018년 9월 17일 23시,월요일,전라남도 여수시 만흥동,중상사고,0,1,3,0,차량단독 - 공작물충돌,안전운전불이행,건조,맑음,단일로 - 기타,승용,남,69세,경상,,,,
2018091800100031,2018년 9월 18일 02시,화요일,전라남도 순천시 해룡면,경상사고,0,0,1,0,차대사람 - 차도통행중,안전운전불이행,건조,맑음,교차로 - 교차로부근,승용,여,50세,상해없음,보행자,남,26세,경상
2018091800100039,2018년 9월 18일 03시,화요일,전라남도 광양시 성황동,경상사고,0,0,3,0,차대차 - 기타,안전거리미확보,건조,맑음,단일로 - 기타,승용,여,31세,경상,승용,여,42세,경상
2018091800100051,2018년 9월 18일 05시,화요일,전라남도 강진군 강진읍,경상사고,0,0,3,0,차대차 - 기타,교차로운행방법위반,건조,맑음,교차로 - 교차로안,승용,여,49세,경상,화물,남,44세,경상
2018091800100064,2018년 9월 18일 06시,화요일,전라남도 영암군 영암읍,경상사고,0,0,3,0,차대차 - 측면충돌,안전운전불이행,건조,맑음,교차로 - 교차로안,승용,남,63세,경상,화물,남,68세,경상
2018091800100091,2018년 9월 18일 07시,화요일,전라남도 목포시 상동,중상사고,0,1,0,0,차대사람 - 기타,안전운전불이행,건조,맑음,기타 - 기타,승용,남,53세,상해없음,보행자,남,71세,중상
2018091800100092,2018년 9월 18일 07시,화요일,전라남도 나주시 용산동,경상사고,0,0,1,0,차대차 - 측면충돌,안전운전불이행,건조,맑음,단일로 - 기타,원동기,남,48세,경상,승용,남,47세,상해없음
2018091800100141,2018년 9월 18일 08시,화요일,전라남도 영광군 군남면,중상사고,0,1,0,0,차대차 - 추돌,안전운전불이행,건조,맑음,단일로 - 기타,승용,남,76세,상해없음,이륜,남,69세,중상
2018091800100190,2018년 9월 18일 09시,화요일,전라남도 여수시 소라면,중상사고,0,1,0,0,차대차 - 추돌,안전운전불이행,건조,맑음,교차로 - 교차로안,승용,남,72세,상해없음,자전거,남,36세,중상
2018091800100191,2018년 9월 18일 09시,화요일,전라남도 여수시 돌산읍,경상사고,0,0,1,0,차대차 - 정면충돌,안전운전불이행,건조,맑음,단일로 - 기타,화물,남,76세,상해없음,승용,남,41세,상해없음
2018091800100227,2018년 9월 18일 10시,화요일,전라남도 목포시 용당동,경상사고,0,0,2,0,차대차 - 측면충돌,안전운전불이행,건조,맑음,단일로 - 기타,승용,여,64세,경상,승용,남,26세,경상
2018091800100261,2018년 9월 18일 11시,화요일,전라남도 함평군 나산면,경상사고,0,0,1,1,차대차 - 측면충돌,교차로운행방법위반,건조,맑음,교차로 - 교차로안,승용,여,45세,부상신고,건설기계,남,50세,경상
2018091800100287,2018년 9월 18일 12시,화요일,전라남도 영광군 염산면,중상사고,0,1,0,0,차량단독 - 공작물충돌,안전운전불이행,건조,맑음,단일로 - 기타,이륜,남,63세,중상,,,,
2018091800100288,2018년 9월 18일 12시,화요일,전라남도 완도군 완도읍,중상사고,0,1,0,0,차대사람 - 횡단중,보행자보호의무위반,건조,맑음,교차로 - 교차로횡단보도내,승용,남,41세,상해없음,보행자,남,16세,중상
2018091800100289,2018년 9월 18일 12시,화요일,전라남도 구례군 구례읍,중상사고,0,1,0,0,차대사람 - 보도통행중,안전운전불이행,건조,맑음,교차로 - 교차로부근,이륜,여,82세,상해없음,보행자,여,76세,중상
2018091800100319,2018년 9월 18일 13시,화요일,전라남도 목포시 산정동,경상사고,0,0,4,0,차대차 - 측면충돌,직진우회전진행방해,건조,맑음,교차로 - 교차로안,승용,여,34세,경상,승용,여,71세,경상
2018091800100320,2018년 9월 18일 13시,화요일,전라남도 순천시 별량면,중상사고,0,3,3,0,차대차 - 추돌,안전운전불이행,건조,맑음,단일로 - 기타,화물,남,67세,경상,화물,남,53세,경상
2018091800100356,2018년 9월 18일 14시,화요일,전라남도 목포시 호남동,중상사고,0,1,2,0,차대차 - 측면충돌,차로위반,건조,맑음,단일로 - 기타,화물,남,67세,경상,화물,여,61세,중상
2018091800100357,2018년 9월 18일 14시,화요일,전라남도 순천시 매곡동,경상사고,0,0,2,0,차대차 - 기타,직진우회전진행방해,건조,맑음,교차로 - 교차로안,화물,남,65세,상해없음,승용,여,34세,경상
2018091800100397,2018년 9월 18일 15시,화요일,전라남도 담양군 담양읍,중상사고,0,1,0,0,차대사람 - 기타,불법유턴,건조,맑음,기타 - 기타,승용,여,41세,상해없음,보행자,여,56세,중상
2018091800100398,2018년 9월 18일 15시,화요일,전라남도 담양군 담양읍,중상사고,0,1,0,0,차대차 - 기타,교차로운행방법위반,건조,맑음,교차로 - 교차로안,화물,남,49세,상해없음,이륜,남,78세,중상
2018091800100451,2018년 9월 18일 16시,화요일,전라남도 목포시 산정동,경상사고,0,0,1,0,차대차 - 측면충돌,안전운전불이행,건조,기타,단일로 - 기타,승용,남,56세,상해없음,화물,남,28세,경상
2018091800100452,2018년 9월 18일 16시,화요일,전라남도 광양시 마동,경상사고,0,0,2,0,차대차 - 측면충돌,교차로운행방법위반,건조,맑음,교차로 - 교차로안,승용,여,52세,경상,승용,남,37세,경상
2018091800100495,2018년 9월 18일 17시,화요일,전라남도 목포시 용당동,경상사고,0,0,1,0,차대차 - 측면충돌,안전운전불이행,건조,맑음,단일로 - 기타,승용,여,22세,상해없음,승용,남,31세,경상
2018091800100496,2018년 9월 18일 17시,화요일,전라남도 나주시 남평읍,경상사고,0,0,2,0,차대차 - 측면충돌,직진우회전진행방해,건조,맑음,단일로 - 기타,승용,남,66세,상해없음,승합,남,56세,경상
2018091800100497,2018년 9월 18일 17시,화요일,전라남도 완도군 보길면,중상사고,0,1,0,0,차대사람 - 횡단중,안전운전불이행,건조,맑음,단일로 - 기타,화물,남,58세,상해없음,보행자,남,4세,중상
2018091800100498,2018년 9월 18일 17시,화요일,전라남도 무안군 삼향읍,경상사고,0,0,1,0,차대차 - 정면충돌,안전운전불이행,건조,맑음,교차로 - 교차로안,승용,여,34세,상해없음,이륜,남,24세,경상
2018091800100530,2018년 9월 18일 18시,화요일,전라남도 목포시 산정동,경상사고,0,0,1,0,차량단독 - 기타,안전운전불이행,건조,맑음,단일로 - 기타,승합,남,62세,상해없음,,,,
2018091800100531,2018년 9월 18일 18시,화요일,전라남도 영광군 영광읍,경상사고,0,0,2,0,차대차 - 측면충돌,직진우회전진행방해,건조,맑음,교차로 - 교차로안,승용,남,63세,상해없음,승합,남,28세,경상
2018091800100577,2018년 9월 18일 19시,화요일,전라남도 목포시 산정동,경상사고,0,0,1,0,차대사람 - 기타,안전운전불이행,건조,기타,단일로 - 기타,승용,남,40세,상해없음,보행자,남,50세,경상
2018091800100578,2018년 9월 18일 19시,화요일,전라남도 여수시 호명동,경상사고,0,0,1,0,차대차 - 추돌,안전운전불이행,건조,맑음,교차로 - 교차로안,승용,여,47세,상해없음,화물,여,42세,경상
2018091800100579,2018년 9월 18일 19시,화요일,전라남도 순천시 조례동,중상사고,0,1,0,0,차대사람 - 횡단중,안전운전불이행,건조,맑음,교차로 - 교차로부근,승용,남,59세,상해없음,보행자,여,68세,중상
2018091800100580,2018년 9월 18일 19시,화요일,전라남도 나주시 금성동,경상사고,0,0,1,0,차대차 - 측면충돌,안전운전불이행,건조,맑음,단일로 - 기타,승용,여,28세,상해없음,승용,남,23세,경상
2018091800100581,2018년 9월 18일 19시,화요일,전라남도 고흥군 고흥읍,경상사고,0,0,1,0,차대차 - 추돌,안전운전불이행,건조,맑음,단일로 - 기타,승용,남,72세,상해없음,화물,남,38세,경상
2018091800100582,2018년 9월 18일 19시,화요일,전라남도 담양군 고서면,중상사고,0,1,0,0,차대사람 - 차도통행중,안전운전불이행,건조,맑음,단일로 - 기타,승용,남,52세,상해없음,보행자,남,76세,중상
2018091800100653,2018년 9월 18일 21시,화요일,전라남도 순천시 풍덕동,경상사고,0,0,1,0,차대사람 - 횡단중,보행자보호의무위반,건조,맑음,교차로 - 교차로부근,승용,여,56세,상해없음,보행자,남,43세,경상
2018091900100065,2018년 9월 19일 06시,수요일,전라남도 장성군 장성읍,경상사고,0,0,1,0,차대차 - 측면충돌,안전운전불이행,건조,맑음,단일로 - 기타,이륜,남,90세 이상,경상,승합,남,53세,상해없음
2018091900100066,2018년 9월 19일 06시,수요일,전라남도 강진군 강진읍,경상사고,0,0,1,0,차대차 - 기타,교차로운행방법위반,건조,맑음,교차로 - 교차로안,승용,남,27세,상해없음,화물,남,56세,경상
2018091900100095,2018년 9월 19일 07시,수요일,전라남도 여수시 둔덕동,경상사고,0,0,2,0,차대차 - 측면충돌,신호위반,건조,맑음,단일로 - 기타,승용,여,55세,상해없음,승용,남,59세,경상
2018091900100135,2018년 9월 19일 08시,수요일,전라남도 함평군 함평읍,경상사고,0,0,1,1,차대차 - 측면충돌,신호위반,건조,맑음,교차로 - 교차로안,승용,남,35세,부상신고,승용,남,75세,경상
2018091900100136,2018년 9월 19일 08시,수요일,전라남도 담양군 고서면,중상사고,0,1,0,0,차량단독 - 전도전복 - 전도,안전운전불이행,건조,맑음,단일로 - 기타,사륜오토바이(ATV),남,87세,중상,미분류,미분류,미분류,미분류
2018091900100170,2018년 9월 19일 09시,수요일,전라남도 여수시 서교동,경상사고,0,0,3,0,차대차 - 측면충돌,안전운전불이행,건조,맑음,교차로 - 교차로부근,승용,남,45세,경상,승용,남,66세,경상
2018091900100171,2018년 9월 19일 09시,수요일,전라남도 순천시 해룡면,중상사고,0,1,0,0,차대차 - 후진중충돌,안전운전불이행,건조,맑음,단일로 - 기타,승합,남,66세,상해없음,승용,여,38세,상해없음
2018091900100172,2018년 9월 19일 09시,수요일,전라남도 보성군 벌교읍,중상사고,0,1,0,0,차대사람 - 횡단중,안전운전불이행,건조,맑음,단일로 - 기타,화물,남,53세,상해없음,보행자,여,75세,중상
2018091900100200,2018년 9월 19일 10시,수요일,전라남도 영광군 영광읍,중상사고,0,1,2,0,차대차 - 측면충돌,기타,건조,흐림,교차로 - 교차로안,화물,남,50세,상해없음,승용,남,66세,중상
2018091900100201,2018년 9월 19일 10시,수요일,전라남도 담양군 금성면,중상사고,0,1,0,0,차량단독 - 기타,안전운전불이행,건조,흐림,단일로 - 기타,이륜,남,82세,중상,,,,
2018091900100228,2018년 9월 19일 11시,수요일,전라남도 목포시 상동,경상사고,0,0,1,0,차대차 - 추돌,안전운전불이행,건조,맑음,단일로 - 기타,승용,여,51세,상해없음,승용,남,31세,경상
2018091900100229,2018년 9월 19일 11시,수요일,전라남도 광양시 중동,경상사고,0,0,1,0,차대차 - 측면충돌,교차로운행방법위반,건조,맑음,교차로 - 교차로안,화물,남,58세,경상,승용,남,55세,상해없음
2018091900100298,2018년 9월 19일 13시,수요일,전라남도 보성군 보성읍,경상사고,0,0,1,0,차대차 - 추돌,안전거리미확보,건조,맑음,단일로 - 기타,이륜,남,63세,경상,화물,남,22세,상해없음
2018091900100359,2018년 9월 19일 15시,수요일,전라남도 목포시 산정동,중상사고,0,1,0,0,차대차 - 측면충돌,안전운전불이행,건조,흐림,단일로 - 기타,화물,남,71세,상해없음,이륜,남,40세,중상
2018091900100360,2018년 9월 19일 15시,수요일,전라남도 장성군 장성읍,경상사고,0,0,2,0,차대차 - 기타,안전운전불이행,건조,맑음,교차로 - 교차로안,화물,남,34세,상해없음,승용,여,55세,경상
2018091900100401,2018년 9월 19일 16시,수요일,전라남도 여수시 소호동,경상사고,0,0,1,0,차대차 - 추돌,교차로운행방법위반,건조,맑음,교차로 - 교차로안,승용,남,38세,상해없음,승용,남,41세,경상
2018091900100434,2018년 9월 19일 17시,수요일,전라남도 곡성군 오산면,중상사고,0,2,0,0,차량단독 - 공작물충돌,안전운전불이행,건조,맑음,단일로 - 기타,승용,여,53세,중상,,,,
2018091900100435,2018년 9월 19일 17시,수요일,전라남도 무안군 망운면,중상사고,0,1,0,0,차대차 - 정면충돌,안전운전불이행,젖음/습기,비,교차로 - 교차로안,화물,여,62세,상해없음,이륜,여,68세,중상
2018091900100501,2018년 9월 19일 18시,수요일,전라남도 목포시 석현동,경상사고,0,0,1,0,차대차 - 추돌,안전운전불이행,젖음/습기,비,단일로 - 기타,승용,남,57세,상해없음,승용,여,49세,경상
2018091900100502,2018년 9월 19일 18시,수요일,전라남도 진도군 진도읍,중상사고,0,2,2,0,차대차 - 정면충돌,신호위반,젖음/습기,흐림,교차로 - 교차로안,화물,남,66세,중상,승합,남,66세,상해없음
2018091900100551,2018년 9월 19일 19시,수요일,전라남도 순천시 연향동,경상사고,0,0,1,0,차대차 - 기타,안전운전불이행,젖음/습기,비,단일로 - 기타,이륜,남,42세,경상,승용,여,49세,상해없음
2018091900100552,2018년 9월 19일 19시,수요일,전라남도 보성군 보성읍,경상사고,0,0,1,0,차대사람 - 횡단중,안전운전불이행,젖음/습기,비,교차로 - 교차로안,승용,남,63세,상해없음,보행자,남,17세,경상