사고번호,사고일시,요일,시군구,사고내용,사망자수,중상자수,경상자수,부상신고자수,사고유형,법규위반,노면상태,기상상태,도로형태,가해운전자 차종,가해운전자 성별,가해운전자 연령,가해운전자 상해정도,피해운전자 차종,피해운전자 성별,피해운전자 연령,피해운전자 상해정도
2018100200100204,2018년 10월 2일 10시,화요일,전라남도 담양군 금성면,경상사고,0,0,2,0,차대차 - 측면충돌,과속,건조,맑음,단일로 - 기타,승용,남,30세,경상,승용,여,52세,상해없음
2018100200100238,2018년 10월 2일 11시,화요일,전라남도 나주시 산포면,중상사고,0,2,0,0,차대차 - 기타,교차로운행방법위반,건조,맑음,교차로 - 교차로안,화물,남,55세,상해없음,이륜,남,76세,중상
2018100200100265,2018년 10월 2일 12시,화요일,전라남도 순천시 서면,사망사고,1,0,1,1,차대차 - 측면충돌,신호위반,건조,맑음,교차로 - 교차로부근,이륜,남,29세,사망,화물,남,47세,부상신고
2018100200100266,2018년 10월 2일 12시,화요일,전라남도 광양시 중동,경상사고,0,0,1,0,차대차 - 기타,중앙선침범,건조,맑음,단일로 - 기타,승용,남,33세,상해없음,이륜,남,34세,경상
2018100200100340,2018년 10월 2일 14시,화요일,전라남도 목포시 옥암동,경상사고,0,0,1,0,차대차 - 기타,안전운전불이행,건조,맑음,단일로 - 기타,승용,남,52세,상해없음,승용,남,53세,경상
2018100200100341,2018년 10월 2일 14시,화요일,전라남도 여수시 신기동,경상사고,0,0,1,0,차대차 - 측면충돌,중앙선침범,건조,맑음,교차로 - 교차로부근,이륜,남,51세,경상,승용,여,58세,상해없음
2018100200100342,2018년 10월 2일 14시,화요일,전라남도 순천시 조곡동,경상사고,0,0,1,0,차대사람 - 기타,안전운전불이행,건조,맑음,단일로 - 기타,승용,여,27세,상해없음,보행자,여,46세,경상
2018100200100365,2018년 10월 2일 15시,화요일,전라남도 나주시 영산동,경상사고,0,0,1,1,차대차 - 측면충돌,교차로운행방법위반,건조,맑음,교차로 - 교차로안,승용,여,58세,경상,승용,남,59세,부상신고
2018100200100407,2018년 10월 2일 16시,화요일,전라남도 광양시 금호동,부상신고사고,0,0,0,1,차대차 - 추돌,안전운전불이행,건조,맑음,교차로 - 교차로부근,이륜,남,76세,부상신고,승용,여,44세,상해없음
2018100200100440,2018년 10월 2일 17시,화요일,전라남도 여수시 돌산읍,중상사고,0,1,0,0,차대사람 - 기타,안전운전불이행,건조,맑음,교차로 - 교차로안,화물,남,73세,상해없음,보행자,여,73세,중상
2018100200100441,2018년 10월 2일 17시,화요일,전라남도 영암군 학산면,경상사고,0,0,2,0,차대차 - 측면충돌,안전운전불이행,건조,맑음,단일로 - 기타,승용,남,55세,상해없음,승용,남,24세,경상
2018100200100492,2018년 10월 2일 18시,화요일,전라남도 순천시 황전면,중상사고,0,1,0,0,차량단독 - 공작물충돌,안전운전불이행,건조,맑음,단일로 - 기타,화물,남,66세,중상,,,,
2018100200100493,2018년 10월 2일 18시,화요일,전라남도 화순군 화순읍,경상사고,0,0,1,0,차대사람 - 기타,안전운전불이행,건조,맑음,주차장 - 주차장,화물,남,57세,상해없음,보행자,남,58세,경상
2018100200100494,2018년 10월 2일 18시,화요일,전라남도 광양시 마동,경상사고,0,0,1,0,차대차 - 추돌,안전운전불이행,건조,맑음,교차로 - 교차로부근,화물,남,58세,상해없음,승용,남,60세,상해없음
2018100200100548,2018년 10월 2일 19시,화요일,전라남도 영광군 염산면,중상사고,0,1,0,0,차량단독 - 도로외이탈 - 추락,안전운전불이행,건조,맑음,교차로 - 교차로부근,화물,남,43세,중상,,,,
2018100200100656,2018년 10월 2일 22시,화요일,전라남도 강진군 군동면,경상사고,0,0,3,0,차량단독 - 도로외이탈 - 추락,안전운전불이행,건조,맑음,단일로 - 기타,승용,남,43세,경상,,,,
2018100200100677,2018년 10월 2일 23시,화요일,전라남도 여수시 여서동,중상사고,0,1,0,0,차대사람 - 횡단중,안전운전불이행,건조,맑음,단일로 - 기타,승용,남,39세,상해없음,보행자,여,59세,중상
2018100200100678,2018년 10월 2일 23시,화요일,전라남도 함평군 학교면,중상사고,0,1,0,0,차량단독 - 공작물충돌,안전운전불이행,건조,맑음,단일로 - 기타,승용,남,38세,중상,,,,
2018100200100679,2018년 10월 2일 23시,화요일,전라남도 무안군 무안읍,사망사고,1,0,0,0,차량단독 - 공작물충돌,안전운전불이행,건조,맑음,단일로 - 기타,화물,남,45세,사망,,,,
2018100300100013,2018년 10월 3일 00시,수요일,전라남도 목포시 상동,경상사고,0,0,2,0,차대차 - 측면충돌,직진우회전진행방해,건조,맑음,교차로 - 교차로안,승용,남,37세,경상,승용,남,46세,경상
2018100300100029,2018년 10월 3일 01시,수요일,전라남도 목포시 상동,경상사고,0,0,1,0,차대사람 - 기타,안전운전불이행,건조,맑음,교차로 - 교차로안,화물,남,24세,상해없음,보행자,남,29세,경상
2018100300100030,2018년 10월 3일 01시,수요일,전라남도 나주시 문평면,중상사고,0,1,1,0,차량단독 - 기타,안전운전불이행,건조,맑음,교차로 - 교차로부근,화물,남,60세,중상,,,,
2018100300100067,2018년 10월 3일 03시,수요일,전라남도 광양시 중동,경상사고,0,0,1,0,차대차 - 기타,신호위반,건조,맑음,교차로 - 교차로안,승용,남,27세,상해없음,승용,남,52세,경상
2018100300100068,2018년 10월 3일 03시,수요일,전라남도 광양시 광양읍,중상사고,0,1,0,0,차대차 - 기타,안전운전불이행,건조,맑음,교차로 - 교차로부근,승용,남,37세,중상,승용,남,47세,기타불명
2018100300100109,2018년 10월 3일 06시,수요일,전라남도 신안군 압해읍,중상사고,0,2,0,0,차대차 - 기타,직진우회전진행방해,건조,맑음,교차로 - 교차로안,화물,남,50세,상해없음,농기계,남,75세,중상
2018100300100119,2018년 10월 3일 07시,수요일,전라남도 목포시 용해동,중상사고,0,1,2,0,차대차 - 기타,안전거리미확보,건조,맑음,단일로 - 기타,승용,여,55세,상해없음,승용,남,58세,경상
2018100300100120,2018년 10월 3일 07시,수요일,전라남도 여수시 학동,중상사고,0,1,1,0,차대차 - 측면충돌,안전운전불이행,건조,맑음,단일로 - 기타,승용,남,32세,상해없음,승용,남,46세,중상
2018100300100136,2018년 10월 3일 08시,수요일,전라남도 목포시 옥암동,경상사고,0,0,1,0,차대차 - 측면충돌,안전운전불이행,건조,맑음,기타 - 기타,승용,남,67세,상해없음,승용,남,66세,경상
2018100300100137,2018년 10월 3일 08시,수요일,전라남도 담양군 무정면,경상사고,0,0,1,0,차대차 - 측면충돌,교차로운행방법위반,건조,맑음,교차로 - 교차로안,화물,남,57세,상해없음,승용,남,52세,경상
2018100300100138,2018년 10월 3일 08시,수요일,전라남도 광양시 중동,경상사고,0,0,2,0,차대차 - 측면충돌,신호위반,건조,맑음,교차로 - 교차로안,화물,남,59세,경상,승용,남,30세,경상
2018100300100159,2018년 10월 3일 09시,수요일,전라남도 무안군 청계면,경상사고,0,0,1,0,차대차 - 기타,중앙선침범,건조,맑음,단일로 - 기타,승용,여,61세,상해없음,승용,남,28세,경상
2018100300100183,2018년 10월 3일 10시,수요일,전라남도 여수시 학동,경상사고,0,0,3,0,차대차 - 추돌,안전운전불이행,건조,맑음,단일로 - 기타,승용,남,46세,상해없음,승용,여,53세,경상
2018100300100184,2018년 10월 3일 10시,수요일,전라남도 무안군 삼향읍,경상사고,0,0,1,0,차대차 - 측면충돌,안전운전불이행,건조,맑음,기타 - 기타,자전거,남,12세,경상,승용,여,41세,상해없음
2018100300100209,2018년 10월 3일 11시,수요일,전라남도 곡성군 곡성읍,중상사고,0,1,0,0,차대사람 - 기타,안전운전불이행,건조,맑음,주차장 - 주차장,승용,남,72세,상해없음,보행자,여,68세,중상
2018100300100230,2018년 10월 3일 12시,수요일,전라남도 장성군 삼서면,중상사고,0,1,2,0,차대차 - 정면충돌,중앙선침범,건조,맑음,단일로 - 기타,승용,여,39세,경상,승용,남,26세,경상
2018100300100267,2018년 10월 3일 13시,수요일,전라남도 목포시 축복동1가,중상사고,0,1,0,0,차대사람 - 횡단중,보행자보호의무위반,건조,맑음,교차로 - 교차로횡단보도내,승용,남,53세,상해없음,보행자,여,60세,중상
2018100300100268,2018년 10월 3일 13시,수요일,전라남도 나주시 중앙동,경상사고,0,0,1,0,차대차 - 기타,안전운전불이행,건조,맑음,단일로 - 기타,승용,여,56세,상해없음,자전거,남,23세,경상
2018100300100269,2018년 10월 3일 13시,수요일,전라남도 장흥군 장흥읍,경상사고,0,0,1,0,차대차 - 측면충돌,안전운전불이행,건조,맑음,교차로 - 교차로안,승용,여,63세,상해없음,승용,남,48세,경상
2018100300100270,2018년 10월 3일 13시,수요일,전라남도 해남군 해남읍,경상사고,0,0,2,0,차대차 - 기타,교차로운행방법위반,건조,맑음,교차로 - 교차로안,승용,남,46세,상해없음,승합,남,59세,경상
2018100300100309,2018년 10월 3일 14시,수요일,전라남도 고흥군 동일면,중상사고,0,1,0,0,차대사람 - 기타,안전운전불이행,건조,맑음,단일로 - 기타,화물,남,63세,상해없음,보행자,여,58세,중상
2018100300100341,2018년 10월 3일 15시,수요일,전라남도 강진군 군동면,경상사고,0,0,1,0,차대사람 - 기타,안전운전불이행,건조,맑음,단일로 - 기타,승용,남,63세,상해없음,보행자,여,67세,경상
2018100300100372,2018년 10월 3일 16시,수요일,전라남도 장흥군 관산읍,중상사고,0,2,3,0,차대차 - 추돌,안전운전불이행,건조,맑음,단일로 - 기타,승합,여,49세,상해없음,승용,남,48세,경상
2018100300100373,2018년 10월 3일 16시,수요일,전라남도 구례군 구례읍,경상사고,0,0,1,0,차대차 - 추돌,안전운전불이행,건조,맑음,교차로 - 교차로부근,화물,남,63세,상해없음,화물,남,64세,상해없음
2018100300100420,2018년 10월 3일 17시,수요일,전라남도 여수시 웅천동,경상사고,0,0,2,0,차대차 - 추돌,안전거리미확보,건조,맑음,단일로 - 기타,승용,남,56세,상해없음,승용,남,56세,경상
2018100300100421,2018년 10월 3일 17시,수요일,전라남도 순천시 연향동,경상사고,0,0,1,0,차대차 - 측면충돌,신호위반,건조,맑음,교차로 - 교차로안,화물,남,64세,상해없음,승용,남,80세,경상
2018100300100422,2018년 10월 3일 17시,수요일,전라남도 순천시 승주읍,경상사고,0,0,1,0,차대차 - 추돌,안전운전불이행,건조,맑음,단일로 - 기타,화물,남,63세,상해없음,승용,남,34세,경상
2018100300100423,2018년 10월 3일 17시,수요일,전라남도 장흥군 안양면,중상사고,0,2,0,0,차량단독 - 도로외이탈 - 기타,안전운전불이행,건조,맑음,단일로 - 기타,승용,여,60세,상해없음,,,,
2018100300100460,2018년 10월 3일 18시,수요일,전라남도 여수시 선원동,중상사고,0,1,0,0,차대차 - 측면충돌,교차로운행방법위반,건조,맑음,교차로 - 교차로부근,승용,남,36세,상해없음,자전거,남,52세,중상
2018100300100461,2018년 10월 3일 18시,수요일,전라남도 여수시 공화동,경상사고,0,0,3,0,차대차 - 측면충돌,교차로운행방법위반,건조,맑음,교차로 - 교차로안,승용,남,25세,경상,승용,여,41세,상해없음
2018100300100497,2018년 10월 3일 19시,수요일,전라남도 목포시 상동,경상사고,0,0,2,0,차대차 - 측면충돌,중앙선침범,건조,맑음,단일로 - 기타,승용,남,30세,경상,화물,남,51세,경상
2018100400100019,2018년 10월 4일 01시,목요일,전라남도 목포시 연산동,경상사고,0,0,3,0,차대차 - 측면충돌,직진우회전진행방해,건조,맑음,교차로 - 교차로안,승용,남,33세,경상,승용,남,53세,경상
2018100400100063,2018년 10월 4일 06시,목요일,전라남도 여수시 중흥동,경상사고,0,0,1,0,차대차 - 측면충돌,신호위반,건조,맑음,교차로 - 교차로부근,승용,남,52세,상해없음,승용,남,71세,경상
2018100400100084,2018년 10월 4일 07시,목요일,전라남도 여수시 소라면,경상사고,0,0,3,0,차대차 - 측면충돌,교차로운행방법위반,건조,맑음,교차로 - 교차로안,승용,남,65세,경상,승용,여,43세,경상
2018100400100122,2018년 10월 4일 08시,목요일,전라남도 순천시 생목동,경상사고,0,0,2,0,차대차 - 측면충돌,교차로운행방법위반,젖음/습기,흐림,교차로 - 교차로안,승용,여,32세,경상,승용,남,31세,경상
2018100400100123,2018년 10월 4일 08시,목요일,전라남도 나주시 산정동,경상사고,0,0,12,0,차대차 - 측면충돌,직진우회전진행방해,건조,맑음,교차로 - 교차로안,승용,남,70세,상해없음,승합,남,62세,상해없음
2018100400100124,2018년 10월 4일 08시,목요일,전라남도 광양시 중동,경상사고,0,0,1,0,차대차 - 후진중충돌,안전운전불이행,건조,맑음,단일로 - 기타,승용,남,45세,상해없음,승용,여,39세,경상
2018100400100125,2018년 10월 4일 08시,목요일,전라남도 구례군 구례읍,중상사고,0,1,2,0,차대차 - 측면충돌,직진우회전진행방해,건조,맑음,교차로 - 교차로안,승용,여,52세,경상,승용,남,45세,중상
2018100400100177,2018년 10월 4일 09시,목요일,전라남도 목포시 용해동,중상사고,0,1,0,0,차대사람 - 횡단중,신호위반,건조,맑음,교차로 - 교차로횡단보도내,승용,여,32세,상해없음,보행자,여,51세,중상
2018100400100178,2018년 10월 4일 09시,목요일,전라남도 목포시 산정동,중상사고,0,1,0,0,차대사람 - 횡단중,안전운전불이행,건조,맑음,교차로 - 교차로횡단보도내,승용,여,51세,상해없음,보행자,여,82세,중상
2018100400100179,2018년 10월 4일 09시,목요일,전라남도 순천시 해룡면,경상사고,0,0,3,0,차대차 - 추돌,안전거리미확보,건조,맑음,단일로 - 기타,승용,남,36세,상해없음,승용,남,42세,경상
2018100400100180,2018년 10월 4일 09시,목요일,전라남도 고흥군 도양읍,경상사고,0,0,3,0,차대차 - 측면충돌,교차로운행방법위반,건조,맑음,교차로 - 교차로안,화물,남,54세,경상,승용,남,29세,경상
2018100400100181,2018년 10월 4일 09시,목요일,전라남도 고흥군 남양면,경상사고,0,0,1,0,차량단독 - 기타,교차로운행방법위반,건조,맑음,교차로 - 교차로안,화물,남,46세,경상,,,,
2018100400100182,2018년 10월 4일 09시,목요일,전라남도 해남군 옥천면,부상신고사고,0,0,0,1,차대차 - 측면충돌,안전운전불이행,건조,맑음,교차로 - 교차로횡단보도내,이륜,남,90세 이상,부상신고,이륜,남,81세,상해없음
2018100400100257,2018년 10월 4일 11시,목요일,전라남도 나주시 문평면,중상사고,0,1,0,0,차대차 - 측면충돌,중앙선침범,건조,맑음,교차로 - 교차로안,건설기계,남,55세,상해없음,이륜,남,57세,중상
2018100400100286,2018년 10월 4일 12시,목요일,전라남도 여수시 신월동,경상사고,0,0,2,0,차대차 - 측면충돌,안전운전불이행,건조,맑음,교차로 - 교차로부근,승용,여,46세,상해없음,승용,남,23세,경상
2018100400100324,2018년 10월 4일 13시,목요일,전라남도 목포시 용당동,경상사고,0,0,2,0,차대차 - 측면충돌,직진우회전진행방해,건조,맑음,교차로 - 교차로안,화물,남,53세,상해없음,승용,여,60세,경상
2018100400100364,2018년 10월 4일 14시,목요일,전라남도 고흥군 동일면,경상사고,0,0,1,0,차량단독 - 도로외이탈 - 추락,안전운전불이행,건조,맑음,단일로 - 기타,화물,남,65세,경상,,,,
2018100400100365,2018년 10월 4일 14시,목요일,전라남도 담양군 대전면,중상사고,0,1,0,0,차대차 - 측면충돌,신호위반,건조,맑음,교차로 - 교차로안,승용,여,49세,상해없음,이륜,남,65세,중상
2018100400100366,2018년 10월 4일 14시,목요일,전라남도 완도군 완도읍,경상사고,0,0,1,0,차대차 - 측면충돌,안전운전불이행,건조,맑음,교차로 - 교차로안,화물,남,66세,기타불명,이륜,남,77세,경상
2018100400100397,2018년 10월 4일 15시,목요일,전라남도 장흥군 유치면,중상사고,0,1,3,0,차대차 - 정면충돌,중앙선침범,건조,맑음,단일로 - 기타,승용,여,66세,경상,화물,남,45세,경상
2018100400100428,2018년 10월 4일 16시,목요일,전라남도 나주시 세지면,중상사고,0,1,0,0,차량단독 - 기타,안전운전불이행,건조,맑음,교차로 - 교차로부근,승합,남,46세,상해없음,,,,
2018100400100429,2018년 10월 4일 16시,목요일,전라남도 고흥군 대서면,경상사고,0,0,1,0,차량단독 - 전도전복 - 전도,안전운전불이행,건조,맑음,단일로 - 기타,이륜,남,81세,경상,미분류,미분류,미분류,미분류
2018100400100465,2018년 10월 4일 17시,목요일,전라남도 나주시 왕곡면,중상사고,0,1,4,0,차대차 - 추돌,안전거리미확보,건조,맑음,단일로 - 기타,승용,여,52세,중상,화물,남,52세,경상
2018100400100518,2018년 10월 4일 18시,목요일,전라남도 목포시 상동,경상사고,0,0,5,0,차대차 - 기타,신호위반,건조,맑음,교차로 - 교차로안,화물,남,44세,경상,이륜,남,28세,경상
2018100400100519,2018년 10월 4일 18시,목요일,전라남도 순천시 서면,부상신고사고,0,0,0,3,차대차 - 추돌,안전운전불이행,건조,맑음,단일로 - 기타,승용,여,44세,상해없음,승용,남,54세,부상신고
2018100400100520,2018년 10월 4일 18시,목요일,전라남도 영암군 군서면,중상사고,0,1,0,0,차대차 - 추돌,안전운전불이행,건조,흐림,단일로 - 기타,화물,여,52세,중상,농기계,남,33세,상해없음
2018100400100521,2018년 10월 4일 18시,목요일,전라남도 광양시 금호동,경상사고,0,0,2,0,차대차 - 측면충돌,불법유턴,건조,맑음,단일로 - 기타,승용,남,33세,경상,승용,남,38세,경상
2018100400100522,2018년 10월 4일 18시,목요일,전라남도 광양시 마동,경상사고,0,0,1,0,차대사람 - 횡단중,보행자보호의무위반,건조,맑음,교차로 - 교차로횡단보도내,화물,남,66세,상해없음,보행자,남,7세,경상
2018100400100523,2018년 10월 4일 18시,목요일,전라남도 광양시 광양읍,경상사고,0,0,2,1,차대차 - 측면충돌,신호위반,건조,흐림,단일로 - 교량,승용,남,27세,부상신고,화물,남,52세,상해없음
2018100400100573,2018년 10월 4일 19시,목요일,전라남도 여수시 웅천동,경상사고,0,0,3,0,차대차 - 측면충돌,안전운전불이행,건조,맑음,교차로 - 교차로안,승용,여,44세,상해없음,승용,여,56세,경상
2018100400100574,2018년 10월 4일 19시,목요일,전라남도 순천시 서면,경상사고,0,0,1,0,차대차 - 측면충돌,차로위반,건조,맑음,단일로 - 기타,화물,남,56세,상해없음,승용,남,39세,경상
2018100400100575,2018년 10월 4일 19시,목요일,전라남도 화순군 화순읍,경상사고,0,0,1,0,차대차 - 측면충돌,기타,건조,맑음,교차로 - 교차로부근,승용,남,53세,상해없음,이륜,남,34세,경상
2018100400100621,2018년 10월 4일 20시,목요일,전라남도 순천시 조례동,경상사고,0,0,1,0,차대차 - 측면충돌,안전운전불이행,건조,맑음,교차로 - 교차로안,승용,여,65세,상해없음,원동기,남,25세,경상
2018100400100622,2018년 10월 4일 20시,목요일,전라남도 순천시 별량면,경상사고,0,0,1,3,차대차 - 추돌,안전운전불이행,건조,맑음,단일로 - 기타,승용,남,30세,상해없음,승용,남,69세,경상
2018100400100651,2018년 10월 4일 21시,목요일,전라남도 목포시 옥암동,중상사고,0,1,2,0,차대차 - 측면충돌,신호위반,기타,기타,교차로 - 교차로안,이륜,남,59세,중상,승용,남,38세,경상
2018100400100652,2018년 10월 4일 21시,목요일,전라남도 신안군 압해읍,경상사고,0,0,3,0,차대차 - 측면충돌,안전운전불이행,건조,맑음,단일로 - 기타,승용,여,43세,경상,화물,남,36세,경상
2018100400100653,2018년 10월 4일 21시,목요일,전라남도 순천시 가곡동,경상사고,0,0,1,0,차대사람 - 기타,안전운전불이행,건조,맑음,단일로 - 기타,승합,남,57세,상해없음,보행자,여,66세,경상
2018100400100654,2018년 10월 4일 21시,목요일,전라남도 장흥군 장흥읍,경상사고,0,0,4,0,차대차 - 측면충돌,교차로운행방법위반,건조,맑음,교차로 - 교차로안,승용,여,37세,상해없음,승용,남,79세,경상
2018100400100655,2018년 10월 4일 21시,목요일,전라남도 영암군 삼호읍,중상사고,0,1,0,0,차대사람 - 횡단중,안전운전불이행,건조,맑음,교차로 - 교차로안,승용,남,20세,상해없음,보행자,남,43세,중상
2018100400100656,2018년 10월 4일 21시,목요일,전라남도 영암군 삼호읍,경상사고,0,0,1,0,차대차 - 추돌,안전운전불이행,젖음/습기,비,교차로 - 교차로부근,승용,남,36세,상해없음,승용,남,45세,경상
2018100400100657,2018년 10월 4일 21시,목요일,전라남도 영암군 삼호읍,경상사고,0,0,1,0,차대차 - 추돌,안전운전불이행,젖음/습기,비,교차로 - 교차로부근,승용,남,53세,상해없음,승용,남,45세,경상
2018100400100687,2018년 10월 4일 22시,목요일,전라남도 여수시 소라면,부상신고사고,0,0,0,1,차대사람 - 기타,기타,건조,맑음,단일로 - 기타,승용,남,55세,상해없음,보행자,남,56세,부상신고
2018100400100688,2018년 10월 4일 22시,목요일,전라남도 여수시 웅천동,경상사고,0,0,1,0,차대사람 - 횡단중,보행자보호의무위반,젖음/습기,비,교차로 - 교차로횡단보도내,승용,남,48세,상해없음,보행자,남,24세,경상
2018100400100716,2018년 10월 4일 23시,목요일,전라남도 목포시 용당동,경상사고,0,0,1,0,차대차 - 측면충돌,직진우회전진행방해,젖음/습기,기타,교차로 - 교차로안,승용,여,22세,상해없음,이륜,남,34세,경상
2018100400100717,2018년 10월 4일 23시,목요일,전라남도 순천시 조곡동,중상사고,0,1,0,0,차대사람 - 기타,안전운전불이행,건조,맑음,교차로 - 교차로부근,승용,남,47세,상해없음,보행자,여,83세,중상
2018100400100718,2018년 10월 4일 23시,목요일,전라남도 순천시 덕월동,경상사고,0,0,1,0,차대차 - 추돌,안전운전불이행,젖음/습기,비,교차로 - 교차로부근,승용,남,58세,상해없음,승용,남,45세,경상
2018100400100719,2018년 10월 4일 23시,목요일,전라남도 광양시 광양읍,경상사고,0,0,1,0,차대차 - 기타,안전운전불이행,젖음/습기,비,단일로 - 기타,승용,남,38세,상해없음,화물,남,41세,경상
2018100500100022,2018년 10월 5일 01시,금요일,전라남도 목포시 상동,중상사고,0,1,3,0,차대차 - 측면충돌,직진우회전진행방해,젖음/습기,비,교차로 - 교차로안,승용,남,38세,경상,승용,남,55세,경상
2018100500100046,2018년 10월 5일 03시,금요일,전라남도 목포시 산정동,경상사고,0,0,1,0,차량단독 - 기타,안전운전불이행,젖음/습기,비,단일로 - 기타,승용,남,54세,경상,,,,
2018100500100065,2018년 10월 5일 05시,금요일,전라남도 광양시 광양읍,경상사고,0,0,2,0,차대차 - 측면충돌,교차로운행방법위반,젖음/습기,비,교차로 - 교차로안,승용,여,43세,경상,승용,남,28세,경상
2018100500100137,2018년 10월 5일 08시,금요일,전라남도 여수시 학동,경상사고,0,0,1,0,차대차 - 측면충돌,안전운전불이행,젖음/습기,비,단일로 - 기타,승용,남,23세,상해없음,승용,여,23세,경상
2018100500100190,2018년 10월 5일 09시,금요일,전라남도 여수시 신기동,중상사고,0,1,1,0,차대차 - 추돌,안전거리미확보,젖음/습기,비,단일로 - 기타,화물,남,47세,상해없음,승용,남,36세,중상
2018100500100191,2018년 10월 5일 09시,금요일,전라남도 여수시 신기동,경상사고,0,0,2,0,차대차 - 추돌,안전거리미확보,젖음/습기,비,단일로 - 기타,승용,남,78세,상해없음,화물,남,47세,상해없음
2018100500100192,2018년 10월 5일 09시,금요일,전라남도 장흥군 장흥읍,경상사고,0,0,1,0,차대사람 - 차도통행중,안전운전불이행,젖음/습기,비,단일로 - 기타,승용,여,65세,상해없음,보행자,남,53세,경상
2018100500100220,2018년 10월 5일 10시,금요일,전라남도 광양시 광양읍,중상사고,0,1,1,0,차대차 - 추돌,안전운전불이행,젖음/습기,비,단일로 - 기타,승용,남,34세,상해없음,승용,남,48세,중상
2018100500100251,2018년 10월 5일 11시,금요일,전라남도 여수시 주삼동,부상신고사고,0,0,0,1,차대차 - 기타,안전운전불이행,젖음/습기,비,단일로 - 기타,승용,남,53세,부상신고,승용,남,37세,기타불명
2018100500100252,2018년 10월 5일 11시,금요일,전라남도 나주시 금천면,경상사고,0,0,1,0,차대차 - 기타,안전운전불이행,젖음/습기,비,단일로 - 기타,화물,남,42세,상해없음,화물,남,25세,경상
2018100500100288,2018년 10월 5일 12시,금요일,전라남도 목포시 죽교동,중상사고,0,1,0,0,차대사람 - 횡단중,보행자보호의무위반,젖음/습기,비,단일로 - 기타,승용,남,38세,상해없음,보행자,여,71세,중상
2018100500100289,2018년 10월 5일 12시,금요일,전라남도 목포시 상동,경상사고,0,0,3,0,차대차 - 측면충돌,안전운전불이행,젖음/습기,비,교차로 - 교차로안,기타불명,기타불명,미분류,기타불명,승용,남,70세,경상
2018100500100290,2018년 10월 5일 12시,금요일,전라남도 여수시 광무동,경상사고,0,0,3,0,차대차 - 기타,안전운전불이행,건조,맑음,단일로 - 기타,승용,남,59세,상해없음,승용,남,54세,경상
2018100500100291,2018년 10월 5일 12시,금요일,전라남도 영광군 묘량면,중상사고,0,2,1,0,차대차 - 측면충돌,직진우회전진행방해,젖음/습기,비,교차로 - 교차로안,승용,남,60세,중상,승합,남,54세,경상
2018100500100325,2018년 10월 5일 13시,금요일,전라남도 순천시 조례동,경상사고,0,0,1,0,차대차 - 측면충돌,안전운전불이행,젖음/습기,비,단일로 - 기타,승용,남,43세,상해없음,화물,남,28세,경상
2018100500100326,2018년 10월 5일 13시,금요일,전라남도 담양군 봉산면,중상사고,0,2,0,0,차대차 - 측면충돌,안전운전불이행,젖음/습기,비,단일로 - 기타,화물,남,53세,상해없음,승용,남,70세,중상
2018100500100327,2018년 10월 5일 13시,금요일,전라남도 담양군 봉산면,중상사고,0,2,0,0,차량단독 - 공작물충돌,안전운전불이행,젖음/습기,비,단일로 - 기타,승용,남,70세,중상,,,,
2018100500100328,2018년 10월 5일 13시,금요일,전라남도 곡성군 곡성읍,경상사고,0,0,1,0,차대차 - 측면충돌,직진우회전진행방해,젖음/습기,비,교차로 - 교차로안,승용,남,58세,상해없음,화물,여,60세,경상
2018100500100329,2018년 10월 5일 13시,금요일,전라남도 완도군 완도읍,경상사고,0,0,1,0,차량단독 - 기타,안전운전불이행,젖음/습기,비,교차로 - 교차로안,이륜,남,41세,경상,,,,
2018100500100363,2018년 10월 5일 14시,금요일,전라남도 여수시 학동,경상사고,0,0,1,0,차대차 - 측면충돌,차로위반,건조,맑음,교차로 - 교차로안,승용,남,58세,경상,화물,남,41세,상해없음
2018100500100364,2018년 10월 5일 14시,금요일,전라남도 순천시 조례동,경상사고,0,0,2,0,차대차 - 측면충돌,안전운전불이행,젖음/습기,비,단일로 - 기타,승용,남,63세,상해없음,승용,여,31세,경상
2018100500100365,2018년 10월 5일 14시,금요일,전라남도 순천시 왕지동,경상사고,0,0,1,0,차대차 - 측면충돌,안전운전불이행,젖음/습기,비,교차로 - 교차로안,승용,여,52세,상해없음,승용,여,50세,경상
2018100500100423,2018년 10월 5일 15시,금요일,전라남도 순천시 풍덕동,중상사고,0,1,0,0,차대차 - 측면충돌,중앙선침범,건조,맑음,단일로 - 기타,승용,남,61세,상해없음,승합,남,39세,중상
2018100500100424,2018년 10월 5일 15시,금요일,전라남도 순천시 별량면,경상사고,0,0,1,0,차대차 - 측면충돌,안전운전불이행,건조,맑음,단일로 - 기타,승용,여,39세,상해없음,승용,남,43세,경상
2018100500100425,2018년 10월 5일 15시,금요일,전라남도 광양시 광양읍,중상사고,0,1,0,0,차대사람 - 기타,중앙선침범,건조,맑음,단일로 - 기타,승용,여,63세,상해없음,보행자,남,78세,중상
2018100500100426,2018년 10월 5일 15시,금요일,전라남도 구례군 구례읍,부상신고사고,0,0,0,1,차대사람 - 차도통행중,안전운전불이행,건조,맑음,기타 - 기타,승용,여,64세,상해없음,보행자,남,38세,부상신고
2018100500100427,2018년 10월 5일 15시,금요일,전라남도 구례군 토지면,중상사고,0,1,1,0,차대차 - 추돌,중앙선침범,젖음/습기,비,단일로 - 기타,화물,남,59세,상해없음,승용,여,32세,경상