사고번호,사고일시,요일,시군구,사고내용,사망자수,중상자수,경상자수,부상신고자수,사고유형,법규위반,노면상태,기상상태,도로형태,가해운전자 차종,가해운전자 성별,가해운전자 연령,가해운전자 상해정도,피해운전자 차종,피해운전자 성별,피해운전자 연령,피해운전자 상해정도
2018101300100625,2018년 10월 13일 23시,토요일,전라남도 여수시 화장동,경상사고,0,0,1,0,차대차 - 측면충돌,안전운전불이행,건조,맑음,교차로 - 교차로안,이륜,남,54세,상해없음,이륜,남,31세,경상
2018101400100004,2018년 10월 14일 00시,일요일,전라남도 함평군 신광면,경상사고,0,0,1,0,차대사람 - 기타,안전운전불이행,건조,맑음,단일로 - 기타,화물,여,54세,상해없음,보행자,남,71세,경상
2018101400100018,2018년 10월 14일 01시,일요일,전라남도 여수시 서교동,경상사고,0,0,3,0,차대차 - 추돌,신호위반,건조,맑음,교차로 - 교차로안,승용,남,47세,상해없음,승용,남,27세,경상
2018101400100031,2018년 10월 14일 02시,일요일,전라남도 여수시 문수동,경상사고,0,0,3,0,차대차 - 측면충돌,교차로운행방법위반,건조,맑음,교차로 - 교차로안,승용,남,22세,경상,승용,남,60세,경상
2018101400100072,2018년 10월 14일 06시,일요일,전라남도 목포시 축복동3가,경상사고,0,0,1,0,차대사람 - 기타,안전운전불이행,건조,맑음,단일로 - 기타,승용,남,52세,상해없음,보행자,남,25세,경상
2018101400100073,2018년 10월 14일 06시,일요일,전라남도 나주시 남평읍,경상사고,0,0,2,0,차대차 - 추돌,안전운전불이행,건조,맑음,단일로 - 기타,승용,남,22세,경상,승용,여,39세,경상
2018101400100081,2018년 10월 14일 07시,일요일,전라남도 여수시 선원동,경상사고,0,0,2,0,차대차 - 추돌,안전운전불이행,건조,맑음,단일로 - 기타,승용,남,24세,상해없음,승용,남,67세,경상
2018101400100099,2018년 10월 14일 08시,일요일,전라남도 여수시 문수동,중상사고,0,1,0,0,차대사람 - 횡단중,신호위반,건조,맑음,단일로 - 기타,승용,여,59세,상해없음,보행자,여,13세,중상
2018101400100108,2018년 10월 14일 09시,일요일,전라남도 함평군 나산면,중상사고,0,1,0,0,차대차 - 측면충돌,교차로운행방법위반,건조,맑음,교차로 - 교차로안,화물,남,55세,상해없음,승용,여,61세,중상
2018101400100146,2018년 10월 14일 11시,일요일,전라남도 화순군 화순읍,경상사고,0,0,3,0,차대차 - 측면충돌,안전운전불이행,건조,맑음,교차로 - 교차로안,승용,남,55세,상해없음,승용,여,44세,경상
2018101400100147,2018년 10월 14일 11시,일요일,전라남도 장성군 장성읍,경상사고,0,0,4,0,차대차 - 기타,교차로운행방법위반,건조,맑음,교차로 - 교차로안,승용,남,23세,상해없음,승용,남,37세,경상
2018101400100168,2018년 10월 14일 12시,일요일,전라남도 여수시 덕충동,중상사고,0,2,29,0,차대차 - 추돌,안전운전불이행,건조,맑음,단일로 - 기타,승합,남,50세,경상,승합,남,63세,경상
2018101400100169,2018년 10월 14일 12시,일요일,전라남도 나주시 송월동,경상사고,0,0,2,0,차대차 - 기타,안전운전불이행,건조,맑음,교차로 - 교차로부근,승용,여,49세,상해없음,승합,남,43세,경상
2018101400100193,2018년 10월 14일 13시,일요일,전라남도 해남군 문내면,경상사고,0,0,6,0,차대차 - 기타,신호위반,건조,맑음,교차로 - 교차로안,승용,남,56세,경상,화물,남,66세,경상
2018101400100194,2018년 10월 14일 13시,일요일,전라남도 완도군 완도읍,중상사고,0,1,2,0,차대차 - 측면충돌,안전운전불이행,건조,맑음,단일로 - 기타,승용,남,43세,상해없음,화물,남,57세,경상
2018101400100195,2018년 10월 14일 13시,일요일,전라남도 완도군 완도읍,경상사고,0,0,1,0,차대사람 - 횡단중,보행자보호의무위반,건조,맑음,교차로 - 교차로횡단보도내,승용,남,51세,상해없음,보행자,여,11세,경상
2018101400100285,2018년 10월 14일 16시,일요일,전라남도 여수시 여서동,경상사고,0,0,1,0,차대차 - 기타,교차로운행방법위반,건조,맑음,교차로 - 교차로안,승용,남,29세,상해없음,이륜,남,25세,경상
2018101400100286,2018년 10월 14일 16시,일요일,전라남도 순천시 조례동,경상사고,0,0,8,0,차대차 - 추돌,안전운전불이행,건조,맑음,단일로 - 기타,승용,남,35세,경상,승용,남,35세,경상
2018101400100352,2018년 10월 14일 18시,일요일,전라남도 여수시 웅천동,경상사고,0,0,1,0,차대차 - 측면충돌,신호위반,건조,맑음,교차로 - 교차로안,승용,여,33세,상해없음,승용,남,37세,경상
2018101400100353,2018년 10월 14일 18시,일요일,전라남도 영광군 묘량면,경상사고,0,0,1,0,차대차 - 추돌,안전운전불이행,건조,기타,단일로 - 기타,승용,남,47세,상해없음,농기계,남,42세,경상
2018101400100386,2018년 10월 14일 19시,일요일,전라남도 광양시 금호동,경상사고,0,0,1,0,차대차 - 측면충돌,안전운전불이행,건조,맑음,교차로 - 교차로안,승용,남,57세,상해없음,승용,남,49세,경상
2018101500100025,2018년 10월 15일 04시,월요일,전라남도 여수시 신기동,경상사고,0,0,1,0,차대사람 - 차도통행중,안전운전불이행,건조,맑음,교차로 - 교차로안,승용,남,58세,상해없음,보행자,남,42세,경상
2018101500100030,2018년 10월 15일 05시,월요일,전라남도 함평군 나산면,중상사고,0,1,2,0,차대차 - 정면충돌,안전운전불이행,건조,맑음,단일로 - 기타,화물,남,58세,중상,건설기계,남,52세,기타불명
2018101500100031,2018년 10월 15일 05시,월요일,전라남도 담양군 대덕면,경상사고,0,0,2,0,차대차 - 추돌,안전운전불이행,건조,맑음,단일로 - 기타,승용,남,74세,상해없음,승용,남,60세,경상
2018101500100050,2018년 10월 15일 06시,월요일,전라남도 여수시 돌산읍,사망사고,1,0,1,0,차대차 - 정면충돌,중앙선침범,건조,맑음,단일로 - 기타,승용,남,60세,사망,화물,남,58세,경상
2018101500100051,2018년 10월 15일 06시,월요일,전라남도 여수시 학동,경상사고,0,0,1,0,차대차 - 측면충돌,안전운전불이행,건조,맑음,단일로 - 기타,화물,남,68세,기타불명,승용,남,49세,경상
2018101500100065,2018년 10월 15일 07시,월요일,전라남도 신안군 지도읍,경상사고,0,0,1,0,차대차 - 측면충돌,중앙선침범,건조,맑음,단일로 - 기타,화물,남,36세,상해없음,승용,남,53세,경상
2018101500100161,2018년 10월 15일 10시,월요일,전라남도 순천시 대룡동,경상사고,0,0,2,0,차대차 - 추돌,안전거리미확보,건조,맑음,단일로 - 기타,승용,여,46세,경상,화물,남,45세,경상
2018101500100162,2018년 10월 15일 10시,월요일,전라남도 해남군 화원면,중상사고,0,1,1,0,차대차 - 기타,중앙선침범,건조,맑음,단일로 - 기타,화물,남,70세,상해없음,승용,여,54세,경상
2018101500100196,2018년 10월 15일 11시,월요일,전라남도 여수시 평여동,중상사고,0,1,0,0,차대차 - 측면충돌,교차로운행방법위반,건조,맑음,교차로 - 교차로안,건설기계,남,59세,상해없음,승용,남,50세,상해없음
2018101500100219,2018년 10월 15일 12시,월요일,전라남도 광양시 광양읍,경상사고,0,0,1,0,차대차 - 측면충돌,신호위반,건조,맑음,교차로 - 교차로안,승용,남,39세,상해없음,화물,남,40세,경상
2018101500100245,2018년 10월 15일 13시,월요일,전라남도 여수시 오림동,경상사고,0,0,1,1,차대차 - 측면충돌,신호위반,건조,맑음,교차로 - 교차로부근,승용,남,29세,부상신고,승용,남,51세,경상
2018101500100246,2018년 10월 15일 13시,월요일,전라남도 순천시 저전동,경상사고,0,0,1,0,차대차 - 추돌,안전거리미확보,건조,맑음,단일로 - 기타,승용,여,63세,상해없음,승합,여,48세,경상
2018101500100277,2018년 10월 15일 14시,월요일,전라남도 여수시 신기동,경상사고,0,0,1,0,차대차 - 추돌,안전거리미확보,건조,맑음,교차로 - 교차로부근,승용,남,58세,상해없음,승용,남,42세,경상
2018101500100278,2018년 10월 15일 14시,월요일,전라남도 순천시 조례동,경상사고,0,0,1,0,차대차 - 추돌,안전운전불이행,건조,맑음,교차로 - 교차로부근,승용,여,54세,상해없음,승합,남,27세,경상
2018101500100279,2018년 10월 15일 14시,월요일,전라남도 고흥군 도덕면,경상사고,0,0,2,0,차대차 - 측면충돌,중앙선침범,건조,맑음,단일로 - 기타,승용,남,73세,경상,화물,남,48세,상해없음
2018101500100280,2018년 10월 15일 14시,월요일,전라남도 강진군 강진읍,경상사고,0,0,4,0,차대차 - 측면충돌,교차로운행방법위반,건조,맑음,교차로 - 교차로안,화물,남,53세,경상,승용,남,64세,경상
2018101500100327,2018년 10월 15일 15시,월요일,전라남도 영광군 군서면,중상사고,0,1,2,0,차대차 - 측면충돌,신호위반,건조,맑음,교차로 - 교차로안,화물,남,60세,경상,화물,남,43세,중상
2018101500100352,2018년 10월 15일 16시,월요일,전라남도 여수시 신기동,중상사고,0,1,0,0,차대사람 - 횡단중,안전운전불이행,건조,맑음,단일로 - 기타,승용,남,24세,상해없음,보행자,여,11세,중상
2018101500100353,2018년 10월 15일 16시,월요일,전라남도 나주시 봉황면,경상사고,0,0,3,0,차대차 - 측면충돌,안전운전불이행,건조,맑음,단일로 - 기타,화물,남,46세,상해없음,승용,남,46세,상해없음
2018101500100354,2018년 10월 15일 16시,월요일,전라남도 영암군 학산면,중상사고,0,1,0,0,차대사람 - 보도통행중,안전운전불이행,건조,맑음,단일로 - 기타,기타불명,기타불명,미분류,기타불명,보행자,남,82세,중상
2018101500100434,2018년 10월 15일 18시,월요일,전라남도 순천시 낙안면,경상사고,0,0,1,0,차대차 - 추돌,안전거리미확보,건조,맑음,단일로 - 기타,화물,여,72세,상해없음,승합,남,52세,경상
2018101500100435,2018년 10월 15일 18시,월요일,전라남도 영광군 영광읍,경상사고,0,0,2,0,차대차 - 기타,안전운전불이행,건조,맑음,단일로 - 기타,화물,남,62세,경상,이륜,남,57세,경상
2018101500100488,2018년 10월 15일 19시,월요일,전라남도 순천시 와룡동,경상사고,0,0,2,0,차대차 - 측면충돌,중앙선침범,건조,맑음,단일로 - 기타,승용,남,56세,상해없음,승용,여,29세,경상
2018101500100489,2018년 10월 15일 19시,월요일,전라남도 광양시 성황동,중상사고,0,1,1,0,차대차 - 측면충돌,안전운전불이행,건조,맑음,교차로 - 교차로안,화물,남,79세,중상,화물,남,31세,경상
2018101500100528,2018년 10월 15일 20시,월요일,전라남도 순천시 조례동,부상신고사고,0,0,0,1,차대차 - 측면충돌,안전운전불이행,건조,맑음,교차로 - 교차로안,승용,남,57세,상해없음,자전거,남,59세,부상신고
2018101600100008,2018년 10월 16일 00시,화요일,전라남도 광양시 황길동,중상사고,0,1,0,0,차량단독 - 도로외이탈 - 기타,안전운전불이행,건조,맑음,교차로 - 교차로부근,승용,남,26세,상해없음,,,,
2018101600100030,2018년 10월 16일 02시,화요일,전라남도 여수시 화장동,경상사고,0,0,3,0,차대차 - 추돌,안전운전불이행,건조,맑음,단일로 - 기타,승용,여,22세,경상,승용,남,25세,경상
2018101600100044,2018년 10월 16일 04시,화요일,전라남도 여수시 신월동,경상사고,0,0,1,0,차대차 - 측면충돌,안전운전불이행,건조,맑음,단일로 - 기타,개인형이동수단(PM),남,50세,경상,승용,여,33세,기타불명
2018101600100097,2018년 10월 16일 08시,화요일,전라남도 목포시 상동,경상사고,0,0,1,0,차대차 - 측면충돌,안전운전불이행,건조,맑음,단일로 - 기타,화물,기타불명,미분류,기타불명,승용,여,43세,경상
2018101600100098,2018년 10월 16일 08시,화요일,전라남도 해남군 해남읍,경상사고,0,0,1,0,차대차 - 기타,안전거리미확보,건조,맑음,단일로 - 기타,기타불명,기타불명,미분류,기타불명,승합,남,61세,상해없음
2018101600100099,2018년 10월 16일 08시,화요일,전라남도 강진군 마량면,경상사고,0,0,1,0,차량단독 - 도로외이탈 - 추락,안전운전불이행,건조,맑음,단일로 - 기타,농기계,여,61세,경상,,,,
2018101600100132,2018년 10월 16일 09시,화요일,전라남도 구례군 구례읍,경상사고,0,0,1,0,차대차 - 측면충돌,안전운전불이행,건조,맑음,교차로 - 교차로부근,화물,남,26세,상해없음,자전거,여,47세,경상
2018101600100161,2018년 10월 16일 10시,화요일,전라남도 목포시 산정동,경상사고,0,0,1,0,차대차 - 기타,안전운전불이행,건조,맑음,교차로 - 교차로안,승용,남,73세,경상,특수,남,20세,상해없음
2018101600100162,2018년 10월 16일 10시,화요일,전라남도 여수시 율촌면,중상사고,0,1,1,0,차대차 - 추돌,안전운전불이행,건조,맑음,단일로 - 기타,화물,남,63세,중상,건설기계,남,59세,경상
2018101600100163,2018년 10월 16일 10시,화요일,전라남도 장흥군 용산면,중상사고,0,1,0,0,차대차 - 측면충돌,중앙선침범,건조,맑음,단일로 - 터널,승용,남,73세,중상,건설기계,남,40세,상해없음
2018101600100164,2018년 10월 16일 10시,화요일,전라남도 담양군 담양읍,경상사고,0,0,2,0,차대사람 - 차도통행중,안전운전불이행,건조,맑음,교차로 - 교차로안,승용,남,58세,상해없음,보행자,남,87세,경상
2018101600100191,2018년 10월 16일 11시,화요일,전라남도 장흥군 장흥읍,경상사고,0,0,1,0,차량단독 - 공작물충돌,기타,건조,맑음,단일로 - 기타,화물,여,53세,경상,,,,
2018101600100192,2018년 10월 16일 11시,화요일,전라남도 구례군 마산면,중상사고,0,1,0,0,차대차 - 측면충돌,기타,건조,맑음,교차로 - 교차로안,승합,남,53세,상해없음,이륜,남,43세,중상
2018101600100228,2018년 10월 16일 12시,화요일,전라남도 목포시 옥암동,경상사고,0,0,3,0,차대차 - 측면충돌,안전운전불이행,건조,맑음,교차로 - 교차로부근,승용,남,60세,상해없음,승용,남,41세,경상
2018101600100229,2018년 10월 16일 12시,화요일,전라남도 화순군 화순읍,경상사고,0,0,2,0,차대차 - 측면충돌,안전운전불이행,건조,맑음,단일로 - 기타,승용,여,54세,상해없음,이륜,남,81세,경상
2018101600100258,2018년 10월 16일 13시,화요일,전라남도 여수시 안산동,경상사고,0,0,1,0,차대차 - 추돌,안전운전불이행,건조,맑음,교차로 - 교차로부근,화물,남,58세,상해없음,승용,남,41세,상해없음
2018101600100259,2018년 10월 16일 13시,화요일,전라남도 화순군 능주면,부상신고사고,0,0,0,1,차량단독 - 전도전복 - 전도,안전운전불이행,건조,맑음,단일로 - 기타,원동기,여,30세,부상신고,미분류,미분류,미분류,미분류
2018101600100321,2018년 10월 16일 15시,화요일,전라남도 함평군 해보면,경상사고,0,0,1,1,차대차 - 추돌,안전운전불이행,건조,맑음,단일로 - 기타,화물,남,32세,상해없음,승용,여,66세,경상
2018101600100322,2018년 10월 16일 15시,화요일,전라남도 무안군 해제면,중상사고,0,1,0,0,차대차 - 추돌,안전운전불이행,건조,맑음,교차로 - 교차로부근,이륜,남,79세,중상,화물,남,65세,상해없음
2018101600100365,2018년 10월 16일 16시,화요일,전라남도 신안군 도초면,중상사고,0,1,0,0,차대차 - 측면충돌,안전운전불이행,건조,맑음,단일로 - 기타,승용,남,35세,상해없음,이륜,남,75세,중상
2018101600100366,2018년 10월 16일 16시,화요일,전라남도 화순군 한천면,중상사고,0,1,6,0,차대차 - 추돌,안전운전불이행,건조,맑음,단일로 - 기타,화물,남,63세,상해없음,승용,남,33세,중상
2018101600100406,2018년 10월 16일 17시,화요일,전라남도 여수시 중흥동,경상사고,0,0,2,0,차대차 - 정면충돌,중앙선침범,건조,맑음,단일로 - 기타,화물,남,53세,상해없음,승용,남,27세,경상
2018101600100407,2018년 10월 16일 17시,화요일,전라남도 순천시 조곡동,경상사고,0,0,1,0,차대차 - 측면충돌,안전운전불이행,건조,맑음,기타 - 기타,승용,남,73세,상해없음,승용,여,65세,경상
2018101600100408,2018년 10월 16일 17시,화요일,전라남도 영암군 영암읍,경상사고,0,0,1,0,차대차 - 정면충돌,안전운전불이행,건조,맑음,단일로 - 기타,자전거,남,11세,경상,승용,여,53세,상해없음
2018101600100410,2018년 10월 16일 17시,화요일,전라남도 광양시 광양읍,경상사고,0,0,1,0,차대차 - 측면충돌,안전운전불이행,건조,맑음,교차로 - 교차로안,건설기계,남,48세,상해없음,승합,여,40세,경상
2018101600100457,2018년 10월 16일 18시,화요일,전라남도 목포시 용당동,경상사고,0,0,1,0,차대차 - 측면충돌,안전운전불이행,건조,맑음,교차로 - 교차로부근,승용,여,45세,상해없음,승용,남,38세,경상
2018101600100458,2018년 10월 16일 18시,화요일,전라남도 해남군 산이면,경상사고,0,0,1,0,차대차 - 측면충돌,과속,건조,맑음,교차로 - 교차로안,화물,남,21세,상해없음,승용,여,54세,경상
2018101600100517,2018년 10월 16일 19시,화요일,전라남도 목포시 상동,중상사고,0,1,0,0,차대사람 - 횡단중,안전운전불이행,건조,맑음,단일로 - 기타,승용,남,62세,상해없음,보행자,여,77세,중상
2018101600100518,2018년 10월 16일 19시,화요일,전라남도 목포시 산정동,경상사고,0,0,1,0,차대차 - 기타,안전운전불이행,건조,맑음,단일로 - 기타,기타불명,기타불명,미분류,기타불명,자전거,남,13세,경상
2018101600100519,2018년 10월 16일 19시,화요일,전라남도 순천시 연향동,경상사고,0,0,1,0,차대차 - 측면충돌,안전거리미확보,건조,맑음,단일로 - 기타,승합,남,68세,상해없음,이륜,남,16세,경상
2018101600100548,2018년 10월 16일 20시,화요일,전라남도 나주시 빛가람동,경상사고,0,0,1,0,차대차 - 기타,안전운전불이행,건조,맑음,단일로 - 기타,승용,남,34세,상해없음,자전거,남,14세,경상
2018101600100578,2018년 10월 16일 21시,화요일,전라남도 순천시 해룡면,경상사고,0,0,1,0,차대차 - 측면충돌,안전운전불이행,건조,맑음,교차로 - 교차로안,승용,남,25세,상해없음,승용,남,32세,경상
2018101600100606,2018년 10월 16일 23시,화요일,전라남도 여수시 신기동,중상사고,0,1,0,1,차대차 - 정면충돌,안전운전불이행,건조,맑음,교차로 - 교차로안,승용,남,66세,부상신고,승용,남,62세,중상
2018101600100607,2018년 10월 16일 23시,화요일,전라남도 광양시 금호동,경상사고,0,0,1,0,차대차 - 측면충돌,안전운전불이행,건조,맑음,교차로 - 교차로안,화물,남,54세,상해없음,승용,남,31세,경상
2018101700100024,2018년 10월 17일 02시,수요일,전라남도 목포시 옥암동,경상사고,0,0,1,0,차대차 - 기타,안전운전불이행,건조,맑음,기타 - 기타,기타불명,기타불명,미분류,기타불명,승용,남,59세,경상
2018101700100025,2018년 10월 17일 02시,수요일,전라남도 보성군 득량면,부상신고사고,0,0,0,1,차량단독 - 도로외이탈 - 추락,안전운전불이행,건조,맑음,단일로 - 기타,승용,남,69세,부상신고,,,,
2018101700100065,2018년 10월 17일 07시,수요일,전라남도 여수시 웅천동,경상사고,0,0,1,0,차대사람 - 횡단중,안전운전불이행,건조,맑음,교차로 - 교차로횡단보도내,이륜,남,67세,상해없음,보행자,여,71세,경상
2018101700100066,2018년 10월 17일 07시,수요일,전라남도 보성군 보성읍,경상사고,0,0,1,0,차대사람 - 차도통행중,불법유턴,건조,맑음,단일로 - 기타,승합,남,60세,상해없음,보행자,여,75세,경상
2018101700100106,2018년 10월 17일 08시,수요일,전라남도 보성군 미력면,경상사고,0,0,1,0,차대사람 - 횡단중,안전운전불이행,건조,맑음,단일로 - 기타,승용,남,39세,상해없음,보행자,여,83세,경상
2018101700100107,2018년 10월 17일 08시,수요일,전라남도 무안군 일로읍,경상사고,0,0,2,0,차대차 - 정면충돌,안전운전불이행,건조,맑음,교차로 - 교차로부근,승용,여,58세,경상,승용,남,35세,경상
2018101700100168,2018년 10월 17일 10시,수요일,전라남도 목포시 상동,경상사고,0,0,2,0,차대차 - 기타,교차로운행방법위반,건조,맑음,교차로 - 교차로부근,화물,남,59세,경상,승용,여,34세,경상
2018101700100169,2018년 10월 17일 10시,수요일,전라남도 고흥군 도화면,경상사고,0,0,1,0,차량단독 - 기타,안전운전불이행,건조,맑음,단일로 - 기타,승용,여,45세,경상,,,,
2018101700100170,2018년 10월 17일 10시,수요일,전라남도 고흥군 과역면,중상사고,0,1,0,0,차대차 - 추돌,안전운전불이행,건조,맑음,교차로 - 교차로안,이륜,남,69세,중상,화물,여,55세,상해없음
2018101700100171,2018년 10월 17일 10시,수요일,전라남도 화순군 화순읍,중상사고,0,1,0,0,차대차 - 추돌,신호위반,건조,맑음,교차로 - 교차로부근,화물,남,42세,상해없음,자전거,남,64세,중상
2018101700100172,2018년 10월 17일 10시,수요일,전라남도 강진군 옴천면,경상사고,0,0,1,0,차대차 - 측면충돌,안전운전불이행,건조,맑음,단일로 - 기타,승용,여,67세,경상,승용,남,65세,상해없음
2018101700100173,2018년 10월 17일 10시,수요일,전라남도 담양군 금성면,경상사고,0,0,1,0,차대차 - 기타,안전운전불이행,건조,맑음,단일로 - 기타,화물,남,54세,상해없음,이륜,여,67세,경상
2018101700100174,2018년 10월 17일 10시,수요일,전라남도 광양시 금호동,경상사고,0,0,2,0,차대차 - 기타,안전운전불이행,건조,맑음,교차로 - 교차로부근,화물,남,28세,상해없음,화물,남,75세,경상
2018101700100212,2018년 10월 17일 11시,수요일,전라남도 여수시 신기동,경상사고,0,0,1,0,차대차 - 추돌,안전운전불이행,건조,맑음,교차로 - 교차로안,승용,여,44세,상해없음,승용,여,41세,경상
2018101700100213,2018년 10월 17일 11시,수요일,전라남도 여수시 만흥동,경상사고,0,0,1,0,차대차 - 추돌,안전거리미확보,건조,맑음,단일로 - 기타,승용,여,65세,상해없음,화물,남,60세,경상
2018101700100214,2018년 10월 17일 11시,수요일,전라남도 해남군 문내면,중상사고,0,1,0,0,차대차 - 측면충돌,직진우회전진행방해,건조,맑음,교차로 - 교차로안,화물,남,51세,기타불명,화물,남,58세,중상
2018101700100215,2018년 10월 17일 11시,수요일,전라남도 보성군 복내면,경상사고,0,0,2,0,차대차 - 측면충돌,직진우회전진행방해,건조,맑음,교차로 - 교차로안,승용,여,59세,경상,승용,여,39세,경상
2018101700100242,2018년 10월 17일 12시,수요일,전라남도 순천시 덕암동,경상사고,0,0,2,0,차대차 - 측면충돌,안전운전불이행,건조,맑음,교차로 - 교차로안,승용,여,56세,상해없음,승용,여,26세,경상
2018101700100281,2018년 10월 17일 13시,수요일,전라남도 해남군 현산면,중상사고,0,1,0,0,차대사람 - 기타,안전운전불이행,건조,맑음,단일로 - 기타,승용,남,58세,상해없음,보행자,여,79세,중상
2018101700100282,2018년 10월 17일 13시,수요일,전라남도 해남군 화산면,중상사고,0,1,0,0,차대차 - 기타,안전운전불이행,건조,맑음,단일로 - 터널,화물,남,57세,상해없음,이륜,남,77세,중상
2018101700100283,2018년 10월 17일 13시,수요일,전라남도 함평군 함평읍,경상사고,0,0,2,0,차대차 - 측면충돌,교차로운행방법위반,건조,맑음,교차로 - 교차로안,승용,남,56세,상해없음,화물,남,70세,경상
2018101700100284,2018년 10월 17일 13시,수요일,전라남도 완도군 군외면,중상사고,0,2,0,0,차량단독 - 도로외이탈 - 기타,안전운전불이행,건조,맑음,단일로 - 기타,화물,남,78세,중상,,,,
2018101700100373,2018년 10월 17일 15시,수요일,전라남도 순천시 황전면,경상사고,0,0,1,0,차대차 - 측면충돌,교차로운행방법위반,건조,맑음,교차로 - 교차로안,사륜오토바이(ATV),남,81세,경상,승용,남,43세,상해없음
2018101700100421,2018년 10월 17일 16시,수요일,전라남도 담양군 담양읍,중상사고,0,1,1,0,차대차 - 정면충돌,중앙선침범,건조,맑음,단일로 - 기타,승용,남,41세,중상,승용,남,59세,경상
2018101700100467,2018년 10월 17일 17시,수요일,전라남도 담양군 수북면,부상신고사고,0,0,0,1,차대차 - 기타,안전운전불이행,건조,맑음,기타 - 기타,승용,남,67세,상해없음,자전거,남,38세,부상신고
2018101700100518,2018년 10월 17일 18시,수요일,전라남도 목포시 상동,경상사고,0,0,2,0,차대차 - 측면충돌,안전운전불이행,건조,맑음,교차로 - 교차로안,화물,남,47세,상해없음,승용,여,36세,경상
2018101700100519,2018년 10월 17일 18시,수요일,전라남도 해남군 해남읍,경상사고,0,0,1,0,차대차 - 기타,교차로운행방법위반,건조,맑음,교차로 - 교차로안,화물,남,26세,상해없음,승용,여,52세,경상
2018101700100520,2018년 10월 17일 18시,수요일,전라남도 해남군 송지면,경상사고,0,0,1,0,차대사람 - 기타,안전운전불이행,건조,맑음,단일로 - 기타,승용,남,78세,상해없음,보행자,여,50세,경상
2018101700100521,2018년 10월 17일 18시,수요일,전라남도 화순군 화순읍,경상사고,0,0,2,0,차대차 - 측면충돌,교차로운행방법위반,건조,맑음,교차로 - 교차로부근,승용,여,55세,상해없음,승용,남,49세,경상
2018101700100522,2018년 10월 17일 18시,수요일,전라남도 광양시 중동,중상사고,0,1,0,0,차대사람 - 기타,안전운전불이행,건조,맑음,단일로 - 기타,승용,남,30세,상해없음,보행자,여,44세,중상
2018101700100523,2018년 10월 17일 18시,수요일,전라남도 광양시 마동,경상사고,0,0,1,0,차대차 - 측면충돌,교차로운행방법위반,건조,맑음,교차로 - 교차로안,승합,남,60세,상해없음,승용,여,53세,경상
2018101700100557,2018년 10월 17일 19시,수요일,전라남도 목포시 산정동,경상사고,0,0,1,0,차대사람 - 기타,안전운전불이행,건조,맑음,교차로 - 교차로안,승용,남,46세,상해없음,보행자,남,57세,경상
2018101700100558,2018년 10월 17일 19시,수요일,전라남도 장성군 삼계면,중상사고,0,1,0,0,차대차 - 추돌,안전운전불이행,건조,맑음,교차로 - 교차로안,화물,남,54세,상해없음,농기계,여,78세,중상
2018101800100076,2018년 10월 18일 07시,목요일,전라남도 강진군 강진읍,경상사고,0,0,1,0,차대차 - 측면충돌,교차로운행방법위반,건조,맑음,교차로 - 교차로안,승용,남,38세,상해없음,승용,여,52세,경상
2018101800100111,2018년 10월 18일 08시,목요일,전라남도 목포시 상동,중상사고,0,1,0,0,차대사람 - 횡단중,보행자보호의무위반,건조,맑음,교차로 - 교차로횡단보도내,승용,여,65세,상해없음,보행자,여,52세,중상
2018101800100112,2018년 10월 18일 08시,목요일,전라남도 목포시 연산동,경상사고,0,0,1,0,차대차 - 기타,신호위반,건조,맑음,단일로 - 기타,승합,남,60세,상해없음,승용,남,51세,경상
2018101800100113,2018년 10월 18일 08시,목요일,전라남도 무안군 삼향읍,경상사고,0,0,1,0,차대차 - 측면충돌,교차로운행방법위반,건조,맑음,교차로 - 교차로안,승용,여,48세,상해없음,승용,여,51세,경상
2018101800100227,2018년 10월 18일 11시,목요일,전라남도 목포시 상동,경상사고,0,0,2,0,차대차 - 기타,안전운전불이행,건조,맑음,단일로 - 기타,승합,남,49세,경상,승용,여,39세,경상
2018101800100228,2018년 10월 18일 11시,목요일,전라남도 순천시 덕암동,중상사고,0,1,0,0,차대차 - 측면충돌,안전운전불이행,건조,맑음,교차로 - 교차로안,승용,남,71세,상해없음,원동기,여,57세,중상
2018101800100229,2018년 10월 18일 11시,목요일,전라남도 순천시 오천동,경상사고,0,0,2,0,차대차 - 측면충돌,안전거리미확보,건조,맑음,단일로 - 기타,승용,남,30세,경상,승용,남,62세,경상
2018101800100261,2018년 10월 18일 12시,목요일,전라남도 목포시 상동,경상사고,0,0,1,0,차대사람 - 횡단중,보행자보호의무위반,건조,맑음,교차로 - 교차로횡단보도내,승용,여,54세,상해없음,보행자,여,57세,경상
2018101800100285,2018년 10월 18일 13시,목요일,전라남도 담양군 고서면,중상사고,0,1,1,0,차대차 - 추돌,안전운전불이행,건조,맑음,단일로 - 기타,승합,남,22세,경상,농기계,남,43세,중상