사고번호,사고일시,요일,시군구,사고내용,사망자수,중상자수,경상자수,부상신고자수,사고유형,법규위반,노면상태,기상상태,도로형태,가해운전자 차종,가해운전자 성별,가해운전자 연령,가해운전자 상해정도,피해운전자 차종,피해운전자 성별,피해운전자 연령,피해운전자 상해정도
2018102100100496,2018년 10월 21일 20시,일요일,전라남도 화순군 도곡면,경상사고,0,0,2,0,차대차 - 측면충돌,안전운전불이행,건조,맑음,단일로 - 기타,승용,남,66세,상해없음,승용,남,37세,경상
2018102200100013,2018년 10월 22일 01시,월요일,전라남도 목포시 상동,경상사고,0,0,3,0,차대차 - 측면충돌,교차로운행방법위반,건조,맑음,교차로 - 교차로횡단보도내,승용,남,38세,경상,승용,남,23세,경상
2018102200100057,2018년 10월 22일 07시,월요일,전라남도 해남군 옥천면,경상사고,0,0,1,0,차대차 - 기타,교차로운행방법위반,건조,맑음,교차로 - 교차로안,이륜,남,85세,경상,화물,남,47세,상해없음
2018102200100058,2018년 10월 22일 07시,월요일,전라남도 영암군 삼호읍,경상사고,0,0,2,0,차대차 - 기타,기타,건조,맑음,교차로 - 교차로안,승용,남,20세,경상,승용,남,71세,경상
2018102200100094,2018년 10월 22일 08시,월요일,전라남도 순천시 용당동,경상사고,0,0,3,0,차대차 - 측면충돌,교차로운행방법위반,건조,맑음,교차로 - 교차로안,승용,여,42세,경상,화물,남,64세,경상
2018102200100095,2018년 10월 22일 08시,월요일,전라남도 완도군 완도읍,경상사고,0,0,1,0,차대차 - 정면충돌,중앙선침범,건조,맑음,교차로 - 교차로부근,승용,남,54세,상해없음,화물,남,71세,경상
2018102200100127,2018년 10월 22일 09시,월요일,전라남도 목포시 용해동,경상사고,0,0,2,0,차대차 - 측면충돌,안전운전불이행,건조,맑음,단일로 - 터널,승용,남,67세,기타불명,승용,남,28세,경상
2018102200100128,2018년 10월 22일 09시,월요일,전라남도 장성군 장성읍,경상사고,0,0,1,0,차대차 - 측면충돌,안전운전불이행,건조,맑음,교차로 - 교차로안,승용,남,53세,상해없음,승용,남,73세,경상
2018102200100163,2018년 10월 22일 10시,월요일,전라남도 순천시 연향동,경상사고,0,0,2,0,차대차 - 측면충돌,안전운전불이행,건조,맑음,단일로 - 기타,승합,남,62세,경상,화물,남,55세,경상
2018102200100164,2018년 10월 22일 10시,월요일,전라남도 보성군 벌교읍,경상사고,0,0,1,0,차대차 - 측면충돌,안전운전불이행,건조,맑음,단일로 - 기타,화물,남,52세,상해없음,이륜,남,75세,경상
2018102200100165,2018년 10월 22일 10시,월요일,전라남도 화순군 화순읍,중상사고,0,1,1,0,차대차 - 측면충돌,신호위반,건조,맑음,교차로 - 교차로안,화물,남,48세,경상,승용,남,35세,중상
2018102200100166,2018년 10월 22일 10시,월요일,전라남도 화순군 능주면,부상신고사고,0,0,0,1,차대차 - 측면충돌,안전운전불이행,건조,맑음,교차로 - 교차로부근,승합,남,42세,상해없음,자전거,여,76세,부상신고
2018102200100236,2018년 10월 22일 12시,월요일,전라남도 목포시 용해동,경상사고,0,0,1,0,차대차 - 측면충돌,교차로운행방법위반,건조,맑음,교차로 - 교차로안,승용,여,38세,상해없음,원동기,남,24세,경상
2018102200100237,2018년 10월 22일 12시,월요일,전라남도 순천시 가곡동,경상사고,0,0,1,1,차대차 - 측면충돌,교차로운행방법위반,건조,맑음,교차로 - 교차로안,승용,여,40세,부상신고,승용,남,51세,경상
2018102200100319,2018년 10월 22일 15시,월요일,전라남도 나주시 동강면,중상사고,0,1,0,0,차대차 - 측면충돌,안전운전불이행,건조,맑음,단일로 - 기타,승용,여,43세,상해없음,자전거,남,63세,중상
2018102200100381,2018년 10월 22일 17시,월요일,전라남도 무안군 몽탄면,경상사고,0,0,1,0,차대차 - 측면충돌,안전운전불이행,건조,맑음,단일로 - 기타,승용,여,57세,상해없음,승합,남,39세,경상
2018102200100382,2018년 10월 22일 17시,월요일,전라남도 목포시 산정동,경상사고,0,0,2,0,차대차 - 측면충돌,신호위반,건조,맑음,교차로 - 교차로안,이륜,남,21세,경상,승용,여,42세,경상
2018102200100383,2018년 10월 22일 17시,월요일,전라남도 장흥군 유치면,중상사고,0,1,1,0,차대차 - 측면충돌,안전운전불이행,건조,맑음,교차로 - 교차로안,화물,남,60세,경상,화물,남,54세,중상
2018102200100448,2018년 10월 22일 18시,월요일,전라남도 순천시 가곡동,경상사고,0,0,1,1,차대차 - 기타,신호위반,건조,맑음,교차로 - 교차로안,원동기,남,18세,부상신고,승용,남,37세,상해없음
2018102200100449,2018년 10월 22일 18시,월요일,전라남도 화순군 화순읍,중상사고,0,2,0,0,차대사람 - 기타,과속,건조,맑음,단일로 - 기타,승용,여,39세,중상,보행자,남,14세,중상
2018102200100450,2018년 10월 22일 18시,월요일,전라남도 광양시 중동,경상사고,0,0,1,0,차대사람 - 횡단중,보행자보호의무위반,건조,맑음,교차로 - 교차로안,승용,남,33세,상해없음,보행자,남,62세,경상
2018102200100578,2018년 10월 22일 22시,월요일,전라남도 여수시 서교동,경상사고,0,0,2,0,차대차 - 측면충돌,신호위반,건조,맑음,단일로 - 기타,승용,남,61세,상해없음,승용,남,61세,경상
2018102200100579,2018년 10월 22일 22시,월요일,전라남도 여수시 둔덕동,중상사고,0,1,0,0,차대차 - 측면충돌,교차로운행방법위반,건조,맑음,교차로 - 교차로안,승합,남,40세,상해없음,이륜,남,18세,중상
2018102300100016,2018년 10월 23일 01시,화요일,전라남도 광양시 중동,경상사고,0,0,3,0,차대차 - 측면충돌,직진우회전진행방해,건조,맑음,교차로 - 교차로안,승용,남,27세,상해없음,승용,남,67세,경상
2018102300100052,2018년 10월 23일 06시,화요일,전라남도 여수시 소라면,사망사고,1,0,0,0,차대사람 - 횡단중,과속,건조,맑음,단일로 - 기타,승용,남,31세,상해없음,보행자,여,76세,사망
2018102300100053,2018년 10월 23일 06시,화요일,전라남도 해남군 송지면,부상신고사고,0,0,0,1,차대차 - 측면충돌,신호위반,건조,맑음,교차로 - 교차로안,화물,남,68세,부상신고,화물,남,60세,상해없음
2018102300100118,2018년 10월 23일 08시,화요일,전라남도 여수시 여서동,경상사고,0,0,1,0,차대차 - 측면충돌,교차로운행방법위반,건조,맑음,교차로 - 교차로안,승용,여,37세,경상,승용,남,52세,상해없음
2018102300100156,2018년 10월 23일 09시,화요일,전라남도 나주시 토계동,중상사고,0,1,5,0,차대차 - 추돌,안전운전불이행,젖음/습기,비,단일로 - 기타,승용,여,54세,경상,화물,남,62세,상해없음
2018102300100157,2018년 10월 23일 09시,화요일,전라남도 영암군 학산면,경상사고,0,0,1,0,차대사람 - 차도통행중,안전운전불이행,건조,맑음,단일로 - 기타,승용,남,54세,상해없음,보행자,남,21세,경상
2018102300100191,2018년 10월 23일 10시,화요일,전라남도 목포시 복만동,경상사고,0,0,1,0,차대차 - 기타,교차로운행방법위반,건조,맑음,교차로 - 교차로안,승용,여,50세,경상,승용,남,73세,상해없음
2018102300100192,2018년 10월 23일 10시,화요일,전라남도 순천시 용당동,경상사고,0,0,3,0,차대차 - 추돌,안전운전불이행,건조,맑음,교차로 - 교차로부근,승용,여,45세,경상,승용,여,51세,경상
2018102300100193,2018년 10월 23일 10시,화요일,전라남도 담양군 용면,경상사고,0,0,1,0,차대차 - 측면충돌,중앙선침범,젖음/습기,비,단일로 - 기타,승용,남,28세,상해없음,승합,남,56세,상해없음
2018102300100194,2018년 10월 23일 10시,화요일,전라남도 구례군 토지면,경상사고,0,0,2,0,차대차 - 추돌,안전거리미확보,건조,맑음,단일로 - 기타,승용,남,42세,상해없음,승용,남,53세,경상
2018102300100227,2018년 10월 23일 11시,화요일,전라남도 화순군 화순읍,경상사고,0,0,1,0,차대차 - 측면충돌,중앙선침범,젖음/습기,비,단일로 - 기타,승용,여,60세,상해없음,승용,남,51세,경상
2018102300100252,2018년 10월 23일 12시,화요일,전라남도 목포시 용해동,경상사고,0,0,1,0,차대차 - 기타,교차로운행방법위반,건조,맑음,교차로 - 교차로안,승용,남,61세,상해없음,승용,남,56세,상해없음
2018102300100332,2018년 10월 23일 15시,화요일,전라남도 순천시 연향동,경상사고,0,0,7,0,차대차 - 추돌,안전거리미확보,건조,맑음,단일로 - 기타,승용,남,64세,상해없음,승용,남,64세,경상
2018102300100361,2018년 10월 23일 16시,화요일,전라남도 순천시 장천동,경상사고,0,0,1,0,차대사람 - 횡단중,보행자보호의무위반,건조,맑음,교차로 - 교차로횡단보도내,승용,남,68세,상해없음,보행자,여,81세,경상
2018102300100362,2018년 10월 23일 16시,화요일,전라남도 나주시 빛가람동,중상사고,0,1,0,0,차대차 - 측면충돌,신호위반,건조,맑음,교차로 - 교차로안,자전거,남,15세,중상,승용,남,36세,상해없음
2018102300100363,2018년 10월 23일 16시,화요일,전라남도 무안군 현경면,중상사고,0,1,0,0,차대차 - 정면충돌,중앙선침범,건조,맑음,단일로 - 기타,화물,남,69세,상해없음,화물,남,56세,상해없음
2018102300100466,2018년 10월 23일 18시,화요일,전라남도 목포시 옥암동,경상사고,0,0,2,0,차대차 - 기타,안전운전불이행,건조,맑음,단일로 - 기타,승용,남,36세,상해없음,승용,여,44세,경상
2018102300100467,2018년 10월 23일 18시,화요일,전라남도 장흥군 장흥읍,경상사고,0,0,2,0,차대차 - 측면충돌,안전거리미확보,건조,맑음,교차로 - 교차로부근,승용,남,68세,상해없음,승용,남,69세,경상
2018102300100468,2018년 10월 23일 18시,화요일,전라남도 곡성군 입면,중상사고,0,1,1,0,차대차 - 추돌,안전운전불이행,건조,맑음,단일로 - 기타,화물,남,80세,상해없음,농기계,남,51세,경상
2018102300100518,2018년 10월 23일 19시,화요일,전라남도 해남군 해남읍,중상사고,0,1,0,0,차대차 - 기타,안전운전불이행,건조,맑음,기타 - 기타,승용,남,50세,중상,화물,남,65세,상해없음
2018102300100552,2018년 10월 23일 20시,화요일,전라남도 광양시 태인동,사망사고,1,0,0,0,차량단독 - 기타,안전운전불이행,건조,맑음,단일로 - 기타,이륜,남,69세,사망,,,,
2018102300100578,2018년 10월 23일 21시,화요일,전라남도 순천시 해룡면,경상사고,0,0,3,0,차대차 - 기타,신호위반,건조,맑음,교차로 - 교차로안,승용,남,27세,상해없음,승합,남,55세,경상
2018102400100024,2018년 10월 24일 03시,수요일,전라남도 광양시 중동,경상사고,0,0,1,0,차대차 - 추돌,안전운전불이행,건조,맑음,단일로 - 기타,승용,남,63세,상해없음,승용,남,45세,경상
2018102400100037,2018년 10월 24일 05시,수요일,전라남도 무안군 삼향읍,중상사고,0,1,0,0,차대사람 - 기타,안전운전불이행,젖음/습기,안개,교차로 - 교차로부근,화물,여,60세,상해없음,보행자,남,59세,중상
2018102400100048,2018년 10월 24일 06시,수요일,전라남도 여수시 선원동,경상사고,0,0,1,0,차대차 - 기타,안전운전불이행,건조,맑음,단일로 - 기타,승용,남,72세,상해없음,승용,남,46세,경상
2018102400100049,2018년 10월 24일 06시,수요일,전라남도 장성군 북하면,사망사고,1,0,0,0,차대사람 - 횡단중,안전운전불이행,건조,맑음,교차로 - 교차로안,승용,여,64세,상해없음,보행자,남,83세,사망
2018102400100050,2018년 10월 24일 06시,수요일,전라남도 무안군 망운면,경상사고,0,0,1,0,차대차 - 기타,직진우회전진행방해,젖음/습기,안개,교차로 - 교차로안,승용,여,45세,상해없음,화물,남,60세,경상
2018102400100074,2018년 10월 24일 07시,수요일,전라남도 여수시 안산동,중상사고,0,1,0,0,차대차 - 기타,안전운전불이행,건조,맑음,단일로 - 기타,승용,남,54세,상해없음,이륜,남,24세,중상
2018102400100075,2018년 10월 24일 07시,수요일,전라남도 영암군 삼호읍,중상사고,0,1,0,0,차대사람 - 기타,안전운전불이행,건조,맑음,단일로 - 기타,승용,여,27세,상해없음,보행자,여,72세,중상
2018102400100076,2018년 10월 24일 07시,수요일,전라남도 곡성군 옥과면,경상사고,0,0,1,0,차대사람 - 기타,안전운전불이행,건조,맑음,단일로 - 기타,승용,남,72세,상해없음,보행자,여,51세,경상
2018102400100128,2018년 10월 24일 08시,수요일,전라남도 여수시 학동,경상사고,0,0,1,0,차대차 - 측면충돌,교차로운행방법위반,건조,맑음,교차로 - 교차로안,승용,여,44세,상해없음,승용,여,50세,경상
2018102400100129,2018년 10월 24일 08시,수요일,전라남도 고흥군 고흥읍,중상사고,0,1,0,0,차대사람 - 길가장자리구역통행중,교차로운행방법위반,건조,맑음,교차로 - 교차로부근,화물,남,58세,상해없음,보행자,여,54세,중상
2018102400100130,2018년 10월 24일 08시,수요일,전라남도 보성군 벌교읍,경상사고,0,0,1,0,차대차 - 측면충돌,안전운전불이행,건조,맑음,단일로 - 기타,화물,남,38세,상해없음,이륜,남,69세,경상
2018102400100131,2018년 10월 24일 08시,수요일,전라남도 담양군 담양읍,경상사고,0,0,1,0,차대차 - 기타,안전운전불이행,건조,맑음,교차로 - 교차로안,자전거,남,14세,경상,승용,남,34세,상해없음
2018102400100175,2018년 10월 24일 09시,수요일,전라남도 나주시 남평읍,중상사고,0,1,0,0,차대차 - 측면충돌,안전운전불이행,건조,맑음,교차로 - 교차로부근,승용,남,57세,상해없음,이륜,남,84세,중상
2018102400100209,2018년 10월 24일 10시,수요일,전라남도 여수시 문수동,중상사고,0,1,0,0,차대사람 - 횡단중,신호위반,건조,맑음,단일로 - 기타,이륜,남,25세,상해없음,보행자,남,71세,중상
2018102400100210,2018년 10월 24일 10시,수요일,전라남도 장성군 장성읍,경상사고,0,0,1,0,차대차 - 기타,교차로운행방법위반,건조,맑음,교차로 - 교차로안,승용,남,66세,상해없음,건설기계,남,46세,경상
2018102400100211,2018년 10월 24일 10시,수요일,전라남도 강진군 강진읍,경상사고,0,0,3,0,차대차 - 기타,안전거리미확보,건조,맑음,단일로 - 기타,농기계,남,70세,상해없음,승용,여,32세,경상
2018102400100267,2018년 10월 24일 12시,수요일,전라남도 순천시 조례동,경상사고,0,0,3,0,차대차 - 측면충돌,직진우회전진행방해,건조,맑음,교차로 - 교차로안,화물,남,78세,경상,승용,남,51세,경상
2018102400100310,2018년 10월 24일 13시,수요일,전라남도 목포시 대양동,중상사고,0,1,0,0,차대차 - 기타,안전운전불이행,건조,맑음,단일로 - 기타,승용,남,64세,상해없음,이륜,남,78세,중상
2018102400100361,2018년 10월 24일 14시,수요일,전라남도 목포시 옥암동,경상사고,0,0,2,0,차대차 - 기타,교차로운행방법위반,건조,맑음,교차로 - 교차로안,승용,남,54세,경상,승용,남,67세,경상
2018102400100362,2018년 10월 24일 14시,수요일,전라남도 담양군 담양읍,중상사고,0,1,0,0,차대차 - 기타,안전운전불이행,건조,맑음,단일로 - 기타,원동기,남,76세,중상,화물,남,56세,상해없음
2018102400100363,2018년 10월 24일 14시,수요일,전라남도 무안군 삼향읍,경상사고,0,0,4,0,차대차 - 측면충돌,교차로운행방법위반,건조,맑음,교차로 - 교차로안,화물,남,28세,상해없음,승용,여,36세,경상
2018102400100364,2018년 10월 24일 14시,수요일,전라남도 무안군 삼향읍,중상사고,0,1,1,0,차대차 - 측면충돌,안전운전불이행,건조,맑음,교차로 - 교차로횡단보도내,승용,여,23세,경상,화물,여,60세,중상
2018102400100365,2018년 10월 24일 14시,수요일,전라남도 광양시 진월면,경상사고,0,0,1,0,차량단독 - 기타,안전운전불이행,건조,맑음,단일로 - 기타,자전거,남,50세,경상,,,,
2018102400100401,2018년 10월 24일 15시,수요일,전라남도 여수시 돌산읍,경상사고,0,0,1,0,차대사람 - 길가장자리구역통행중,안전운전불이행,건조,맑음,단일로 - 기타,승용,여,68세,상해없음,보행자,여,77세,경상
2018102400100402,2018년 10월 24일 15시,수요일,전라남도 해남군 현산면,경상사고,0,0,1,0,차대차 - 추돌,안전운전불이행,건조,맑음,단일로 - 터널,승용,남,70세,기타불명,화물,남,41세,경상
2018102400100442,2018년 10월 24일 16시,수요일,전라남도 담양군 수북면,중상사고,0,1,0,0,차대차 - 정면충돌,안전운전불이행,건조,맑음,단일로 - 기타,원동기,여,69세,중상,승합,남,62세,상해없음
2018102400100487,2018년 10월 24일 17시,수요일,전라남도 나주시 이창동,경상사고,0,0,1,0,차대차 - 측면충돌,안전운전불이행,건조,맑음,교차로 - 교차로부근,이륜,남,66세,경상,화물,여,42세,상해없음
2018102400100488,2018년 10월 24일 17시,수요일,전라남도 완도군 완도읍,경상사고,0,0,1,0,차대차 - 측면충돌,안전운전불이행,건조,맑음,교차로 - 교차로안,자전거,남,13세,경상,화물,남,65세,상해없음
2018102400100559,2018년 10월 24일 18시,수요일,전라남도 영암군 삼호읍,경상사고,0,0,2,0,차대차 - 측면충돌,안전운전불이행,건조,맑음,교차로 - 교차로안,승용,여,21세,경상,승용,남,45세,경상
2018102400100610,2018년 10월 24일 19시,수요일,전라남도 나주시 금천면,경상사고,0,0,1,0,차대차 - 측면충돌,안전운전불이행,건조,맑음,교차로 - 교차로부근,승용,남,68세,상해없음,승용,남,32세,경상
2018102400100611,2018년 10월 24일 19시,수요일,전라남도 장흥군 안양면,중상사고,0,1,0,0,차대사람 - 길가장자리구역통행중,안전운전불이행,건조,맑음,단일로 - 기타,화물,남,65세,상해없음,보행자,남,22세,중상
2018102400100657,2018년 10월 24일 20시,수요일,전라남도 화순군 화순읍,경상사고,0,0,1,0,차대차 - 측면충돌,신호위반,건조,맑음,교차로 - 교차로안,승용,남,42세,상해없음,승용,남,19세,경상
2018102400100687,2018년 10월 24일 21시,수요일,전라남도 함평군 학교면,부상신고사고,0,0,0,1,차대차 - 추돌,안전운전불이행,건조,맑음,교차로 - 교차로부근,화물,남,54세,부상신고,화물,남,57세,상해없음
2018102400100720,2018년 10월 24일 22시,수요일,전라남도 장흥군 장흥읍,경상사고,0,0,1,0,차대사람 - 차도통행중,안전운전불이행,건조,맑음,교차로 - 교차로안,승용,남,28세,상해없음,보행자,남,60세,경상
2018102400100741,2018년 10월 24일 23시,수요일,전라남도 여수시 여서동,경상사고,0,0,5,0,차대차 - 추돌,안전운전불이행,건조,맑음,단일로 - 기타,승용,남,48세,상해없음,승용,여,45세,경상
2018102500100005,2018년 10월 25일 00시,목요일,전라남도 목포시 옥암동,경상사고,0,0,1,0,차대차 - 추돌,안전운전불이행,건조,맑음,단일로 - 기타,승용,남,33세,상해없음,승용,남,29세,경상
2018102500100026,2018년 10월 25일 02시,목요일,전라남도 목포시 죽교동,경상사고,0,0,2,0,차대차 - 기타,안전운전불이행,건조,맑음,교차로 - 교차로안,승용,남,36세,상해없음,승용,남,30세,상해없음
2018102500100027,2018년 10월 25일 02시,목요일,전라남도 여수시 문수동,경상사고,0,0,1,0,차대차 - 추돌,안전운전불이행,건조,맑음,교차로 - 교차로부근,승용,남,47세,상해없음,승용,여,50세,기타불명
2018102500100045,2018년 10월 25일 05시,목요일,전라남도 무안군 운남면,중상사고,0,1,0,0,차대차 - 추돌,안전운전불이행,건조,맑음,단일로 - 기타,화물,남,59세,상해없음,농기계,남,75세,중상
2018102500100063,2018년 10월 25일 06시,목요일,전라남도 목포시 광동1가,경상사고,0,0,1,0,차대차 - 기타,안전거리미확보,건조,맑음,단일로 - 기타,승용,남,72세,상해없음,승용,남,71세,경상
2018102500100064,2018년 10월 25일 06시,목요일,전라남도 목포시 산정동,경상사고,0,0,2,0,차대차 - 기타,교차로운행방법위반,건조,맑음,교차로 - 교차로안,승용,여,53세,경상,승용,남,39세,경상
2018102500100065,2018년 10월 25일 06시,목요일,전라남도 여수시 신기동,부상신고사고,0,0,0,1,차대차 - 기타,안전거리미확보,건조,맑음,교차로 - 교차로부근,승용,남,64세,상해없음,승용,남,54세,상해없음
2018102500100066,2018년 10월 25일 06시,목요일,전라남도 해남군 화원면,경상사고,0,0,1,0,차대차 - 측면충돌,신호위반,건조,맑음,교차로 - 교차로안,승용,남,58세,기타불명,승용,여,32세,경상
2018102500100089,2018년 10월 25일 07시,목요일,전라남도 목포시 동명동,중상사고,0,1,0,0,차대차 - 기타,중앙선침범,건조,맑음,단일로 - 기타,자전거,남,49세,중상,승용,남,30세,상해없음
2018102500100090,2018년 10월 25일 07시,목요일,전라남도 여수시 상암동,중상사고,0,1,1,0,차대차 - 측면충돌,안전운전불이행,건조,맑음,단일로 - 기타,승합,남,42세,상해없음,화물,남,21세,중상
2018102500100091,2018년 10월 25일 07시,목요일,전라남도 순천시 매곡동,중상사고,0,1,0,0,차대차 - 측면충돌,신호위반,건조,맑음,교차로 - 교차로안,승용,남,51세,상해없음,승용,남,26세,중상
2018102500100137,2018년 10월 25일 08시,목요일,전라남도 여수시 충무동,경상사고,0,0,1,0,차대사람 - 횡단중,안전운전불이행,건조,맑음,단일로 - 기타,승용,여,54세,상해없음,보행자,남,49세,경상
2018102500100138,2018년 10월 25일 08시,목요일,전라남도 장성군 남면,경상사고,0,0,1,0,차대차 - 기타,차로위반,건조,맑음,교차로 - 교차로부근,승용,여,45세,상해없음,승용,여,24세,경상
2018102500100182,2018년 10월 25일 09시,목요일,전라남도 장흥군 대덕읍,중상사고,0,1,0,0,차대차 - 측면충돌,안전운전불이행,건조,맑음,교차로 - 교차로안,화물,남,49세,상해없음,사륜오토바이(ATV),여,80세,중상
2018102500100183,2018년 10월 25일 09시,목요일,전라남도 보성군 조성면,경상사고,0,0,1,0,차대차 - 측면충돌,교차로운행방법위반,건조,맑음,교차로 - 교차로안,화물,남,63세,상해없음,승용,남,53세,경상
2018102500100220,2018년 10월 25일 10시,목요일,전라남도 순천시 조곡동,경상사고,0,0,2,0,차대차 - 추돌,교차로운행방법위반,건조,맑음,교차로 - 교차로안,승용,남,66세,상해없음,승용,여,28세,경상
2018102500100221,2018년 10월 25일 10시,목요일,전라남도 장흥군 관산읍,경상사고,0,0,1,0,차대차 - 측면충돌,안전운전불이행,건조,맑음,단일로 - 기타,화물,남,60세,상해없음,농기계,남,36세,경상
2018102500100222,2018년 10월 25일 10시,목요일,전라남도 고흥군 도양읍,경상사고,0,0,1,0,차대사람 - 길가장자리구역통행중,안전운전불이행,건조,맑음,단일로 - 기타,승용,남,61세,상해없음,보행자,여,68세,경상
2018102500100223,2018년 10월 25일 10시,목요일,전라남도 무안군 청계면,경상사고,0,0,3,0,차대차 - 추돌,안전거리미확보,건조,맑음,교차로 - 교차로부근,화물,남,41세,상해없음,승용,남,79세,경상
2018102500100253,2018년 10월 25일 11시,목요일,전라남도 장흥군 관산읍,중상사고,0,1,1,0,차대차 - 후진중충돌,안전운전불이행,건조,맑음,단일로 - 기타,화물,남,54세,경상,이륜,남,77세,중상
2018102500100254,2018년 10월 25일 11시,목요일,전라남도 광양시 중동,중상사고,0,1,0,0,차대사람 - 횡단중,안전운전불이행,건조,맑음,단일로 - 기타,승용,여,35세,상해없음,보행자,여,79세,중상
2018102500100290,2018년 10월 25일 12시,목요일,전라남도 화순군 이서면,경상사고,0,0,2,0,차대차 - 정면충돌,중앙선침범,건조,맑음,단일로 - 기타,승용,남,60세,상해없음,승용,남,54세,경상
2018102500100321,2018년 10월 25일 13시,목요일,전라남도 목포시 상동,부상신고사고,0,0,0,1,차대사람 - 횡단중,안전운전불이행,건조,맑음,단일로 - 기타,승용,여,52세,상해없음,보행자,여,22세,부상신고
2018102500100322,2018년 10월 25일 13시,목요일,전라남도 해남군 송지면,경상사고,0,0,2,0,차대차 - 후진중충돌,안전운전불이행,건조,맑음,교차로 - 교차로안,화물,남,51세,경상,화물,여,57세,경상
2018102500100352,2018년 10월 25일 14시,목요일,전라남도 해남군 계곡면,경상사고,0,0,1,0,차량단독 - 도로외이탈 - 추락,안전운전불이행,건조,맑음,단일로 - 기타,화물,남,63세,경상,,,,
2018102500100353,2018년 10월 25일 14시,목요일,전라남도 영광군 영광읍,중상사고,0,1,0,0,차대차 - 측면충돌,안전운전불이행,건조,맑음,단일로 - 기타,승합,남,56세,상해없음,원동기,남,79세,중상
2018102500100354,2018년 10월 25일 14시,목요일,전라남도 함평군 함평읍,중상사고,0,2,0,0,차대차 - 측면충돌,안전운전불이행,건조,맑음,교차로 - 교차로안,화물,남,62세,중상,화물,남,60세,중상
2018102500100401,2018년 10월 25일 15시,목요일,전라남도 신안군 신의면,중상사고,0,1,0,0,차대사람 - 횡단중,안전운전불이행,건조,맑음,단일로 - 기타,화물,남,78세,상해없음,보행자,여,75세,중상
2018102500100402,2018년 10월 25일 15시,목요일,전라남도 보성군 보성읍,중상사고,0,1,0,0,차대차 - 추돌,안전운전불이행,건조,맑음,단일로 - 기타,사륜오토바이(ATV),남,64세,중상,농기계,남,48세,상해없음
2018102500100446,2018년 10월 25일 16시,목요일,전라남도 장흥군 장흥읍,중상사고,0,1,1,0,차대차 - 정면충돌,중앙선침범,건조,맑음,단일로 - 기타,승용,남,75세,상해없음,승용,여,56세,중상
2018102500100490,2018년 10월 25일 17시,목요일,전라남도 여수시 서교동,중상사고,0,1,0,0,차대사람 - 횡단중,안전운전불이행,건조,맑음,교차로 - 교차로횡단보도내,승용,여,52세,상해없음,보행자,여,63세,중상
2018102500100491,2018년 10월 25일 17시,목요일,전라남도 순천시 서면,중상사고,0,1,0,0,차대사람 - 횡단중,안전운전불이행,건조,맑음,단일로 - 기타,승용,남,63세,상해없음,보행자,여,54세,중상
2018102500100492,2018년 10월 25일 17시,목요일,전라남도 보성군 회천면,중상사고,0,1,1,0,차대차 - 측면충돌,중앙선침범,건조,맑음,단일로 - 기타,화물,남,75세,경상,승용,남,60세,중상
2018102500100548,2018년 10월 25일 18시,목요일,전라남도 여수시 관문동,중상사고,0,1,0,0,차대사람 - 횡단중,보행자보호의무위반,건조,맑음,단일로 - 기타,승용,여,45세,상해없음,보행자,여,6세,중상
2018102500100549,2018년 10월 25일 18시,목요일,전라남도 여수시 중앙동,중상사고,0,1,0,0,차대사람 - 횡단중,보행자보호의무위반,건조,맑음,교차로 - 교차로횡단보도내,승용,남,62세,상해없음,보행자,여,64세,중상
2018102500100550,2018년 10월 25일 18시,목요일,전라남도 담양군 수북면,경상사고,0,0,2,0,차대차 - 추돌,안전운전불이행,건조,맑음,단일로 - 기타,승용,여,35세,경상,화물,여,59세,경상
2018102500100605,2018년 10월 25일 19시,목요일,전라남도 목포시 석현동,경상사고,0,0,1,0,차대차 - 측면충돌,안전운전불이행,건조,맑음,단일로 - 기타,승용,남,61세,상해없음,승용,여,54세,경상
2018102500100606,2018년 10월 25일 19시,목요일,전라남도 여수시 웅천동,경상사고,0,0,1,0,차대사람 - 횡단중,안전운전불이행,건조,맑음,단일로 - 기타,승용,여,30세,상해없음,보행자,남,17세,경상
2018102500100607,2018년 10월 25일 19시,목요일,전라남도 보성군 보성읍,중상사고,0,4,0,0,차량단독 - 공작물충돌,안전운전불이행,건조,맑음,단일로 - 기타,승용,남,73세,중상,,,,
2018102500100608,2018년 10월 25일 19시,목요일,전라남도 함평군 학교면,부상신고사고,0,0,0,1,차대차 - 추돌,안전운전불이행,건조,맑음,단일로 - 기타,승용,남,33세,부상신고,농기계,남,54세,상해없음
2018102500100637,2018년 10월 25일 20시,목요일,전라남도 진도군 군내면,경상사고,0,0,1,1,차대차 - 추돌,과속,건조,흐림,단일로 - 기타,승용,여,31세,부상신고,농기계,남,34세,경상
2018102500100663,2018년 10월 25일 21시,목요일,전라남도 목포시 상동,경상사고,0,0,1,0,차대사람 - 횡단중,안전운전불이행,건조,맑음,단일로 - 기타,승용,남,45세,상해없음,보행자,남,24세,경상
2018102600100010,2018년 10월 26일 00시,금요일,전라남도 무안군 삼향읍,경상사고,0,0,2,0,차대차 - 추돌,안전운전불이행,건조,맑음,교차로 - 교차로부근,승용,남,33세,상해없음,화물,남,47세,경상