사고번호,사고일시,요일,시군구,사고내용,사망자수,중상자수,경상자수,부상신고자수,사고유형,법규위반,노면상태,기상상태,도로형태,가해운전자 차종,가해운전자 성별,가해운전자 연령,가해운전자 상해정도,피해운전자 차종,피해운전자 성별,피해운전자 연령,피해운전자 상해정도
2018102600100034,2018년 10월 26일 03시,금요일,전라남도 나주시 산포면,경상사고,0,0,1,0,차량단독 - 공작물충돌,안전운전불이행,건조,맑음,단일로 - 기타,승용,남,48세,경상,,,,
2018102600100052,2018년 10월 26일 05시,금요일,전라남도 목포시 용당동,경상사고,0,0,2,0,차대차 - 기타,안전운전불이행,젖음/습기,비,단일로 - 기타,화물,남,65세,상해없음,승용,남,47세,상해없음
2018102600100053,2018년 10월 26일 05시,금요일,전라남도 완도군 신지면,중상사고,0,2,0,0,차대차 - 측면충돌,중앙선침범,젖음/습기,비,단일로 - 교량,승용,여,69세,중상,승용,남,69세,중상
2018102600100093,2018년 10월 26일 07시,금요일,전라남도 여수시 화양면,경상사고,0,0,1,0,차대차 - 측면충돌,안전운전불이행,건조,맑음,교차로 - 교차로안,승용,여,27세,경상,화물,남,64세,상해없음
2018102600100094,2018년 10월 26일 07시,금요일,전라남도 나주시 산포면,경상사고,0,0,1,0,차량단독 - 공작물충돌,안전운전불이행,젖음/습기,비,교차로 - 교차로안,승용,남,29세,경상,,,,
2018102600100095,2018년 10월 26일 07시,금요일,전라남도 장흥군 장동면,경상사고,0,0,1,0,차대차 - 측면충돌,안전운전불이행,젖음/습기,흐림,단일로 - 기타,건설기계,남,64세,상해없음,승용,남,68세,경상
2018102600100125,2018년 10월 26일 08시,금요일,전라남도 담양군 창평면,중상사고,0,2,0,0,차대차 - 측면충돌,교차로운행방법위반,젖음/습기,비,교차로 - 교차로안,승용,남,68세,상해없음,화물,남,66세,중상
2018102600100154,2018년 10월 26일 09시,금요일,전라남도 목포시 산정동,경상사고,0,0,1,0,차대차 - 측면충돌,신호위반,젖음/습기,비,교차로 - 교차로횡단보도내,승용,남,75세,상해없음,화물,남,30세,경상
2018102600100155,2018년 10월 26일 09시,금요일,전라남도 목포시 용당동,중상사고,0,1,0,0,차대사람 - 기타,안전운전불이행,건조,흐림,단일로 - 기타,화물,여,59세,상해없음,보행자,여,76세,중상
2018102600100156,2018년 10월 26일 09시,금요일,전라남도 영광군 영광읍,경상사고,0,0,2,0,차대차 - 측면충돌,안전운전불이행,젖음/습기,비,교차로 - 교차로안,화물,남,62세,경상,승용,남,71세,경상
2018102600100182,2018년 10월 26일 10시,금요일,전라남도 여수시 봉계동,경상사고,0,0,1,0,차대차 - 측면충돌,안전운전불이행,건조,맑음,단일로 - 기타,화물,남,73세,상해없음,승용,남,67세,경상
2018102600100183,2018년 10월 26일 10시,금요일,전라남도 나주시 삼영동,경상사고,0,0,2,0,차대차 - 측면충돌,신호위반,젖음/습기,비,교차로 - 교차로안,승용,남,48세,경상,화물,남,76세,경상
2018102600100184,2018년 10월 26일 10시,금요일,전라남도 구례군 산동면,중상사고,0,1,0,0,차대사람 - 차도통행중,안전운전불이행,젖음/습기,흐림,단일로 - 기타,승용,남,46세,상해없음,보행자,여,73세,중상
2018102600100207,2018년 10월 26일 11시,금요일,전라남도 여수시 서교동,부상신고사고,0,0,0,1,차대차 - 측면충돌,불법유턴,젖음/습기,흐림,교차로 - 교차로횡단보도내,이륜,남,77세,부상신고,화물,남,47세,상해없음
2018102600100208,2018년 10월 26일 11시,금요일,전라남도 장흥군 안양면,경상사고,0,0,4,0,차량단독 - 도로외이탈 - 기타,안전운전불이행,젖음/습기,비,단일로 - 기타,승용,남,52세,경상,,,,
2018102600100209,2018년 10월 26일 11시,금요일,전라남도 함평군 함평읍,중상사고,0,1,0,0,차대차 - 측면충돌,안전운전불이행,젖음/습기,맑음,단일로 - 기타,승용,여,43세,상해없음,이륜,여,40세,중상
2018102600100210,2018년 10월 26일 11시,금요일,전라남도 무안군 망운면,경상사고,0,0,2,0,차대차 - 기타,과속,젖음/습기,비,교차로 - 교차로안,승용,남,48세,경상,승용,남,21세,경상
2018102600100236,2018년 10월 26일 12시,금요일,전라남도 여수시 돌산읍,경상사고,0,0,1,0,차대차 - 기타,교차로운행방법위반,건조,맑음,교차로 - 교차로안,승용,남,81세,상해없음,승용,남,49세,경상
2018102600100268,2018년 10월 26일 13시,금요일,전라남도 순천시 서면,경상사고,0,0,2,0,차대차 - 추돌,안전거리미확보,젖음/습기,비,교차로 - 교차로부근,건설기계,남,58세,상해없음,승용,남,65세,경상
2018102600100269,2018년 10월 26일 13시,금요일,전라남도 화순군 화순읍,경상사고,0,0,1,0,차대차 - 측면충돌,안전운전불이행,젖음/습기,비,교차로 - 교차로안,승용,남,46세,경상,승용,남,52세,상해없음
2018102600100307,2018년 10월 26일 14시,금요일,전라남도 여수시 월내동,경상사고,0,0,1,0,차대차 - 측면충돌,중앙선침범,젖음/습기,비,단일로 - 기타,승용,남,58세,상해없음,화물,남,73세,경상
2018102600100308,2018년 10월 26일 14시,금요일,전라남도 강진군 강진읍,경상사고,0,0,2,0,차대차 - 측면충돌,교차로운행방법위반,젖음/습기,맑음,교차로 - 교차로안,승용,남,41세,경상,화물,남,57세,경상
2018102600100309,2018년 10월 26일 14시,금요일,전라남도 광양시 도이동,경상사고,0,0,2,0,차대차 - 기타,불법유턴,젖음/습기,비,교차로 - 교차로안,승용,여,37세,경상,특수,남,49세,경상
2018102600100344,2018년 10월 26일 15시,금요일,전라남도 해남군 해남읍,경상사고,0,0,1,0,차대차 - 추돌,안전운전불이행,건조,흐림,단일로 - 터널,승용,남,27세,경상,농기계,남,67세,상해없음
2018102600100345,2018년 10월 26일 15시,금요일,전라남도 화순군 화순읍,경상사고,0,0,1,0,차대차 - 기타,안전거리미확보,건조,맑음,단일로 - 기타,승용,남,65세,상해없음,승용,남,58세,경상
2018102600100385,2018년 10월 26일 16시,금요일,전라남도 순천시 동외동,경상사고,0,0,2,0,차대차 - 측면충돌,안전운전불이행,젖음/습기,흐림,교차로 - 교차로안,승용,여,61세,경상,승용,남,30세,경상
2018102600100417,2018년 10월 26일 17시,금요일,전라남도 여수시 덕충동,경상사고,0,0,1,0,차대차 - 기타,안전운전불이행,건조,맑음,교차로 - 교차로부근,화물,남,58세,상해없음,승용,남,65세,상해없음
2018102600100418,2018년 10월 26일 17시,금요일,전라남도 여수시 여서동,경상사고,0,0,1,0,차대사람 - 차도통행중,안전운전불이행,건조,맑음,단일로 - 기타,승용,여,40세,상해없음,보행자,남,50세,경상
2018102600100419,2018년 10월 26일 17시,금요일,전라남도 여수시 여서동,경상사고,0,0,1,0,차대차 - 측면충돌,교차로운행방법위반,건조,맑음,교차로 - 교차로안,승용,남,37세,상해없음,승용,여,50세,경상
2018102600100420,2018년 10월 26일 17시,금요일,전라남도 순천시 서면,경상사고,0,0,1,0,차대차 - 측면충돌,안전운전불이행,젖음/습기,흐림,교차로 - 교차로부근,승용,남,39세,상해없음,이륜,남,30세,경상
2018102600100421,2018년 10월 26일 17시,금요일,전라남도 순천시 별량면,중상사고,0,1,0,0,차대차 - 추돌,안전거리미확보,젖음/습기,흐림,단일로 - 기타,승용,남,37세,상해없음,화물,남,49세,상해없음
2018102600100422,2018년 10월 26일 17시,금요일,전라남도 나주시 봉황면,중상사고,0,1,0,0,차대사람 - 기타,안전운전불이행,건조,맑음,기타 - 기타,기타불명,기타불명,미분류,기타불명,보행자,여,90세 이상,중상
2018102600100423,2018년 10월 26일 17시,금요일,전라남도 장흥군 용산면,경상사고,0,0,1,0,차량단독 - 공작물충돌,안전운전불이행,젖음/습기,흐림,단일로 - 기타,승용,여,55세,경상,,,,
2018102600100424,2018년 10월 26일 17시,금요일,전라남도 영암군 삼호읍,경상사고,0,0,4,0,차대차 - 측면충돌,안전운전불이행,젖음/습기,비,단일로 - 기타,승용,여,36세,경상,승용,남,41세,경상
2018102600100480,2018년 10월 26일 18시,금요일,전라남도 목포시 옥암동,경상사고,0,0,3,0,차대차 - 기타,안전운전불이행,건조,맑음,단일로 - 기타,승용,남,33세,경상,승용,여,39세,경상
2018102600100564,2018년 10월 26일 19시,금요일,전라남도 영암군 신북면,경상사고,0,0,1,0,차대차 - 측면충돌,안전운전불이행,젖음/습기,흐림,교차로 - 교차로부근,화물,남,54세,상해없음,승용,남,55세,경상
2018102600100565,2018년 10월 26일 19시,금요일,전라남도 광양시 중동,경상사고,0,0,2,0,차대차 - 측면충돌,교차로운행방법위반,건조,맑음,교차로 - 교차로안,승용,여,34세,경상,승용,남,68세,상해없음
2018102600100646,2018년 10월 26일 21시,금요일,전라남도 장흥군 장흥읍,경상사고,0,0,1,0,차대차 - 추돌,안전운전불이행,건조,맑음,단일로 - 기타,승용,여,52세,경상,승용,남,31세,기타불명
2018102700100012,2018년 10월 27일 00시,토요일,전라남도 나주시 남평읍,경상사고,0,0,1,0,차대차 - 기타,안전운전불이행,젖음/습기,흐림,단일로 - 기타,승용,남,46세,경상,승용,남,57세,기타불명
2018102700100098,2018년 10월 27일 06시,토요일,전라남도 여수시 공화동,중상사고,0,1,0,0,차대사람 - 횡단중,보행자보호의무위반,건조,맑음,교차로 - 교차로횡단보도내,승용,남,70세,상해없음,보행자,여,61세,중상
2018102700100121,2018년 10월 27일 07시,토요일,전라남도 영암군 삼호읍,경상사고,0,0,2,0,차대차 - 측면충돌,안전운전불이행,건조,맑음,기타 - 기타,승용,남,43세,경상,승용,남,34세,경상
2018102700100149,2018년 10월 27일 08시,토요일,전라남도 신안군 압해읍,중상사고,0,2,0,0,차대차 - 기타,중앙선침범,건조,맑음,단일로 - 기타,화물,남,53세,중상,승용,여,54세,중상
2018102700100150,2018년 10월 27일 08시,토요일,전라남도 여수시 만흥동,경상사고,0,0,1,0,차대차 - 측면충돌,중앙선침범,건조,맑음,단일로 - 기타,화물,남,62세,상해없음,화물,여,69세,경상
2018102700100151,2018년 10월 27일 08시,토요일,전라남도 순천시 인제동,경상사고,0,0,2,0,차대차 - 추돌,안전거리미확보,건조,맑음,단일로 - 기타,승용,여,57세,상해없음,화물,남,42세,경상
2018102700100152,2018년 10월 27일 08시,토요일,전라남도 함평군 해보면,경상사고,0,0,1,0,차대차 - 측면충돌,안전운전불이행,젖음/습기,비,교차로 - 교차로안,승용,남,61세,상해없음,승용,남,50세,경상
2018102700100186,2018년 10월 27일 09시,토요일,전라남도 나주시 세지면,중상사고,0,1,0,0,차대사람 - 횡단중,안전운전불이행,건조,맑음,단일로 - 기타,승용,남,62세,상해없음,보행자,남,82세,중상
2018102700100187,2018년 10월 27일 09시,토요일,전라남도 보성군 복내면,경상사고,0,0,1,0,차대차 - 추돌,안전거리미확보,건조,맑음,교차로 - 교차로안,이륜,남,70세,경상,승용,여,34세,상해없음
2018102700100217,2018년 10월 27일 10시,토요일,전라남도 목포시 상동,경상사고,0,0,4,0,차대차 - 측면충돌,안전운전불이행,건조,맑음,교차로 - 교차로안,승용,남,30세,경상,승용,남,30세,경상
2018102700100218,2018년 10월 27일 10시,토요일,전라남도 광양시 성황동,중상사고,0,1,0,0,차량단독 - 공작물충돌,안전운전불이행,건조,맑음,교차로 - 교차로부근,승용,여,23세,중상,,,,
2018102700100246,2018년 10월 27일 11시,토요일,전라남도 목포시 옥암동,경상사고,0,0,1,0,차대차 - 기타,안전운전불이행,건조,맑음,단일로 - 기타,승용,남,58세,상해없음,승용,남,50세,상해없음
2018102700100247,2018년 10월 27일 11시,토요일,전라남도 여수시 문수동,경상사고,0,0,2,0,차대차 - 측면충돌,안전운전불이행,건조,맑음,교차로 - 교차로부근,건설기계,남,56세,상해없음,승용,여,37세,경상
2018102700100248,2018년 10월 27일 11시,토요일,전라남도 고흥군 동일면,중상사고,0,1,0,0,차대사람 - 횡단중,안전운전불이행,건조,맑음,교차로 - 교차로안,화물,여,55세,상해없음,보행자,여,79세,중상
2018102700100282,2018년 10월 27일 12시,토요일,전라남도 나주시 성북동,중상사고,0,1,0,0,차대차 - 측면충돌,교차로운행방법위반,건조,맑음,교차로 - 교차로안,자전거,남,76세,중상,승용,여,40세,상해없음
2018102700100283,2018년 10월 27일 12시,토요일,전라남도 함평군 신광면,부상신고사고,0,0,0,1,차량단독 - 공작물충돌,안전운전불이행,건조,맑음,단일로 - 기타,승용,남,66세,부상신고,,,,
2018102700100312,2018년 10월 27일 13시,토요일,전라남도 장흥군 장흥읍,경상사고,0,0,3,0,차대차 - 추돌,안전운전불이행,건조,맑음,단일로 - 기타,화물,남,45세,상해없음,승용,여,55세,경상
2018102700100313,2018년 10월 27일 13시,토요일,전라남도 담양군 봉산면,경상사고,0,0,1,0,차대차 - 기타,안전운전불이행,건조,맑음,단일로 - 기타,승용,남,54세,상해없음,이륜,남,16세,경상
2018102700100354,2018년 10월 27일 14시,토요일,전라남도 목포시 연산동,경상사고,0,0,1,0,차대차 - 기타,신호위반,건조,맑음,단일로 - 기타,승용,남,73세,상해없음,승용,남,19세,경상
2018102700100355,2018년 10월 27일 14시,토요일,전라남도 순천시 해룡면,중상사고,0,1,1,0,차대사람 - 보도통행중,보행자보호의무위반,건조,맑음,단일로 - 기타,승용,여,41세,상해없음,보행자,여,8세,중상
2018102700100356,2018년 10월 27일 14시,토요일,전라남도 순천시 송광면,경상사고,0,0,4,0,차대차 - 측면충돌,직진우회전진행방해,건조,맑음,교차로 - 교차로안,승용,여,55세,상해없음,승용,남,65세,경상
2018102700100404,2018년 10월 27일 15시,토요일,전라남도 여수시 봉산동,경상사고,0,0,1,0,차대차 - 측면충돌,안전운전불이행,건조,맑음,교차로 - 교차로부근,이륜,남,55세,상해없음,이륜,남,24세,경상
2018102700100405,2018년 10월 27일 15시,토요일,전라남도 여수시 웅천동,경상사고,0,0,2,0,차대차 - 측면충돌,교차로운행방법위반,건조,맑음,교차로 - 교차로안,건설기계,남,63세,상해없음,승용,남,38세,경상
2018102700100406,2018년 10월 27일 15시,토요일,전라남도 순천시 홍내동,경상사고,0,0,2,0,차대차 - 추돌,안전운전불이행,건조,맑음,교차로 - 교차로안,승합,남,62세,상해없음,승용,남,66세,경상
2018102700100407,2018년 10월 27일 15시,토요일,전라남도 영암군 삼호읍,경상사고,0,0,1,0,차대차 - 추돌,안전운전불이행,건조,맑음,교차로 - 교차로부근,화물,남,43세,상해없음,이륜,남,40세,경상
2018102700100408,2018년 10월 27일 15시,토요일,전라남도 광양시 중동,중상사고,0,2,1,0,차대차 - 측면충돌,신호위반,건조,맑음,교차로 - 교차로안,승용,남,54세,중상,화물,남,24세,중상
2018102700100446,2018년 10월 27일 16시,토요일,전라남도 순천시 풍덕동,경상사고,0,0,1,0,차대차 - 추돌,안전운전불이행,건조,맑음,단일로 - 기타,승용,남,24세,상해없음,화물,여,38세,경상
2018102700100447,2018년 10월 27일 16시,토요일,전라남도 화순군 화순읍,경상사고,0,0,2,1,차대차 - 추돌,안전거리미확보,건조,맑음,단일로 - 기타,승용,남,64세,상해없음,승용,여,40세,상해없음
2018102700100482,2018년 10월 27일 17시,토요일,전라남도 목포시 용해동,경상사고,0,0,1,0,차대사람 - 기타,안전운전불이행,건조,맑음,단일로 - 기타,건설기계,남,53세,상해없음,보행자,남,79세,경상
2018102700100483,2018년 10월 27일 17시,토요일,전라남도 여수시 안산동,경상사고,0,0,4,0,차대차 - 측면충돌,안전운전불이행,건조,맑음,교차로 - 교차로안,이륜,남,60세,상해없음,승용,여,38세,경상
2018102700100529,2018년 10월 27일 18시,토요일,전라남도 목포시 상동,경상사고,0,0,2,0,차대차 - 기타,안전운전불이행,건조,맑음,교차로 - 교차로안,이륜,남,17세,상해없음,승용,남,47세,경상
2018102700100530,2018년 10월 27일 18시,토요일,전라남도 여수시 율촌면,중상사고,0,1,0,0,차대사람 - 기타,안전운전불이행,건조,맑음,단일로 - 기타,승용,남,74세,상해없음,보행자,남,53세,중상
2018102700100531,2018년 10월 27일 18시,토요일,전라남도 여수시 소라면,부상신고사고,0,0,0,1,차대차 - 측면충돌,안전운전불이행,건조,맑음,단일로 - 기타,이륜,남,58세,부상신고,승용,남,76세,상해없음
2018102700100532,2018년 10월 27일 18시,토요일,전라남도 순천시 연향동,중상사고,0,1,0,0,차대사람 - 차도통행중,안전운전불이행,건조,맑음,교차로 - 교차로안,승용,남,55세,상해없음,보행자,남,61세,중상
2018102700100533,2018년 10월 27일 18시,토요일,전라남도 순천시 풍덕동,경상사고,0,0,1,0,차대차 - 추돌,안전운전불이행,건조,맑음,교차로 - 교차로부근,화물,남,57세,상해없음,승용,여,58세,경상
2018102700100534,2018년 10월 27일 18시,토요일,전라남도 해남군 해남읍,경상사고,0,0,1,0,차대차 - 기타,안전운전불이행,건조,맑음,교차로 - 교차로안,이륜,남,37세,경상,화물,남,47세,상해없음
2018102700100535,2018년 10월 27일 18시,토요일,전라남도 함평군 함평읍,경상사고,0,0,2,1,차대차 - 추돌,안전운전불이행,건조,맑음,교차로 - 교차로부근,승용,남,77세,부상신고,승용,여,29세,경상
2018102700100536,2018년 10월 27일 18시,토요일,전라남도 장성군 남면,경상사고,0,0,1,0,차대차 - 측면충돌,안전운전불이행,젖음/습기,흐림,단일로 - 기타,승용,여,36세,상해없음,화물,남,42세,경상
2018102700100537,2018년 10월 27일 18시,토요일,전라남도 강진군 마량면,경상사고,0,0,1,0,차대차 - 측면충돌,중앙선침범,건조,맑음,단일로 - 기타,승용,남,39세,상해없음,승용,남,60세,경상
2018102700100538,2018년 10월 27일 18시,토요일,전라남도 강진군 강진읍,경상사고,0,0,2,0,차대차 - 추돌,안전운전불이행,건조,맑음,교차로 - 교차로부근,원동기,남,53세,상해없음,승용,남,35세,경상
2018102700100590,2018년 10월 27일 19시,토요일,전라남도 영암군 신북면,사망사고,1,0,0,0,차대사람 - 횡단중,안전운전불이행,건조,맑음,단일로 - 기타,승용,남,30세,상해없음,보행자,여,49세,사망
2018102700100627,2018년 10월 27일 20시,토요일,전라남도 순천시 연향동,중상사고,0,1,0,0,차대차 - 측면충돌,신호위반,건조,맑음,교차로 - 교차로안,승용,남,35세,상해없음,이륜,남,36세,중상
2018102700100714,2018년 10월 27일 23시,토요일,전라남도 여수시 국동,경상사고,0,0,2,0,차대차 - 추돌,안전운전불이행,건조,맑음,단일로 - 기타,승용,남,42세,상해없음,승용,남,26세,경상
2018102700100715,2018년 10월 27일 23시,토요일,전라남도 광양시 광양읍,중상사고,0,2,0,0,차량단독 - 전도전복 - 전복,안전운전불이행,건조,맑음,단일로 - 기타,승용,남,55세,중상,미분류,미분류,미분류,미분류
2018102800100028,2018년 10월 28일 01시,일요일,전라남도 순천시 연향동,중상사고,0,1,1,0,차대차 - 측면충돌,신호위반,건조,맑음,교차로 - 교차로안,승용,남,64세,중상,승용,남,53세,경상
2018102800100053,2018년 10월 28일 03시,일요일,전라남도 목포시 옥암동,경상사고,0,0,1,0,차대사람 - 기타,안전운전불이행,건조,맑음,단일로 - 기타,기타불명,기타불명,미분류,기타불명,보행자,남,18세,경상
2018102800100054,2018년 10월 28일 03시,일요일,전라남도 해남군 화원면,경상사고,0,0,1,0,차량단독 - 기타,안전운전불이행,건조,맑음,교차로 - 교차로안,승용,남,27세,경상,,,,
2018102800100119,2018년 10월 28일 08시,일요일,전라남도 순천시 덕암동,경상사고,0,0,1,0,차대차 - 기타,기타,건조,맑음,교차로 - 교차로안,화물,남,29세,경상,승용,여,58세,상해없음
2018102800100144,2018년 10월 28일 09시,일요일,전라남도 목포시 산정동,경상사고,0,0,1,0,차대차 - 후진중충돌,안전운전불이행,건조,맑음,교차로 - 교차로안,승용,여,42세,상해없음,승용,남,45세,경상
2018102800100145,2018년 10월 28일 09시,일요일,전라남도 광양시 중동,경상사고,0,0,2,0,차대차 - 측면충돌,교차로운행방법위반,건조,맑음,교차로 - 교차로안,화물,남,48세,경상,승용,남,28세,경상
2018102800100168,2018년 10월 28일 10시,일요일,전라남도 여수시 미평동,경상사고,0,0,1,0,차대차 - 측면충돌,교차로운행방법위반,건조,맑음,교차로 - 교차로안,승용,남,23세,상해없음,승용,여,52세,경상
2018102800100169,2018년 10월 28일 10시,일요일,전라남도 나주시 금천면,중상사고,0,1,0,0,차대차 - 측면충돌,안전운전불이행,건조,맑음,단일로 - 기타,자전거,남,57세,중상,승용,남,49세,상해없음
2018102800100170,2018년 10월 28일 10시,일요일,전라남도 장성군 북하면,중상사고,0,3,2,0,차대차 - 측면충돌,신호위반,건조,맑음,교차로 - 교차로안,승합,남,60세,상해없음,화물,남,49세,경상
2018102800100195,2018년 10월 28일 11시,일요일,전라남도 순천시 조례동,경상사고,0,0,1,0,차대차 - 측면충돌,신호위반,건조,맑음,교차로 - 교차로안,승용,여,60세,상해없음,승용,남,58세,경상
2018102800100196,2018년 10월 28일 11시,일요일,전라남도 담양군 금성면,경상사고,0,0,3,0,차대차 - 추돌,안전거리미확보,건조,맑음,단일로 - 기타,승용,여,34세,경상,승용,남,57세,상해없음
2018102800100218,2018년 10월 28일 12시,일요일,전라남도 순천시 장천동,경상사고,0,0,1,0,차대차 - 측면충돌,안전운전불이행,건조,맑음,단일로 - 고가도로위,화물,남,79세,상해없음,승용,남,41세,경상
2018102800100219,2018년 10월 28일 12시,일요일,전라남도 나주시 금천면,중상사고,0,2,0,0,차량단독 - 공작물충돌,안전운전불이행,건조,맑음,단일로 - 기타,승용,여,51세,중상,,,,
2018102800100245,2018년 10월 28일 13시,일요일,전라남도 여수시 웅천동,경상사고,0,0,4,0,차대차 - 측면충돌,안전거리미확보,건조,맑음,단일로 - 기타,승용,여,63세,상해없음,승합,남,50세,경상
2018102800100276,2018년 10월 28일 14시,일요일,전라남도 여수시 율촌면,중상사고,0,1,1,0,차대차 - 측면충돌,중앙선침범,건조,맑음,단일로 - 기타,승용,남,67세,상해없음,승용,남,53세,경상
2018102800100277,2018년 10월 28일 14시,일요일,전라남도 장흥군 대덕읍,경상사고,0,0,1,0,차대사람 - 기타,안전운전불이행,건조,맑음,단일로 - 기타,승용,남,44세,상해없음,보행자,남,60세,경상
2018102800100300,2018년 10월 28일 15시,일요일,전라남도 화순군 남면,중상사고,0,1,0,0,차대차 - 측면충돌,안전운전불이행,건조,맑음,교차로 - 교차로안,승용,여,53세,상해없음,이륜,남,68세,중상
2018102800100301,2018년 10월 28일 15시,일요일,전라남도 장성군 북하면,중상사고,0,1,0,0,차대사람 - 기타,안전운전불이행,건조,맑음,주차장 - 주차장,승합,남,58세,상해없음,보행자,남,52세,중상
2018102800100333,2018년 10월 28일 16시,일요일,전라남도 고흥군 도덕면,중상사고,0,1,0,0,차대차 - 측면충돌,안전운전불이행,건조,맑음,단일로 - 기타,화물,남,68세,상해없음,이륜,남,79세,중상
2018102800100360,2018년 10월 28일 17시,일요일,전라남도 여수시 덕충동,경상사고,0,0,1,0,차대차 - 측면충돌,안전운전불이행,건조,맑음,단일로 - 기타,승용,여,45세,상해없음,승용,여,61세,경상
2018102800100361,2018년 10월 28일 17시,일요일,전라남도 광양시 금호동,중상사고,0,1,0,0,차대차 - 측면충돌,신호위반,건조,맑음,단일로 - 기타,이륜,남,48세,상해없음,원동기,남,47세,중상
2018102800100408,2018년 10월 28일 18시,일요일,전라남도 순천시 연향동,중상사고,0,1,0,0,차대차 - 측면충돌,교차로운행방법위반,건조,맑음,교차로 - 교차로부근,이륜,남,36세,중상,승용,남,52세,상해없음
2018102800100409,2018년 10월 28일 18시,일요일,전라남도 순천시 조곡동,경상사고,0,0,3,0,차대차 - 측면충돌,안전운전불이행,건조,맑음,교차로 - 교차로안,승합,남,54세,상해없음,승용,여,39세,경상
2018102800100410,2018년 10월 28일 18시,일요일,전라남도 고흥군 두원면,중상사고,0,1,0,0,차량단독 - 기타,안전운전불이행,건조,맑음,단일로 - 기타,이륜,남,63세,중상,,,,
2018102800100478,2018년 10월 28일 20시,일요일,전라남도 여수시 주삼동,중상사고,0,1,0,0,차량단독 - 공작물충돌,안전운전불이행,건조,맑음,단일로 - 기타,승용,남,51세,상해없음,,,,
2018102900100006,2018년 10월 29일 00시,월요일,전라남도 여수시 여서동,경상사고,0,0,1,0,차대차 - 추돌,신호위반,건조,맑음,교차로 - 교차로안,승용,남,41세,상해없음,승용,남,46세,경상
2018102900100123,2018년 10월 29일 08시,월요일,전라남도 여수시 충무동,경상사고,0,0,1,0,차대사람 - 횡단중,보행자보호의무위반,건조,맑음,교차로 - 교차로횡단보도내,승용,남,68세,상해없음,보행자,여,52세,경상
2018102900100168,2018년 10월 29일 09시,월요일,전라남도 여수시 소라면,경상사고,0,0,3,0,차대차 - 추돌,안전거리미확보,건조,맑음,단일로 - 기타,화물,남,59세,상해없음,승용,여,33세,경상
2018102900100169,2018년 10월 29일 09시,월요일,전라남도 순천시 서면,중상사고,0,1,0,0,차대사람 - 기타,안전운전불이행,건조,맑음,교차로 - 교차로횡단보도내,승용,남,32세,상해없음,보행자,남,25세,중상
2018102900100170,2018년 10월 29일 09시,월요일,전라남도 순천시 조례동,경상사고,0,0,1,0,차대차 - 기타,안전운전불이행,건조,맑음,단일로 - 기타,승용,남,52세,상해없음,승합,남,47세,상해없음
2018102900100171,2018년 10월 29일 09시,월요일,전라남도 순천시 석현동,경상사고,0,0,1,0,차대차 - 기타,직진우회전진행방해,건조,맑음,교차로 - 교차로안,승용,남,18세,상해없음,승용,여,45세,경상
2018102900100204,2018년 10월 29일 10시,월요일,전라남도 보성군 벌교읍,중상사고,0,1,0,0,차대사람 - 횡단중,보행자보호의무위반,건조,맑음,단일로 - 기타,승용,여,38세,상해없음,보행자,여,76세,중상
2018102900100266,2018년 10월 29일 12시,월요일,전라남도 순천시 덕암동,중상사고,0,1,0,0,차대차 - 기타,교차로운행방법위반,건조,맑음,교차로 - 교차로안,화물,남,41세,상해없음,승합,남,54세,상해없음
2018102900100302,2018년 10월 29일 13시,월요일,전라남도 여수시 충무동,경상사고,0,0,1,0,차대사람 - 보도통행중,안전운전불이행,건조,맑음,단일로 - 기타,특수,남,40세,상해없음,보행자,남,53세,경상
2018102900100303,2018년 10월 29일 13시,월요일,전라남도 순천시 송광면,사망사고,1,0,0,0,차대사람 - 기타,안전운전불이행,건조,맑음,단일로 - 교량,화물,남,51세,상해없음,보행자,여,65세,사망
2018102900100304,2018년 10월 29일 13시,월요일,전라남도 광양시 옥곡면,경상사고,0,0,3,0,차대차 - 측면충돌,안전거리미확보,건조,흐림,교차로 - 교차로부근,승용,여,43세,경상,승용,남,39세,경상
2018102900100331,2018년 10월 29일 14시,월요일,전라남도 장흥군 안양면,중상사고,0,1,0,0,차대차 - 추돌,안전운전불이행,건조,맑음,교차로 - 교차로안,이륜,남,76세,중상,화물,남,68세,상해없음
2018102900100332,2018년 10월 29일 14시,월요일,전라남도 무안군 삼향읍,중상사고,0,1,1,0,차대차 - 기타,안전운전불이행,건조,맑음,교차로 - 교차로부근,승용,여,47세,중상,건설기계,남,57세,경상
2018102900100382,2018년 10월 29일 15시,월요일,전라남도 무안군 운남면,중상사고,0,1,0,0,차량단독 - 기타,안전운전불이행,건조,맑음,교차로 - 교차로부근,농기계,남,69세,중상,,,,
2018102900100429,2018년 10월 29일 16시,월요일,전라남도 영광군 영광읍,경상사고,0,0,1,0,차대사람 - 길가장자리구역통행중,안전운전불이행,건조,맑음,교차로 - 교차로부근,승합,여,52세,상해없음,보행자,여,76세,경상