사고번호,사고일시,요일,시군구,사고내용,사망자수,중상자수,경상자수,부상신고자수,사고유형,법규위반,노면상태,기상상태,도로형태,가해운전자 차종,가해운전자 성별,가해운전자 연령,가해운전자 상해정도,피해운전자 차종,피해운전자 성별,피해운전자 연령,피해운전자 상해정도
2018102900100468,2018년 10월 29일 17시,월요일,전라남도 광양시 옥곡면,부상신고사고,0,0,0,1,차대사람 - 횡단중,안전운전불이행,건조,흐림,단일로 - 기타,승용,남,66세,부상신고,보행자,여,76세,상해없음
2018102900100521,2018년 10월 29일 18시,월요일,전라남도 목포시 남교동,경상사고,0,0,1,0,차대사람 - 횡단중,보행자보호의무위반,건조,맑음,교차로 - 교차로부근,승용,여,57세,상해없음,보행자,여,63세,경상
2018102900100522,2018년 10월 29일 18시,월요일,전라남도 목포시 옥암동,경상사고,0,0,1,0,차대차 - 측면충돌,안전운전불이행,건조,기타,단일로 - 기타,승용,남,62세,상해없음,승용,여,56세,경상
2018102900100523,2018년 10월 29일 18시,월요일,전라남도 순천시 연향동,경상사고,0,0,1,0,차대사람 - 횡단중,보행자보호의무위반,건조,맑음,교차로 - 교차로횡단보도내,승용,여,56세,상해없음,보행자,남,14세,경상
2018102900100524,2018년 10월 29일 18시,월요일,전라남도 순천시 연향동,경상사고,0,0,1,0,차대차 - 측면충돌,안전운전불이행,건조,맑음,교차로 - 교차로부근,승용,남,61세,상해없음,승용,여,36세,경상
2018102900100525,2018년 10월 29일 18시,월요일,전라남도 해남군 마산면,경상사고,0,0,1,0,차량단독 - 기타,안전운전불이행,건조,맑음,단일로 - 기타,승용,여,52세,경상,,,,
2018102900100526,2018년 10월 29일 18시,월요일,전라남도 해남군 해남읍,경상사고,0,0,1,0,차대사람 - 횡단중,안전운전불이행,건조,맑음,교차로 - 교차로안,화물,남,48세,상해없음,보행자,남,59세,경상
2018102900100527,2018년 10월 29일 18시,월요일,전라남도 강진군 강진읍,경상사고,0,0,1,0,차대사람 - 기타,안전운전불이행,건조,맑음,단일로 - 기타,승용,남,66세,상해없음,보행자,남,58세,경상
2018102900100528,2018년 10월 29일 18시,월요일,전라남도 무안군 무안읍,중상사고,0,1,0,0,차대사람 - 기타,안전운전불이행,건조,맑음,단일로 - 기타,승용,남,32세,상해없음,보행자,남,43세,중상
2018102900100529,2018년 10월 29일 18시,월요일,전라남도 광양시 중동,경상사고,0,0,1,0,차대차 - 측면충돌,교차로운행방법위반,건조,맑음,교차로 - 교차로안,승용,남,58세,상해없음,이륜,남,44세,경상
2018102900100588,2018년 10월 29일 19시,월요일,전라남도 순천시 해룡면,경상사고,0,0,1,0,차대사람 - 횡단중,보행자보호의무위반,건조,맑음,교차로 - 교차로횡단보도내,승용,남,36세,상해없음,보행자,남,12세,경상
2018102900100617,2018년 10월 29일 20시,월요일,전라남도 나주시 이창동,중상사고,0,1,1,0,차대차 - 추돌,안전운전불이행,건조,맑음,단일로 - 기타,화물,남,50세,상해없음,승용,남,57세,경상
2018102900100639,2018년 10월 29일 21시,월요일,전라남도 영암군 영암읍,경상사고,0,0,1,0,차대차 - 기타,안전운전불이행,건조,맑음,단일로 - 기타,승용,남,47세,경상,승용,남,63세,상해없음
2018102900100682,2018년 10월 29일 23시,월요일,전라남도 순천시 조례동,경상사고,0,0,1,0,차대사람 - 횡단중,보행자보호의무위반,건조,맑음,교차로 - 교차로안,승용,여,49세,상해없음,보행자,남,50세,경상
2018103000100021,2018년 10월 30일 01시,화요일,전라남도 목포시 옥암동,경상사고,0,0,2,0,차대차 - 추돌,안전운전불이행,건조,맑음,교차로 - 교차로부근,승용,여,39세,상해없음,승용,남,28세,경상
2018103000100064,2018년 10월 30일 06시,화요일,전라남도 목포시 죽교동,중상사고,0,1,1,0,차대차 - 측면충돌,안전운전불이행,건조,맑음,교차로 - 교차로안,이륜,남,71세,기타불명,승용,여,45세,경상
2018103000100065,2018년 10월 30일 06시,화요일,전라남도 순천시 해룡면,경상사고,0,0,1,0,차대차 - 기타,안전운전불이행,건조,맑음,단일로 - 기타,승용,남,55세,상해없음,승용,남,40세,경상
2018103000100088,2018년 10월 30일 07시,화요일,전라남도 장흥군 회진면,경상사고,0,0,1,0,차대차 - 추돌,안전운전불이행,건조,맑음,단일로 - 기타,화물,남,65세,경상,화물,여,65세,기타불명
2018103000100129,2018년 10월 30일 08시,화요일,전라남도 장흥군 용산면,경상사고,0,0,1,0,차대차 - 기타,안전운전불이행,건조,맑음,교차로 - 교차로안,사륜오토바이(ATV),남,79세,경상,승용,여,29세,상해없음
2018103000100182,2018년 10월 30일 09시,화요일,전라남도 목포시 옥암동,경상사고,0,0,1,0,차대사람 - 기타,안전운전불이행,건조,맑음,단일로 - 기타,승용,남,42세,상해없음,보행자,여,30세,경상
2018103000100183,2018년 10월 30일 09시,화요일,전라남도 나주시 금천면,경상사고,0,0,4,0,차대차 - 추돌,안전운전불이행,건조,맑음,단일로 - 기타,승용,여,52세,경상,승용,남,75세,경상
2018103000100184,2018년 10월 30일 09시,화요일,전라남도 고흥군 남양면,중상사고,0,2,1,0,차대차 - 정면충돌,안전운전불이행,건조,맑음,단일로 - 기타,화물,여,44세,경상,승용,여,58세,중상
2018103000100185,2018년 10월 30일 09시,화요일,전라남도 해남군 해남읍,경상사고,0,0,2,0,차대차 - 측면충돌,안전운전불이행,건조,맑음,단일로 - 기타,화물,남,58세,기타불명,승용,여,42세,경상
2018103000100213,2018년 10월 30일 10시,화요일,전라남도 보성군 조성면,경상사고,0,0,1,0,차대차 - 측면충돌,안전운전불이행,건조,맑음,단일로 - 기타,원동기,남,84세,경상,건설기계,남,59세,상해없음
2018103000100244,2018년 10월 30일 11시,화요일,전라남도 순천시 해룡면,중상사고,0,1,1,0,차대차 - 측면충돌,신호위반,건조,맑음,교차로 - 교차로안,화물,남,72세,경상,화물,남,34세,중상
2018103000100245,2018년 10월 30일 11시,화요일,전라남도 장성군 장성읍,중상사고,0,1,2,1,차대차 - 기타,교차로운행방법위반,건조,맑음,교차로 - 교차로안,승용,여,53세,부상신고,화물,남,39세,중상
2018103000100279,2018년 10월 30일 12시,화요일,전라남도 나주시 남평읍,경상사고,0,0,1,0,차대사람 - 횡단중,안전운전불이행,건조,맑음,교차로 - 교차로부근,승용,남,41세,상해없음,보행자,여,53세,경상
2018103000100311,2018년 10월 30일 13시,화요일,전라남도 여수시 학동,경상사고,0,0,5,0,차대차 - 추돌,안전운전불이행,건조,맑음,단일로 - 기타,승용,남,53세,상해없음,승용,여,53세,경상
2018103000100348,2018년 10월 30일 14시,화요일,전라남도 여수시 여서동,경상사고,0,0,1,0,차대차 - 측면충돌,안전운전불이행,건조,맑음,교차로 - 교차로안,승용,남,50세,상해없음,승용,여,43세,경상
2018103000100349,2018년 10월 30일 14시,화요일,전라남도 고흥군 고흥읍,경상사고,0,0,1,0,차대사람 - 길가장자리구역통행중,보행자보호의무위반,건조,맑음,교차로 - 교차로부근,승용,여,68세,상해없음,보행자,여,72세,경상
2018103000100350,2018년 10월 30일 14시,화요일,전라남도 영광군 염산면,경상사고,0,0,2,0,차대차 - 측면충돌,안전운전불이행,건조,맑음,교차로 - 교차로부근,화물,여,55세,경상,화물,여,36세,경상
2018103000100384,2018년 10월 30일 15시,화요일,전라남도 순천시 가곡동,중상사고,0,1,0,0,차대사람 - 기타,안전운전불이행,건조,맑음,단일로 - 기타,승용,남,57세,상해없음,보행자,여,11세,중상
2018103000100425,2018년 10월 30일 16시,화요일,전라남도 해남군 해남읍,중상사고,0,1,0,0,차대차 - 기타,안전운전불이행,건조,맑음,교차로 - 교차로횡단보도내,자전거,여,69세,중상,승용,남,41세,상해없음
2018103000100426,2018년 10월 30일 16시,화요일,전라남도 담양군 고서면,사망사고,1,0,0,0,차대차 - 측면충돌,안전운전불이행,건조,맑음,교차로 - 교차로안,화물,남,37세,상해없음,이륜,남,74세,사망
2018103000100471,2018년 10월 30일 17시,화요일,전라남도 여수시 학동,경상사고,0,0,2,0,차대차 - 기타,차로위반,건조,맑음,단일로 - 기타,승용,남,64세,상해없음,승용,남,27세,경상
2018103000100523,2018년 10월 30일 18시,화요일,전라남도 목포시 용당동,경상사고,0,0,3,0,차대차 - 추돌,안전운전불이행,건조,맑음,단일로 - 기타,승용,여,59세,상해없음,승용,여,67세,경상
2018103000100524,2018년 10월 30일 18시,화요일,전라남도 순천시 오천동,중상사고,0,1,1,0,차대차 - 측면충돌,차로위반,건조,맑음,단일로 - 기타,화물,남,60세,중상,승용,남,34세,경상
2018103000100525,2018년 10월 30일 18시,화요일,전라남도 영암군 삼호읍,경상사고,0,0,4,0,차대차 - 추돌,안전운전불이행,건조,맑음,교차로 - 교차로안,승용,남,54세,상해없음,승용,여,53세,경상
2018103000100526,2018년 10월 30일 18시,화요일,전라남도 영암군 삼호읍,경상사고,0,0,3,0,차대차 - 측면충돌,신호위반,건조,맑음,교차로 - 교차로안,승용,여,48세,경상,승용,여,60세,경상
2018103000100527,2018년 10월 30일 18시,화요일,전라남도 영암군 덕진면,경상사고,0,0,1,0,차대차 - 추돌,안전운전불이행,건조,맑음,교차로 - 교차로안,승용,남,20세,상해없음,승용,남,28세,경상
2018103000100578,2018년 10월 30일 19시,화요일,전라남도 목포시 석현동,경상사고,0,0,1,0,차대차 - 기타,안전운전불이행,건조,맑음,교차로 - 교차로부근,승용,여,58세,상해없음,승용,남,48세,경상
2018103000100653,2018년 10월 30일 21시,화요일,전라남도 목포시 산정동,경상사고,0,0,1,0,차대차 - 추돌,안전운전불이행,건조,맑음,단일로 - 기타,승용,여,45세,상해없음,승용,남,26세,경상
2018103000100654,2018년 10월 30일 21시,화요일,전라남도 순천시 서면,경상사고,0,0,3,0,차대차 - 추돌,안전운전불이행,건조,맑음,교차로 - 교차로부근,승용,남,63세,상해없음,승용,여,53세,경상
2018103100100052,2018년 10월 31일 05시,수요일,전라남도 고흥군 점암면,중상사고,0,1,2,0,차대차 - 추돌,안전운전불이행,건조,맑음,단일로 - 기타,승용,여,48세,경상,농기계,남,63세,중상
2018103100100088,2018년 10월 31일 07시,수요일,전라남도 보성군 벌교읍,경상사고,0,0,2,0,차대차 - 측면충돌,안전거리미확보,건조,맑음,단일로 - 기타,승용,남,59세,경상,승용,남,29세,경상
2018103100100120,2018년 10월 31일 08시,수요일,전라남도 여수시 학동,중상사고,0,1,0,0,차대사람 - 차도통행중,안전운전불이행,건조,맑음,교차로 - 교차로안,승용,남,44세,상해없음,보행자,여,70세,중상
2018103100100121,2018년 10월 31일 08시,수요일,전라남도 순천시 조례동,사망사고,1,0,1,0,차대차 - 기타,과속,건조,맑음,단일로 - 기타,승용,여,36세,상해없음,화물,여,45세,기타불명
2018103100100122,2018년 10월 31일 08시,수요일,전라남도 해남군 황산면,중상사고,0,1,0,0,차량단독 - 전도전복 - 전도,안전운전불이행,건조,맑음,교차로 - 교차로부근,화물,남,48세,상해없음,미분류,미분류,미분류,미분류
2018103100100123,2018년 10월 31일 08시,수요일,전라남도 광양시 금호동,경상사고,0,0,1,0,차대차 - 정면충돌,교차로운행방법위반,건조,맑음,교차로 - 교차로안,승용,남,28세,상해없음,승용,남,31세,경상
2018103100100158,2018년 10월 31일 09시,수요일,전라남도 화순군 도곡면,경상사고,0,0,1,0,차대사람 - 길가장자리구역통행중,안전운전불이행,건조,맑음,단일로 - 기타,기타불명,기타불명,미분류,기타불명,보행자,여,83세,경상
2018103100100193,2018년 10월 31일 10시,수요일,전라남도 여수시 문수동,경상사고,0,0,1,0,차대차 - 기타,교차로운행방법위반,건조,맑음,교차로 - 교차로안,승용,남,28세,상해없음,승용,남,35세,경상
2018103100100194,2018년 10월 31일 10시,수요일,전라남도 순천시 주암면,중상사고,0,1,0,0,차대사람 - 차도통행중,교차로운행방법위반,건조,맑음,교차로 - 교차로안,이륜,남,51세,상해없음,보행자,남,83세,중상
2018103100100195,2018년 10월 31일 10시,수요일,전라남도 영암군 덕진면,중상사고,0,1,1,0,차대차 - 측면충돌,과속,건조,맑음,교차로 - 교차로안,건설기계,남,50세,경상,이륜,여,79세,중상
2018103100100196,2018년 10월 31일 10시,수요일,전라남도 장성군 진원면,경상사고,0,0,1,1,차대차 - 측면충돌,안전운전불이행,건조,맑음,교차로 - 교차로안,승용,여,45세,부상신고,화물,남,70세,경상
2018103100100197,2018년 10월 31일 10시,수요일,전라남도 강진군 마량면,중상사고,0,1,0,0,차대차 - 기타,안전운전불이행,건조,맑음,단일로 - 기타,승용,여,45세,상해없음,승용,여,47세,중상
2018103100100228,2018년 10월 31일 11시,수요일,전라남도 담양군 고서면,중상사고,0,1,0,0,차대차 - 기타,안전운전불이행,건조,맑음,단일로 - 교량,승용,여,63세,상해없음,이륜,남,81세,중상
2018103100100229,2018년 10월 31일 11시,수요일,전라남도 광양시 중동,경상사고,0,0,1,0,차대차 - 기타,안전운전불이행,건조,맑음,단일로 - 기타,자전거,여,63세,경상,화물,남,35세,상해없음
2018103100100296,2018년 10월 31일 13시,수요일,전라남도 신안군 임자면,경상사고,0,0,1,0,차대차 - 기타,안전운전불이행,건조,맑음,단일로 - 기타,이륜,여,59세,경상,승용,남,77세,상해없음
2018103100100297,2018년 10월 31일 13시,수요일,전라남도 장흥군 장흥읍,경상사고,0,0,2,0,차대차 - 추돌,안전거리미확보,건조,맑음,단일로 - 기타,화물,남,71세,경상,승용,여,52세,경상
2018103100100357,2018년 10월 31일 15시,수요일,전라남도 여수시 선원동,경상사고,0,0,1,0,차대차 - 측면충돌,신호위반,건조,맑음,교차로 - 교차로안,화물,남,54세,상해없음,승합,남,61세,상해없음
2018103100100406,2018년 10월 31일 16시,수요일,전라남도 무안군 몽탄면,경상사고,0,0,5,0,차대차 - 추돌,안전운전불이행,건조,맑음,단일로 - 터널,승용,남,27세,상해없음,승용,남,21세,상해없음
2018103100100407,2018년 10월 31일 16시,수요일,전라남도 화순군 화순읍,경상사고,0,0,1,0,차대차 - 추돌,직진우회전진행방해,건조,맑음,교차로 - 교차로안,승용,여,52세,상해없음,승용,남,23세,경상
2018103100100447,2018년 10월 31일 17시,수요일,전라남도 장흥군 장흥읍,경상사고,0,0,1,0,차대차 - 측면충돌,안전운전불이행,건조,맑음,교차로 - 교차로안,승용,여,29세,상해없음,승용,여,38세,경상
2018103100100448,2018년 10월 31일 17시,수요일,전라남도 보성군 보성읍,경상사고,0,0,1,0,차대차 - 기타,불법유턴,건조,맑음,단일로 - 기타,화물,남,31세,기타불명,승합,남,45세,경상
2018103100100500,2018년 10월 31일 18시,수요일,전라남도 나주시 빛가람동,경상사고,0,0,1,0,차대차 - 측면충돌,안전운전불이행,건조,맑음,단일로 - 기타,승용,남,31세,상해없음,자전거,남,7세,경상
2018103100100501,2018년 10월 31일 18시,수요일,전라남도 영암군 삼호읍,경상사고,0,0,1,0,차대차 - 측면충돌,안전운전불이행,건조,맑음,교차로 - 교차로안,승용,남,32세,상해없음,자전거,남,47세,경상
2018103100100502,2018년 10월 31일 18시,수요일,전라남도 무안군 삼향읍,경상사고,0,0,1,0,차대차 - 추돌,안전운전불이행,건조,맑음,단일로 - 기타,승용,남,38세,상해없음,화물,남,48세,경상
2018103100100503,2018년 10월 31일 18시,수요일,전라남도 무안군 삼향읍,경상사고,0,0,1,0,차대차 - 추돌,안전운전불이행,건조,맑음,단일로 - 기타,승용,남,32세,상해없음,건설기계,남,47세,경상
2018103100100504,2018년 10월 31일 18시,수요일,전라남도 광양시 진상면,경상사고,0,0,1,0,차대차 - 정면충돌,교차로운행방법위반,건조,맑음,교차로 - 교차로안,이륜,남,67세,경상,승용,남,45세,상해없음
2018103100100572,2018년 10월 31일 19시,수요일,전라남도 여수시 여서동,경상사고,0,0,1,0,차대차 - 측면충돌,교차로운행방법위반,건조,맑음,교차로 - 교차로안,승용,남,34세,상해없음,승용,남,57세,경상
2018103100100573,2018년 10월 31일 19시,수요일,전라남도 광양시 마동,중상사고,0,1,0,0,차대차 - 측면충돌,중앙선침범,건조,맑음,단일로 - 기타,승용,남,28세,상해없음,이륜,여,19세,중상
2018103100100603,2018년 10월 31일 20시,수요일,전라남도 목포시 죽교동,부상신고사고,0,0,0,1,차대차 - 기타,안전운전불이행,건조,맑음,기타 - 기타,승용,남,42세,상해없음,승용,남,42세,부상신고
2018103100100604,2018년 10월 31일 20시,수요일,전라남도 목포시 상동,경상사고,0,0,3,0,차대차 - 기타,교차로운행방법위반,건조,맑음,교차로 - 교차로안,승용,남,29세,경상,승합,남,21세,경상
2018103100100605,2018년 10월 31일 20시,수요일,전라남도 목포시 죽교동,경상사고,0,0,1,0,차대차 - 기타,안전운전불이행,건조,맑음,교차로 - 교차로부근,승용,남,41세,상해없음,승용,남,41세,경상
2018103100100606,2018년 10월 31일 20시,수요일,전라남도 영암군 영암읍,경상사고,0,0,2,0,차대차 - 추돌,안전운전불이행,건조,맑음,단일로 - 기타,승용,남,35세,상해없음,화물,남,37세,경상
2018103100100656,2018년 10월 31일 22시,수요일,전라남도 목포시 죽교동,경상사고,0,0,1,0,차대사람 - 기타,안전운전불이행,건조,맑음,기타 - 기타,승용,남,56세,상해없음,보행자,남,24세,경상
2018103100100657,2018년 10월 31일 22시,수요일,전라남도 나주시 산포면,중상사고,0,1,1,0,차량단독 - 공작물충돌,안전운전불이행,건조,맑음,교차로 - 교차로안,승용,남,25세,경상,,,,
2018103100100683,2018년 10월 31일 23시,수요일,전라남도 여수시 여서동,중상사고,0,1,0,0,차대차 - 측면충돌,교차로운행방법위반,건조,맑음,교차로 - 교차로안,승용,남,50세,상해없음,이륜,남,25세,중상
2018103100100684,2018년 10월 31일 23시,수요일,전라남도 무안군 무안읍,사망사고,1,0,0,0,차량단독 - 공작물충돌,안전운전불이행,건조,맑음,교차로 - 교차로부근,승용,남,48세,사망,,,,
2018110100100013,2018년 11월 1일 01시,목요일,전라남도 순천시 덕암동,경상사고,0,0,1,0,차량단독 - 기타,안전운전불이행,건조,맑음,단일로 - 기타,승용,남,26세,경상,,,,
2018110100100026,2018년 11월 1일 02시,목요일,전라남도 여수시 문수동,경상사고,0,0,1,0,차대사람 - 기타,안전운전불이행,건조,맑음,교차로 - 교차로부근,승용,남,40세,상해없음,보행자,여,56세,경상
2018110100100060,2018년 11월 1일 06시,목요일,전라남도 장흥군 장동면,경상사고,0,0,1,0,차량단독 - 공작물충돌,안전운전불이행,건조,맑음,단일로 - 기타,화물,남,69세,경상,,,,
2018110100100087,2018년 11월 1일 07시,목요일,전라남도 광양시 광양읍,중상사고,0,1,0,0,차량단독 - 공작물충돌,안전운전불이행,건조,맑음,단일로 - 기타,화물,남,26세,중상,,,,
2018110100100125,2018년 11월 1일 08시,목요일,전라남도 순천시 생목동,경상사고,0,0,1,0,차대차 - 추돌,안전거리미확보,건조,맑음,단일로 - 터널,승용,여,41세,상해없음,승용,여,40세,경상
2018110100100126,2018년 11월 1일 08시,목요일,전라남도 나주시 남평읍,경상사고,0,0,1,0,차대사람 - 횡단중,보행자보호의무위반,건조,맑음,교차로 - 교차로횡단보도내,승용,여,30세,상해없음,보행자,남,69세,경상
2018110100100172,2018년 11월 1일 09시,목요일,전라남도 목포시 석현동,경상사고,0,0,3,0,차대차 - 측면충돌,안전운전불이행,건조,맑음,기타 - 기타,승용,여,29세,경상,승용,남,34세,경상
2018110100100173,2018년 11월 1일 09시,목요일,전라남도 해남군 황산면,중상사고,0,1,0,0,차대사람 - 횡단중,보행자보호의무위반,건조,맑음,단일로 - 기타,화물,남,74세,상해없음,보행자,여,73세,중상
2018110100100175,2018년 11월 1일 09시,목요일,전라남도 광양시 중동,중상사고,0,1,0,0,차대차 - 측면충돌,안전운전불이행,건조,맑음,교차로 - 교차로부근,승용,여,49세,상해없음,자전거,남,85세,중상
2018110100100209,2018년 11월 1일 10시,목요일,전라남도 여수시 학동,경상사고,0,0,1,0,차대차 - 추돌,안전운전불이행,건조,맑음,단일로 - 기타,건설기계,남,30세,기타불명,승용,남,66세,경상
2018110100100210,2018년 11월 1일 10시,목요일,전라남도 광양시 진월면,중상사고,0,1,0,0,차대차 - 기타,안전운전불이행,건조,맑음,단일로 - 기타,화물,남,79세,상해없음,사륜오토바이(ATV),여,73세,중상
2018110100100240,2018년 11월 1일 11시,목요일,전라남도 목포시 용해동,경상사고,0,0,2,0,차대차 - 측면충돌,안전운전불이행,건조,맑음,단일로 - 기타,승용,남,50세,상해없음,승용,남,47세,경상
2018110100100241,2018년 11월 1일 11시,목요일,전라남도 무안군 삼향읍,경상사고,0,0,1,0,차대차 - 추돌,안전운전불이행,건조,맑음,단일로 - 기타,승용,남,42세,상해없음,승용,남,39세,경상
2018110100100274,2018년 11월 1일 12시,목요일,전라남도 해남군 해남읍,경상사고,0,0,2,0,차대차 - 측면충돌,신호위반,건조,맑음,교차로 - 교차로안,승용,남,65세,상해없음,승용,남,55세,경상
2018110100100275,2018년 11월 1일 12시,목요일,전라남도 담양군 무정면,중상사고,0,2,0,0,차대차 - 측면충돌,안전운전불이행,건조,맑음,단일로 - 기타,승합,남,61세,상해없음,원동기,남,64세,중상
2018110100100300,2018년 11월 1일 13시,목요일,전라남도 장흥군 장흥읍,경상사고,0,0,4,0,차대차 - 측면충돌,안전운전불이행,건조,맑음,교차로 - 교차로안,승용,여,50세,상해없음,승용,남,36세,경상
2018110100100301,2018년 11월 1일 13시,목요일,전라남도 고흥군 도양읍,중상사고,0,1,4,0,차대차 - 기타,직진우회전진행방해,건조,맑음,교차로 - 교차로안,승용,남,82세,중상,승용,남,49세,경상
2018110100100333,2018년 11월 1일 14시,목요일,전라남도 신안군 지도읍,경상사고,0,0,2,0,차대차 - 측면충돌,안전운전불이행,건조,맑음,단일로 - 기타,농기계,남,59세,상해없음,이륜,남,75세,경상
2018110100100334,2018년 11월 1일 14시,목요일,전라남도 여수시 학동,경상사고,0,0,1,0,차대차 - 측면충돌,안전운전불이행,건조,맑음,교차로 - 교차로안,승합,남,61세,기타불명,승용,남,36세,경상
2018110100100386,2018년 11월 1일 15시,목요일,전라남도 광양시 광양읍,경상사고,0,0,1,0,차량단독 - 공작물충돌,안전운전불이행,건조,맑음,단일로 - 기타,특수,남,44세,경상,,,,
2018110100100467,2018년 11월 1일 17시,목요일,전라남도 여수시 화치동,경상사고,0,0,1,0,차대차 - 측면충돌,신호위반,건조,맑음,교차로 - 교차로안,승용,남,61세,상해없음,승용,여,47세,경상
2018110100100521,2018년 11월 1일 18시,목요일,전라남도 완도군 완도읍,중상사고,0,2,3,0,차대차 - 측면충돌,안전운전불이행,건조,맑음,교차로 - 교차로안,승용,남,60세,상해없음,화물,남,49세,경상
2018110100100574,2018년 11월 1일 19시,목요일,전라남도 목포시 상동,경상사고,0,0,1,0,차대차 - 측면충돌,교차로운행방법위반,건조,맑음,단일로 - 기타,승용,남,60세,상해없음,승용,남,34세,경상
2018110100100607,2018년 11월 1일 20시,목요일,전라남도 여수시 선원동,경상사고,0,0,1,0,차대차 - 측면충돌,안전운전불이행,건조,맑음,교차로 - 교차로부근,승용,남,50세,경상,승용,남,21세,상해없음
2018110100100666,2018년 11월 1일 22시,목요일,전라남도 목포시 상동,사망사고,1,0,0,0,차대차 - 기타,과속,건조,맑음,단일로 - 기타,승용,남,27세,상해없음,승용,여,31세,상해없음
2018110200100011,2018년 11월 2일 00시,금요일,전라남도 광양시 중동,경상사고,0,0,3,0,차대차 - 추돌,안전운전불이행,건조,맑음,단일로 - 기타,승용,남,30세,상해없음,승용,남,51세,경상
2018110200100036,2018년 11월 2일 02시,금요일,전라남도 목포시 용해동,경상사고,0,0,1,0,차대사람 - 횡단중,안전운전불이행,건조,맑음,교차로 - 교차로횡단보도내,승용,남,58세,상해없음,보행자,여,58세,경상
2018110200100057,2018년 11월 2일 05시,금요일,전라남도 목포시 옥암동,경상사고,0,0,2,0,차대차 - 측면충돌,신호위반,건조,맑음,교차로 - 교차로안,승용,남,64세,상해없음,승용,남,64세,경상
2018110200100087,2018년 11월 2일 07시,금요일,전라남도 여수시 웅천동,중상사고,0,1,1,0,차대차 - 측면충돌,안전운전불이행,건조,맑음,교차로 - 교차로안,승용,여,58세,중상,승합,남,56세,경상
2018110200100088,2018년 11월 2일 07시,금요일,전라남도 순천시 해룡면,경상사고,0,0,1,0,차대차 - 기타,안전운전불이행,건조,맑음,단일로 - 기타,승용,남,37세,경상,특수,남,43세,상해없음
2018110200100134,2018년 11월 2일 08시,금요일,전라남도 보성군 보성읍,중상사고,0,1,0,0,차량단독 - 전도전복 - 전도,안전운전불이행,건조,맑음,단일로 - 기타,자전거,남,50세,중상,미분류,미분류,미분류,미분류
2018110200100185,2018년 11월 2일 09시,금요일,전라남도 고흥군 도양읍,경상사고,0,0,1,0,차대차 - 측면충돌,교차로운행방법위반,건조,맑음,교차로 - 교차로부근,사륜오토바이(ATV),남,68세,경상,화물,남,48세,상해없음
2018110200100186,2018년 11월 2일 09시,금요일,전라남도 해남군 송지면,경상사고,0,0,1,0,차대차 - 측면충돌,안전운전불이행,건조,맑음,교차로 - 교차로안,농기계,남,72세,상해없음,화물,남,73세,상해없음
2018110200100223,2018년 11월 2일 10시,금요일,전라남도 담양군 담양읍,중상사고,0,1,0,0,차대차 - 기타,불법유턴,건조,맑음,단일로 - 기타,승용,남,68세,상해없음,원동기,여,76세,중상
2018110200100224,2018년 11월 2일 10시,금요일,전라남도 담양군 담양읍,중상사고,0,1,0,0,차대사람 - 횡단중,안전운전불이행,건조,맑음,교차로 - 교차로안,농기계,여,71세,상해없음,보행자,여,35세,중상
2018110200100258,2018년 11월 2일 11시,금요일,전라남도 나주시 남내동,경상사고,0,0,2,0,차대차 - 측면충돌,안전운전불이행,건조,맑음,교차로 - 교차로안,승용,여,58세,상해없음,이륜,남,59세,경상
2018110200100259,2018년 11월 2일 11시,금요일,전라남도 나주시 남내동,경상사고,0,0,1,0,차대사람 - 기타,안전운전불이행,건조,맑음,교차로 - 교차로부근,화물,남,35세,상해없음,보행자,남,83세,경상
2018110200100260,2018년 11월 2일 11시,금요일,전라남도 장흥군 용산면,경상사고,0,0,1,0,차대차 - 정면충돌,중앙선침범,건조,맑음,단일로 - 기타,승용,남,49세,상해없음,화물,남,61세,경상
2018110200100261,2018년 11월 2일 11시,금요일,전라남도 해남군 옥천면,경상사고,0,0,1,0,차대차 - 추돌,안전운전불이행,건조,맑음,단일로 - 기타,화물,남,36세,기타불명,화물,남,57세,경상
2018110200100262,2018년 11월 2일 11시,금요일,전라남도 영광군 영광읍,경상사고,0,0,1,0,차대차 - 측면충돌,기타,건조,맑음,교차로 - 교차로안,승용,여,35세,상해없음,승용,남,37세,경상
2018110200100263,2018년 11월 2일 11시,금요일,전라남도 완도군 군외면,경상사고,0,0,1,0,차대차 - 추돌,안전운전불이행,건조,맑음,단일로 - 기타,승용,여,54세,상해없음,화물,남,71세,경상
2018110200100389,2018년 11월 2일 14시,금요일,전라남도 해남군 해남읍,경상사고,0,0,1,0,차대차 - 측면충돌,중앙선침범,건조,맑음,단일로 - 기타,승용,남,76세,기타불명,건설기계,남,43세,경상
2018110200100390,2018년 11월 2일 14시,금요일,전라남도 장성군 장성읍,경상사고,0,0,1,0,차대차 - 측면충돌,신호위반,건조,맑음,교차로 - 교차로안,승용,남,56세,상해없음,화물,남,34세,경상
2018110200100429,2018년 11월 2일 15시,금요일,전라남도 나주시 금천면,경상사고,0,0,2,0,차대차 - 측면충돌,신호위반,건조,맑음,교차로 - 교차로안,화물,남,48세,경상,화물,남,63세,경상
2018110200100476,2018년 11월 2일 16시,금요일,전라남도 여수시 교동,경상사고,0,0,1,0,차대사람 - 기타,안전운전불이행,건조,맑음,단일로 - 기타,화물,남,57세,상해없음,보행자,여,75세,경상