사고번호,사고일시,요일,시군구,사고내용,사망자수,중상자수,경상자수,부상신고자수,사고유형,법규위반,노면상태,기상상태,도로형태,가해운전자 차종,가해운전자 성별,가해운전자 연령,가해운전자 상해정도,피해운전자 차종,피해운전자 성별,피해운전자 연령,피해운전자 상해정도
2018110600100466,2018년 11월 6일 18시,화요일,전라남도 광양시 중동,경상사고,0,0,1,1,차대차 - 측면충돌,안전거리미확보,건조,맑음,교차로 - 교차로부근,승용,여,65세,부상신고,승용,남,30세,경상
2018110600100519,2018년 11월 6일 19시,화요일,전라남도 목포시 용당동,중상사고,0,1,0,0,차대차 - 측면충돌,교차로운행방법위반,건조,맑음,교차로 - 교차로횡단보도내,화물,여,50세,상해없음,이륜,남,37세,중상
2018110600100580,2018년 11월 6일 21시,화요일,전라남도 나주시 빛가람동,경상사고,0,0,2,0,차대차 - 측면충돌,신호위반,건조,맑음,교차로 - 교차로안,승용,남,27세,경상,승용,여,37세,경상
2018110700100059,2018년 11월 7일 05시,수요일,전라남도 영암군 삼호읍,경상사고,0,0,1,0,차대차 - 기타,신호위반,건조,맑음,교차로 - 교차로안,승용,남,56세,상해없음,화물,남,32세,경상
2018110700100070,2018년 11월 7일 06시,수요일,전라남도 목포시 용당동,사망사고,1,0,0,0,차대사람 - 기타,안전운전불이행,젖음/습기,비,단일로 - 기타,승용,여,44세,상해없음,보행자,남,60세,사망
2018110700100071,2018년 11월 7일 06시,수요일,전라남도 해남군 해남읍,경상사고,0,0,4,0,차대차 - 기타,교차로운행방법위반,건조,흐림,교차로 - 교차로안,승합,남,63세,경상,승용,남,31세,경상
2018110700100101,2018년 11월 7일 07시,수요일,전라남도 함평군 월야면,중상사고,0,1,0,0,차대차 - 측면충돌,교차로운행방법위반,젖음/습기,비,교차로 - 교차로안,화물,남,57세,상해없음,이륜,남,59세,중상
2018110700100102,2018년 11월 7일 07시,수요일,전라남도 완도군 고금면,사망사고,1,1,0,0,차대차 - 측면충돌,신호위반,젖음/습기,맑음,단일로 - 기타,승용,남,59세,상해없음,화물,남,64세,사망
2018110700100139,2018년 11월 7일 08시,수요일,전라남도 목포시 상동,경상사고,0,0,1,0,차대차 - 추돌,안전운전불이행,건조,맑음,단일로 - 기타,승용,남,46세,상해없음,화물,남,58세,경상
2018110700100173,2018년 11월 7일 09시,수요일,전라남도 목포시 용당동,경상사고,0,0,1,0,차대차 - 측면충돌,안전운전불이행,건조,맑음,단일로 - 기타,승용,남,34세,상해없음,자전거,남,71세,경상
2018110700100174,2018년 11월 7일 09시,수요일,전라남도 장흥군 장흥읍,경상사고,0,0,1,0,차대차 - 측면충돌,안전운전불이행,건조,맑음,교차로 - 교차로안,승용,남,65세,상해없음,건설기계,남,57세,상해없음
2018110700100205,2018년 11월 7일 10시,수요일,전라남도 순천시 조례동,경상사고,0,0,1,0,차대차 - 기타,안전운전불이행,건조,맑음,교차로 - 교차로부근,승용,여,41세,상해없음,승합,남,59세,상해없음
2018110700100232,2018년 11월 7일 11시,수요일,전라남도 장성군 삼서면,경상사고,0,0,2,0,차대차 - 기타,안전운전불이행,건조,맑음,단일로 - 기타,화물,남,68세,경상,승합,남,45세,경상
2018110700100233,2018년 11월 7일 11시,수요일,전라남도 광양시 광영동,경상사고,0,0,1,0,차대차 - 측면충돌,교차로운행방법위반,젖음/습기,비,교차로 - 교차로안,승용,남,52세,경상,승용,남,49세,상해없음
2018110700100264,2018년 11월 7일 12시,수요일,전라남도 장성군 북하면,경상사고,0,0,3,0,차대차 - 기타,안전운전불이행,건조,맑음,교차로 - 교차로부근,승용,남,72세,상해없음,승용,여,43세,경상
2018110700100300,2018년 11월 7일 13시,수요일,전라남도 나주시 안창동,중상사고,0,1,2,0,차대차 - 정면충돌,중앙선침범,젖음/습기,비,단일로 - 기타,화물,남,61세,경상,화물,남,36세,경상
2018110700100301,2018년 11월 7일 13시,수요일,전라남도 영암군 금정면,경상사고,0,0,2,0,차량단독 - 도로외이탈 - 기타,안전운전불이행,건조,맑음,교차로 - 교차로안,화물,남,74세,경상,,,,
2018110700100323,2018년 11월 7일 14시,수요일,전라남도 영광군 군남면,중상사고,0,1,0,0,차대차 - 측면충돌,기타,젖음/습기,맑음,교차로 - 교차로안,승용,남,60세,상해없음,자전거,여,71세,중상
2018110700100361,2018년 11월 7일 15시,수요일,전라남도 여수시 덕충동,경상사고,0,0,1,0,차대사람 - 기타,안전운전불이행,건조,맑음,단일로 - 기타,승합,남,64세,상해없음,보행자,남,7세,경상
2018110700100362,2018년 11월 7일 15시,수요일,전라남도 여수시 소라면,경상사고,0,0,2,0,차대차 - 추돌,안전운전불이행,건조,맑음,단일로 - 기타,승용,남,54세,상해없음,승합,여,59세,경상
2018110700100363,2018년 11월 7일 15시,수요일,전라남도 해남군 황산면,경상사고,0,0,1,0,차대차 - 측면충돌,과속,건조,맑음,단일로 - 기타,화물,남,41세,상해없음,화물,남,66세,경상
2018110700100397,2018년 11월 7일 16시,수요일,전라남도 목포시 산정동,중상사고,0,1,0,0,차대차 - 측면충돌,신호위반,젖음/습기,비,교차로 - 교차로안,승용,남,63세,상해없음,이륜,남,47세,중상
2018110700100398,2018년 11월 7일 16시,수요일,전라남도 목포시 용당동,중상사고,0,1,4,0,차대차 - 측면충돌,안전운전불이행,젖음/습기,비,교차로 - 교차로안,승용,남,71세,경상,화물,남,57세,경상
2018110700100399,2018년 11월 7일 16시,수요일,전라남도 순천시 송광면,경상사고,0,0,1,0,차량단독 - 기타,안전운전불이행,건조,맑음,교차로 - 교차로안,승용,남,79세,상해없음,,,,
2018110700100444,2018년 11월 7일 17시,수요일,전라남도 여수시 웅천동,경상사고,0,0,1,0,차대차 - 측면충돌,안전거리미확보,건조,맑음,단일로 - 기타,화물,남,21세,상해없음,승용,남,41세,경상
2018110700100445,2018년 11월 7일 17시,수요일,전라남도 화순군 동면,중상사고,0,1,2,0,차량단독 - 도로외이탈 - 추락,안전운전불이행,젖음/습기,비,단일로 - 기타,승용,여,65세,경상,,,,
2018110700100446,2018년 11월 7일 17시,수요일,전라남도 무안군 청계면,경상사고,0,0,1,0,차대차 - 측면충돌,안전운전불이행,젖음/습기,맑음,교차로 - 교차로안,승용,남,24세,상해없음,승용,여,49세,경상
2018110700100519,2018년 11월 7일 18시,수요일,전라남도 목포시 상동,경상사고,0,0,6,0,차대차 - 추돌,안전운전불이행,젖음/습기,비,단일로 - 기타,승합,남,53세,경상,화물,기타불명,미분류,기타불명
2018110700100520,2018년 11월 7일 18시,수요일,전라남도 순천시 연향동,경상사고,0,0,1,0,차대차 - 측면충돌,안전운전불이행,건조,맑음,교차로 - 교차로안,승용,남,70세,상해없음,이륜,남,33세,경상
2018110700100521,2018년 11월 7일 18시,수요일,전라남도 순천시 해룡면,경상사고,0,0,1,0,차대차 - 기타,차로위반,건조,맑음,단일로 - 기타,승용,여,27세,상해없음,승용,남,34세,경상
2018110700100522,2018년 11월 7일 18시,수요일,전라남도 고흥군 풍양면,중상사고,0,1,0,0,차대차 - 측면충돌,안전운전불이행,젖음/습기,비,단일로 - 기타,농기계,남,38세,상해없음,이륜,남,31세,중상
2018110700100588,2018년 11월 7일 19시,수요일,전라남도 목포시 상동,경상사고,0,0,1,0,차대차 - 측면충돌,안전운전불이행,젖음/습기,비,교차로 - 교차로안,승용,남,36세,경상,승용,여,61세,기타불명
2018110700100589,2018년 11월 7일 19시,수요일,전라남도 여수시 중흥동,경상사고,0,0,2,0,차대차 - 정면충돌,안전운전불이행,건조,맑음,교차로 - 교차로부근,화물,남,45세,상해없음,승용,남,34세,경상
2018110700100590,2018년 11월 7일 19시,수요일,전라남도 영암군 삼호읍,경상사고,0,0,1,0,차대차 - 추돌,안전운전불이행,젖음/습기,비,단일로 - 기타,승용,남,45세,상해없음,승용,여,43세,경상
2018110700100667,2018년 11월 7일 21시,수요일,전라남도 함평군 신광면,경상사고,0,0,1,0,차량단독 - 전도전복 - 전도,안전운전불이행,젖음/습기,비,단일로 - 기타,이륜,남,54세,경상,미분류,미분류,미분류,미분류
2018110700100668,2018년 11월 7일 21시,수요일,전라남도 영암군 삼호읍,중상사고,0,1,1,0,차대차 - 측면충돌,신호위반,젖음/습기,흐림,교차로 - 교차로안,승합,남,23세,상해없음,승용,남,27세,경상
2018110700100716,2018년 11월 7일 23시,수요일,전라남도 여수시 군자동,경상사고,0,0,1,0,차대사람 - 기타,안전운전불이행,젖음/습기,비,단일로 - 기타,승용,남,43세,상해없음,보행자,남,61세,경상
2018110800100036,2018년 11월 8일 01시,목요일,전라남도 여수시 둔덕동,사망사고,1,0,0,0,차대사람 - 횡단중,안전운전불이행,젖음/습기,흐림,교차로 - 교차로안,승용,여,59세,상해없음,보행자,남,45세,사망
2018110800100102,2018년 11월 8일 06시,목요일,전라남도 목포시 무안동,경상사고,0,0,3,0,차대차 - 측면충돌,교차로운행방법위반,건조,맑음,교차로 - 교차로안,승용,남,76세,경상,승용,남,51세,경상
2018110800100132,2018년 11월 8일 07시,목요일,전라남도 목포시 옥암동,경상사고,0,0,1,0,차대차 - 추돌,안전운전불이행,젖음/습기,비,교차로 - 교차로안,승용,남,51세,상해없음,승용,여,43세,경상
2018110800100133,2018년 11월 8일 07시,목요일,전라남도 목포시 상동,경상사고,0,0,2,0,차대차 - 측면충돌,중앙선침범,젖음/습기,비,단일로 - 기타,화물,남,65세,경상,승용,남,69세,경상
2018110800100169,2018년 11월 8일 08시,목요일,전라남도 목포시 산정동,경상사고,0,0,2,0,차대차 - 기타,안전운전불이행,젖음/습기,비,단일로 - 기타,승용,여,41세,상해없음,승용,남,37세,경상
2018110800100199,2018년 11월 8일 09시,목요일,전라남도 여수시 연등동,중상사고,0,1,0,0,차대사람 - 횡단중,신호위반,젖음/습기,비,단일로 - 기타,화물,남,46세,상해없음,보행자,남,74세,중상
2018110800100200,2018년 11월 8일 09시,목요일,전라남도 영광군 홍농읍,중상사고,0,1,0,0,차량단독 - 전도전복 - 전도,안전운전불이행,젖음/습기,비,단일로 - 기타,승합,남,71세,중상,미분류,미분류,미분류,미분류
2018110800100201,2018년 11월 8일 09시,목요일,전라남도 광양시 마동,경상사고,0,0,1,0,차대차 - 기타,신호위반,젖음/습기,비,교차로 - 교차로안,승용,남,38세,상해없음,승용,남,29세,경상
2018110800100202,2018년 11월 8일 09시,목요일,전라남도 구례군 토지면,사망사고,1,0,0,0,차대차 - 정면충돌,중앙선침범,젖음/습기,비,단일로 - 기타,승용,남,54세,사망,승합,남,49세,상해없음
2018110800100226,2018년 11월 8일 10시,목요일,전라남도 목포시 석현동,경상사고,0,0,1,0,차대차 - 측면충돌,안전운전불이행,젖음/습기,비,단일로 - 기타,승용,남,78세,상해없음,화물,남,49세,상해없음
2018110800100227,2018년 11월 8일 10시,목요일,전라남도 순천시 해룡면,경상사고,0,0,2,0,차대차 - 측면충돌,신호위반,젖음/습기,맑음,교차로 - 교차로안,승용,여,38세,상해없음,승용,여,44세,경상
2018110800100262,2018년 11월 8일 11시,목요일,전라남도 광양시 중동,경상사고,0,0,2,0,차대차 - 측면충돌,신호위반,건조,맑음,교차로 - 교차로안,승용,남,54세,상해없음,승용,여,47세,경상
2018110800100307,2018년 11월 8일 12시,목요일,전라남도 영암군 영암읍,경상사고,0,0,1,0,차대차 - 측면충돌,안전운전불이행,젖음/습기,비,교차로 - 교차로부근,화물,남,61세,상해없음,승용,여,36세,경상
2018110800100324,2018년 11월 8일 13시,목요일,전라남도 목포시 상동,경상사고,0,0,2,0,차대차 - 정면충돌,안전운전불이행,젖음/습기,비,교차로 - 교차로안,화물,남,69세,경상,승용,남,43세,경상
2018110800100357,2018년 11월 8일 14시,목요일,전라남도 목포시 옥암동,경상사고,0,0,2,0,차대차 - 측면충돌,안전운전불이행,젖음/습기,비,교차로 - 교차로부근,승용,남,44세,경상,승용,남,19세,경상
2018110800100358,2018년 11월 8일 14시,목요일,전라남도 신안군 신의면,경상사고,0,0,1,0,차대사람 - 기타,안전운전불이행,젖음/습기,비,단일로 - 기타,화물,남,74세,상해없음,보행자,남,60세,경상
2018110800100359,2018년 11월 8일 14시,목요일,전라남도 순천시 남정동,경상사고,0,0,1,0,차대차 - 측면충돌,기타,젖음/습기,비,교차로 - 교차로안,이륜,남,78세,경상,화물,남,51세,상해없음
2018110800100360,2018년 11월 8일 14시,목요일,전라남도 영암군 신북면,사망사고,1,0,0,0,차량단독 - 기타,안전운전불이행,젖음/습기,비,단일로 - 기타,화물,남,52세,사망,,,,
2018110800100361,2018년 11월 8일 14시,목요일,전라남도 담양군 담양읍,중상사고,0,1,0,0,차대사람 - 횡단중,안전운전불이행,젖음/습기,비,교차로 - 교차로안,승용,남,80세,상해없음,보행자,여,75세,중상
2018110800100362,2018년 11월 8일 14시,목요일,전라남도 무안군 운남면,경상사고,0,0,1,0,차량단독 - 기타,안전운전불이행,젖음/습기,비,단일로 - 기타,이륜,여,77세,경상,,,,
2018110800100461,2018년 11월 8일 17시,목요일,전라남도 목포시 용해동,경상사고,0,0,1,0,차대차 - 기타,안전운전불이행,젖음/습기,비,단일로 - 기타,승용,남,26세,상해없음,승용,남,52세,경상
2018110800100462,2018년 11월 8일 17시,목요일,전라남도 여수시 학동,경상사고,0,0,3,0,차대차 - 후진중충돌,안전운전불이행,젖음/습기,비,교차로 - 교차로부근,승용,남,60세,상해없음,승용,여,40세,경상
2018110800100463,2018년 11월 8일 17시,목요일,전라남도 여수시 둔덕동,부상신고사고,0,0,0,1,차대차 - 측면충돌,교차로운행방법위반,젖음/습기,비,교차로 - 교차로안,승용,여,43세,상해없음,승용,여,57세,부상신고
2018110800100464,2018년 11월 8일 17시,목요일,전라남도 순천시 덕암동,경상사고,0,0,1,0,차대사람 - 횡단중,보행자보호의무위반,젖음/습기,흐림,교차로 - 교차로횡단보도내,승용,남,35세,상해없음,보행자,여,69세,경상
2018110800100465,2018년 11월 8일 17시,목요일,전라남도 영암군 영암읍,중상사고,0,1,0,0,차대차 - 측면충돌,안전운전불이행,젖음/습기,비,교차로 - 교차로안,화물,남,78세,상해없음,자전거,여,73세,중상
2018110800100466,2018년 11월 8일 17시,목요일,전라남도 진도군 진도읍,경상사고,0,0,1,0,차대차 - 추돌,안전운전불이행,젖음/습기,비,교차로 - 교차로부근,승용,여,45세,상해없음,특수,남,33세,경상
2018110800100545,2018년 11월 8일 18시,목요일,전라남도 여수시 여천동,중상사고,0,1,0,0,차대사람 - 횡단중,안전운전불이행,젖음/습기,비,단일로 - 기타,승용,여,53세,상해없음,보행자,남,67세,중상
2018110800100546,2018년 11월 8일 18시,목요일,전라남도 순천시 해룡면,중상사고,0,1,1,0,차대차 - 측면충돌,신호위반,젖음/습기,비,교차로 - 교차로안,승용,남,63세,상해없음,승용,남,33세,경상
2018110800100547,2018년 11월 8일 18시,목요일,전라남도 나주시 빛가람동,경상사고,0,0,1,0,차대차 - 후진중충돌,안전운전불이행,젖음/습기,비,교차로 - 교차로부근,화물,남,44세,상해없음,승용,여,57세,경상
2018110800100548,2018년 11월 8일 18시,목요일,전라남도 장흥군 장흥읍,경상사고,0,0,1,0,차대차 - 측면충돌,안전운전불이행,젖음/습기,비,교차로 - 교차로부근,승용,여,25세,상해없음,승용,여,48세,경상
2018110800100549,2018년 11월 8일 18시,목요일,전라남도 영광군 홍농읍,중상사고,0,1,0,0,차대사람 - 횡단중,안전운전불이행,젖음/습기,비,단일로 - 기타,승용,남,69세,상해없음,보행자,남,44세,중상
2018110800100550,2018년 11월 8일 18시,목요일,전라남도 영광군 영광읍,중상사고,0,1,0,0,차대차 - 측면충돌,직진우회전진행방해,젖음/습기,비,교차로 - 교차로안,승용,남,50세,상해없음,화물,남,69세,중상
2018110800100551,2018년 11월 8일 18시,목요일,전라남도 완도군 청산면,중상사고,0,1,1,0,차대차 - 정면충돌,중앙선침범,젖음/습기,비,단일로 - 기타,화물,남,62세,중상,승용,남,36세,경상
2018110800100646,2018년 11월 8일 19시,목요일,전라남도 여수시 남산동,중상사고,0,1,0,0,차대사람 - 차도통행중,안전운전불이행,젖음/습기,비,교차로 - 교차로안,승용,여,63세,상해없음,보행자,여,70세,중상
2018110800100647,2018년 11월 8일 19시,목요일,전라남도 해남군 문내면,사망사고,2,0,0,0,차량단독 - 기타,안전운전불이행,젖음/습기,비,단일로 - 기타,승합,여,35세,사망,,,,
2018110800100703,2018년 11월 8일 20시,목요일,전라남도 목포시 연산동,경상사고,0,0,2,0,차대차 - 추돌,안전운전불이행,젖음/습기,비,단일로 - 기타,화물,남,51세,상해없음,승용,남,42세,경상
2018110800100704,2018년 11월 8일 20시,목요일,전라남도 순천시 조례동,경상사고,0,0,1,0,차대차 - 추돌,안전거리미확보,젖음/습기,맑음,교차로 - 교차로부근,승용,남,53세,상해없음,승용,남,48세,경상
2018110800100705,2018년 11월 8일 20시,목요일,전라남도 나주시 남평읍,경상사고,0,0,1,0,차대사람 - 횡단중,중앙선침범,젖음/습기,비,단일로 - 기타,승용,남,49세,상해없음,보행자,남,25세,경상
2018110800100706,2018년 11월 8일 20시,목요일,전라남도 해남군 송지면,경상사고,0,0,1,0,차량단독 - 기타,안전운전불이행,젖음/습기,비,단일로 - 기타,승용,남,25세,상해없음,,,,
2018110800100707,2018년 11월 8일 20시,목요일,전라남도 보성군 미력면,사망사고,1,0,1,0,차대차 - 추돌,안전운전불이행,젖음/습기,비,단일로 - 기타,화물,남,56세,사망,화물,남,57세,경상
2018110800100811,2018년 11월 8일 22시,목요일,전라남도 목포시 산정동,경상사고,0,0,2,0,차대차 - 정면충돌,직진우회전진행방해,젖음/습기,비,교차로 - 교차로안,승용,남,34세,경상,승용,여,40세,경상
2018110800100812,2018년 11월 8일 22시,목요일,전라남도 순천시 조례동,경상사고,0,0,1,0,차대차 - 추돌,안전거리미확보,젖음/습기,비,교차로 - 교차로부근,화물,남,60세,상해없음,승용,남,26세,경상
2018110800100867,2018년 11월 8일 23시,목요일,전라남도 나주시 금천면,경상사고,0,0,1,0,차대차 - 측면충돌,신호위반,젖음/습기,흐림,교차로 - 교차로안,승용,남,28세,상해없음,승용,여,49세,경상
2018110900100030,2018년 11월 9일 01시,금요일,전라남도 영광군 영광읍,경상사고,0,0,2,0,차대차 - 측면충돌,직진우회전진행방해,건조,맑음,교차로 - 교차로안,승용,여,48세,상해없음,승용,여,54세,경상
2018110900100061,2018년 11월 9일 05시,금요일,전라남도 영광군 영광읍,경상사고,0,0,2,0,차대차 - 측면충돌,직진우회전진행방해,젖음/습기,흐림,교차로 - 교차로안,건설기계,남,57세,상해없음,이륜,남,64세,경상
2018110900100085,2018년 11월 9일 06시,금요일,전라남도 광양시 황길동,경상사고,0,0,1,0,차대차 - 측면충돌,신호위반,건조,맑음,교차로 - 교차로안,승용,남,64세,상해없음,승용,남,36세,경상
2018110900100110,2018년 11월 9일 07시,금요일,전라남도 여수시 봉계동,경상사고,0,0,1,0,차대차 - 측면충돌,안전운전불이행,건조,맑음,교차로 - 교차로부근,승용,남,57세,상해없음,승용,여,46세,경상
2018110900100149,2018년 11월 9일 08시,금요일,전라남도 광양시 광양읍,중상사고,0,2,0,0,차대차 - 측면충돌,교차로운행방법위반,건조,맑음,교차로 - 교차로안,승용,여,48세,상해없음,이륜,남,67세,중상
2018110900100193,2018년 11월 9일 09시,금요일,전라남도 목포시 옥암동,중상사고,0,1,0,0,차대차 - 기타,교차로운행방법위반,건조,맑음,교차로 - 교차로안,승용,여,65세,상해없음,승용,남,32세,중상
2018110900100194,2018년 11월 9일 09시,금요일,전라남도 담양군 대덕면,중상사고,0,2,0,0,차량단독 - 공작물충돌,안전운전불이행,젖음/습기,흐림,교차로 - 교차로부근,승용,남,59세,중상,,,,
2018110900100195,2018년 11월 9일 09시,금요일,전라남도 광양시 광양읍,중상사고,0,1,1,0,차대차 - 정면충돌,안전운전불이행,건조,흐림,단일로 - 기타,화물,남,69세,중상,화물,남,28세,경상
2018110900100231,2018년 11월 9일 10시,금요일,전라남도 목포시 용해동,경상사고,0,0,2,0,차대차 - 추돌,안전운전불이행,건조,맑음,교차로 - 교차로부근,승합,남,63세,상해없음,승용,여,29세,경상
2018110900100232,2018년 11월 9일 10시,금요일,전라남도 순천시 조례동,경상사고,0,0,1,0,차대차 - 측면충돌,안전운전불이행,건조,맑음,단일로 - 기타,화물,남,81세,상해없음,승용,남,33세,경상
2018110900100233,2018년 11월 9일 10시,금요일,전라남도 해남군 계곡면,경상사고,0,0,1,0,차대차 - 측면충돌,안전운전불이행,젖음/습기,맑음,단일로 - 기타,농기계,남,69세,상해없음,사륜오토바이(ATV),여,77세,경상
2018110900100258,2018년 11월 9일 11시,금요일,전라남도 목포시 연산동,경상사고,0,0,4,0,차대차 - 측면충돌,안전운전불이행,건조,맑음,교차로 - 교차로부근,승용,남,64세,경상,화물,남,33세,경상
2018110900100259,2018년 11월 9일 11시,금요일,전라남도 장흥군 장흥읍,경상사고,0,0,2,0,차대차 - 추돌,안전운전불이행,젖음/습기,맑음,교차로 - 교차로부근,승용,남,63세,상해없음,화물,여,18세,경상
2018110900100260,2018년 11월 9일 11시,금요일,전라남도 해남군 송지면,사망사고,1,0,0,0,차대차 - 정면충돌,안전운전불이행,건조,맑음,교차로 - 교차로안,화물,남,58세,상해없음,자전거,남,89세,사망
2018110900100261,2018년 11월 9일 11시,금요일,전라남도 무안군 무안읍,경상사고,0,0,1,0,차대차 - 후진중충돌,안전운전불이행,건조,맑음,단일로 - 기타,승용,여,28세,경상,화물,남,64세,상해없음
2018110900100297,2018년 11월 9일 12시,금요일,전라남도 순천시 조례동,경상사고,0,0,1,0,차대차 - 측면충돌,안전운전불이행,건조,맑음,교차로 - 교차로안,승용,남,67세,상해없음,화물,남,43세,경상
2018110900100298,2018년 11월 9일 12시,금요일,전라남도 보성군 득량면,부상신고사고,0,0,0,1,차대차 - 추돌,안전거리미확보,건조,맑음,단일로 - 기타,승용,여,55세,상해없음,화물,남,50세,부상신고
2018110900100299,2018년 11월 9일 12시,금요일,전라남도 함평군 대동면,경상사고,0,0,1,0,차대차 - 측면충돌,안전운전불이행,건조,맑음,교차로 - 교차로안,이륜,남,79세,경상,승합,여,59세,상해없음
2018110900100327,2018년 11월 9일 13시,금요일,전라남도 목포시 상동,경상사고,0,0,1,0,차대차 - 기타,기타,건조,맑음,단일로 - 기타,승용,남,27세,상해없음,자전거,남,12세,경상
2018110900100328,2018년 11월 9일 13시,금요일,전라남도 담양군 대전면,경상사고,0,0,1,0,차대차 - 추돌,안전운전불이행,건조,맑음,교차로 - 교차로부근,승용,남,52세,상해없음,화물,남,42세,경상
2018110900100352,2018년 11월 9일 14시,금요일,전라남도 광양시 중동,경상사고,0,0,1,0,차대차 - 측면충돌,안전운전불이행,건조,맑음,교차로 - 교차로안,승용,여,62세,상해없음,승합,여,54세,경상
2018110900100390,2018년 11월 9일 15시,금요일,전라남도 목포시 산정동,경상사고,0,0,2,0,차대차 - 기타,교차로운행방법위반,건조,맑음,교차로 - 교차로안,승용,남,22세,상해없음,승용,여,41세,경상
2018110900100432,2018년 11월 9일 16시,금요일,전라남도 여수시 남산동,경상사고,0,0,1,0,차대차 - 측면충돌,교차로운행방법위반,건조,맑음,교차로 - 교차로안,화물,남,52세,상해없음,자전거,남,59세,경상
2018110900100433,2018년 11월 9일 16시,금요일,전라남도 강진군 강진읍,경상사고,0,0,1,0,차대차 - 측면충돌,교차로운행방법위반,건조,맑음,교차로 - 교차로안,화물,남,60세,상해없음,승용,여,48세,경상
2018110900100434,2018년 11월 9일 16시,금요일,전라남도 담양군 창평면,경상사고,0,0,1,0,차대사람 - 길가장자리구역통행중,안전운전불이행,건조,맑음,단일로 - 기타,화물,여,48세,상해없음,보행자,여,75세,경상
2018110900100480,2018년 11월 9일 17시,금요일,전라남도 목포시 죽교동,중상사고,0,1,3,0,차대차 - 기타,중앙선침범,건조,맑음,교차로 - 교차로부근,승용,남,42세,상해없음,승용,여,36세,경상
2018110900100481,2018년 11월 9일 17시,금요일,전라남도 고흥군 과역면,중상사고,0,1,0,0,차대사람 - 차도통행중,안전운전불이행,건조,맑음,단일로 - 기타,농기계,남,72세,상해없음,보행자,여,80세,중상
2018110900100547,2018년 11월 9일 18시,금요일,전라남도 목포시 산정동,경상사고,0,0,1,0,차대사람 - 기타,교차로운행방법위반,건조,맑음,교차로 - 교차로안,승용,여,48세,상해없음,보행자,여,77세,경상
2018110900100548,2018년 11월 9일 18시,금요일,전라남도 해남군 해남읍,경상사고,0,0,1,0,차대차 - 정면충돌,중앙선침범,건조,맑음,단일로 - 기타,승용,여,40세,상해없음,화물,남,33세,경상
2018110900100549,2018년 11월 9일 18시,금요일,전라남도 광양시 중동,경상사고,0,0,1,0,차대사람 - 횡단중,안전운전불이행,건조,맑음,단일로 - 기타,승용,여,51세,상해없음,보행자,남,7세,경상
2018110900100606,2018년 11월 9일 19시,금요일,전라남도 목포시 상동,경상사고,0,0,2,0,차대차 - 측면충돌,안전운전불이행,건조,맑음,교차로 - 교차로부근,승용,남,57세,경상,승용,여,27세,경상
2018110900100607,2018년 11월 9일 19시,금요일,전라남도 여수시 학동,중상사고,0,1,0,0,차대사람 - 횡단중,안전운전불이행,건조,맑음,교차로 - 교차로횡단보도내,화물,남,53세,상해없음,보행자,여,57세,중상
2018110900100652,2018년 11월 9일 20시,금요일,전라남도 여수시 국동,경상사고,0,0,1,0,차대차 - 기타,안전거리미확보,건조,맑음,교차로 - 교차로부근,승용,여,42세,상해없음,승용,남,44세,경상
2018110900100653,2018년 11월 9일 20시,금요일,전라남도 함평군 함평읍,경상사고,0,0,1,0,차대사람 - 보도통행중,안전운전불이행,건조,맑음,주차장 - 주차장,화물,남,42세,상해없음,보행자,남,41세,경상
2018110900100677,2018년 11월 9일 21시,금요일,전라남도 목포시 용당동,경상사고,0,0,1,0,차대사람 - 횡단중,안전운전불이행,건조,맑음,단일로 - 기타,승용,여,41세,상해없음,보행자,여,75세,경상
2018110900100678,2018년 11월 9일 21시,금요일,전라남도 화순군 화순읍,경상사고,0,0,2,0,차대차 - 측면충돌,교차로운행방법위반,건조,맑음,교차로 - 교차로안,승용,여,42세,상해없음,승용,남,46세,경상
2018110900100679,2018년 11월 9일 21시,금요일,전라남도 영암군 삼호읍,경상사고,0,0,1,0,차대차 - 측면충돌,중앙선침범,건조,맑음,단일로 - 기타,승용,남,52세,상해없음,승용,남,30세,경상
2018110900100680,2018년 11월 9일 21시,금요일,전라남도 장성군 장성읍,경상사고,0,0,1,0,차대차 - 기타,차로위반,젖음/습기,안개,단일로 - 기타,승용,여,56세,상해없음,화물,남,63세,경상
2018110900100681,2018년 11월 9일 21시,금요일,전라남도 광양시 광양읍,중상사고,0,1,1,0,차대차 - 추돌,안전운전불이행,건조,맑음,교차로 - 교차로부근,승용,남,43세,상해없음,승합,남,48세,경상
2018111000100013,2018년 11월 10일 00시,토요일,전라남도 진도군 진도읍,부상신고사고,0,0,0,1,차대차 - 측면충돌,교차로운행방법위반,건조,흐림,교차로 - 교차로안,이륜,남,19세,부상신고,화물,남,59세,상해없음
2018111000100056,2018년 11월 10일 03시,토요일,전라남도 순천시 조례동,부상신고사고,0,0,0,1,차대사람 - 기타,안전운전불이행,건조,맑음,단일로 - 기타,기타불명,기타불명,미분류,기타불명,보행자,남,59세,부상신고
2018111000100087,2018년 11월 10일 05시,토요일,전라남도 여수시 봉계동,경상사고,0,0,1,0,차대차 - 측면충돌,안전운전불이행,건조,맑음,단일로 - 기타,특수,남,51세,상해없음,승용,남,52세,상해없음
2018111000100088,2018년 11월 10일 05시,토요일,전라남도 함평군 월야면,부상신고사고,0,0,0,1,차대사람 - 차도통행중,안전운전불이행,기타,안개,단일로 - 기타,화물,남,39세,상해없음,보행자,남,75세,부상신고