사고번호,사고일시,요일,시군구,사고내용,사망자수,중상자수,경상자수,부상신고자수,사고유형,법규위반,노면상태,기상상태,도로형태,가해운전자 차종,가해운전자 성별,가해운전자 연령,가해운전자 상해정도,피해운전자 차종,피해운전자 성별,피해운전자 연령,피해운전자 상해정도
2018111400100407,2018년 11월 14일 16시,수요일,전라남도 순천시 풍덕동,경상사고,0,0,5,0,차대차 - 측면충돌,신호위반,건조,맑음,교차로 - 교차로안,승용,여,63세,상해없음,승용,남,45세,경상
2018111400100408,2018년 11월 14일 16시,수요일,전라남도 고흥군 과역면,경상사고,0,0,1,0,차대차 - 측면충돌,안전운전불이행,건조,맑음,교차로 - 교차로안,원동기,남,68세,경상,화물,남,39세,상해없음
2018111400100409,2018년 11월 14일 16시,수요일,전라남도 화순군 화순읍,경상사고,0,0,2,0,차대차 - 후진중충돌,안전운전불이행,건조,맑음,단일로 - 기타,화물,남,60세,상해없음,승용,여,53세,경상
2018111400100452,2018년 11월 14일 17시,수요일,전라남도 여수시 교동,경상사고,0,0,1,0,차대사람 - 기타,안전운전불이행,건조,맑음,단일로 - 기타,승용,남,42세,상해없음,보행자,남,24세,경상
2018111400100453,2018년 11월 14일 17시,수요일,전라남도 화순군 능주면,중상사고,0,1,1,0,차대차 - 추돌,안전운전불이행,건조,맑음,단일로 - 기타,화물,남,45세,중상,화물,남,55세,경상
2018111400100454,2018년 11월 14일 17시,수요일,전라남도 순천시 승주읍,경상사고,0,0,4,0,차대차 - 추돌,안전운전불이행,건조,맑음,단일로 - 기타,화물,남,56세,경상,화물,남,50세,경상
2018111400100526,2018년 11월 14일 18시,수요일,전라남도 목포시 산정동,중상사고,0,1,0,0,차대차 - 측면충돌,신호위반,건조,맑음,교차로 - 교차로안,승합,남,50세,상해없음,이륜,남,24세,중상
2018111400100527,2018년 11월 14일 18시,수요일,전라남도 목포시 산정동,경상사고,0,0,1,0,차대차 - 기타,안전운전불이행,건조,맑음,교차로 - 교차로부근,승용,여,30세,상해없음,승용,남,35세,기타불명
2018111400100528,2018년 11월 14일 18시,수요일,전라남도 여수시 신기동,경상사고,0,0,1,0,차대차 - 후진중충돌,안전운전불이행,건조,맑음,단일로 - 기타,승용,남,44세,상해없음,승용,여,36세,경상
2018111400100529,2018년 11월 14일 18시,수요일,전라남도 순천시 조례동,중상사고,0,1,0,0,차대사람 - 횡단중,보행자보호의무위반,건조,맑음,단일로 - 기타,승용,여,24세,상해없음,보행자,여,21세,중상
2018111400100530,2018년 11월 14일 18시,수요일,전라남도 나주시 빛가람동,경상사고,0,0,1,0,차대차 - 측면충돌,안전운전불이행,건조,맑음,단일로 - 기타,건설기계,남,47세,상해없음,승용,남,32세,경상
2018111400100531,2018년 11월 14일 18시,수요일,전라남도 화순군 화순읍,경상사고,0,0,1,0,차대차 - 측면충돌,안전거리미확보,건조,맑음,단일로 - 기타,승용,남,77세,상해없음,승용,여,26세,경상
2018111400100584,2018년 11월 14일 19시,수요일,전라남도 여수시 여서동,경상사고,0,0,2,0,차대차 - 측면충돌,교차로운행방법위반,건조,맑음,교차로 - 교차로안,승용,여,59세,상해없음,승용,남,30세,경상
2018111400100585,2018년 11월 14일 19시,수요일,전라남도 여수시 여서동,경상사고,0,0,1,0,차대사람 - 기타,안전운전불이행,건조,맑음,단일로 - 기타,승용,남,21세,상해없음,보행자,남,41세,경상
2018111400100586,2018년 11월 14일 19시,수요일,전라남도 순천시 조례동,경상사고,0,0,1,0,차대차 - 기타,안전거리미확보,건조,맑음,교차로 - 교차로부근,승용,남,62세,상해없음,승합,여,53세,경상
2018111400100587,2018년 11월 14일 19시,수요일,전라남도 해남군 해남읍,경상사고,0,0,1,0,차대차 - 측면충돌,안전운전불이행,건조,맑음,교차로 - 교차로안,승용,남,47세,상해없음,승용,남,30세,경상
2018111400100628,2018년 11월 14일 20시,수요일,전라남도 여수시 봉산동,경상사고,0,0,1,0,차대사람 - 횡단중,안전운전불이행,건조,맑음,단일로 - 기타,승용,남,52세,상해없음,보행자,여,20세,경상
2018111400100629,2018년 11월 14일 20시,수요일,전라남도 여수시 율촌면,경상사고,0,0,1,0,차대사람 - 길가장자리구역통행중,안전운전불이행,건조,맑음,단일로 - 기타,이륜,남,55세,상해없음,보행자,남,47세,상해없음
2018111400100661,2018년 11월 14일 21시,수요일,전라남도 목포시 상락동2가,경상사고,0,0,2,0,차대차 - 기타,차로위반,건조,맑음,교차로 - 교차로부근,화물,남,22세,상해없음,승합,여,57세,상해없음
2018111400100662,2018년 11월 14일 21시,수요일,전라남도 목포시 용해동,경상사고,0,0,5,0,차대차 - 추돌,안전운전불이행,건조,맑음,기타 - 기타,승용,남,22세,상해없음,승용,남,18세,경상
2018111400100707,2018년 11월 14일 23시,수요일,전라남도 나주시 빛가람동,경상사고,0,0,2,0,차대차 - 측면충돌,신호위반,건조,맑음,교차로 - 교차로안,승용,남,36세,경상,승용,여,37세,경상
2018111500100005,2018년 11월 15일 00시,목요일,전라남도 여수시 학동,경상사고,0,0,1,0,차대차 - 기타,안전운전불이행,건조,맑음,교차로 - 교차로부근,승용,남,52세,상해없음,승용,여,52세,상해없음
2018111500100032,2018년 11월 15일 03시,목요일,전라남도 여수시 여서동,중상사고,0,1,0,0,차대차 - 추돌,신호위반,건조,맑음,교차로 - 교차로부근,승용,여,54세,상해없음,승용,남,56세,상해없음
2018111500100069,2018년 11월 15일 06시,목요일,전라남도 무안군 삼향읍,중상사고,0,2,0,0,차대차 - 측면충돌,신호위반,건조,맑음,교차로 - 교차로안,승용,남,24세,상해없음,승용,남,43세,중상
2018111500100089,2018년 11월 15일 07시,목요일,전라남도 목포시 용당동,경상사고,0,0,1,0,차대차 - 기타,안전운전불이행,건조,맑음,단일로 - 기타,승용,남,51세,상해없음,승용,여,57세,경상
2018111500100090,2018년 11월 15일 07시,목요일,전라남도 광양시 태인동,중상사고,0,1,0,0,차대차 - 측면충돌,안전운전불이행,건조,맑음,교차로 - 교차로안,이륜,여,67세,중상,승용,남,55세,상해없음
2018111500100117,2018년 11월 15일 08시,목요일,전라남도 여수시 학동,경상사고,0,0,4,0,차대차 - 추돌,안전운전불이행,건조,맑음,단일로 - 기타,승용,여,36세,상해없음,승용,여,47세,경상
2018111500100118,2018년 11월 15일 08시,목요일,전라남도 나주시 중앙동,경상사고,0,0,2,0,차대차 - 측면충돌,직진우회전진행방해,건조,맑음,교차로 - 교차로안,화물,남,62세,경상,승용,여,39세,경상
2018111500100119,2018년 11월 15일 08시,목요일,전라남도 영광군 영광읍,중상사고,0,5,0,0,차대차 - 측면충돌,직진우회전진행방해,건조,맑음,교차로 - 교차로안,승용,남,50세,상해없음,승용,여,52세,중상
2018111500100120,2018년 11월 15일 08시,목요일,전라남도 광양시 봉강면,경상사고,0,0,1,0,차대차 - 정면충돌,중앙선침범,건조,맑음,단일로 - 기타,승용,여,46세,상해없음,승용,여,24세,경상
2018111500100160,2018년 11월 15일 09시,목요일,전라남도 영암군 삼호읍,중상사고,0,1,0,0,차대사람 - 기타,안전운전불이행,건조,맑음,단일로 - 기타,승용,남,71세,상해없음,보행자,남,68세,중상
2018111500100186,2018년 11월 15일 10시,목요일,전라남도 순천시 장천동,경상사고,0,0,1,0,차대차 - 추돌,안전거리미확보,건조,맑음,단일로 - 기타,승합,남,44세,상해없음,승용,남,77세,경상
2018111500100187,2018년 11월 15일 10시,목요일,전라남도 함평군 학교면,경상사고,0,0,1,0,차대차 - 측면충돌,직진우회전진행방해,건조,맑음,교차로 - 교차로안,화물,남,58세,상해없음,특수,남,34세,경상
2018111500100188,2018년 11월 15일 10시,목요일,전라남도 영암군 신북면,경상사고,0,0,2,0,차대차 - 추돌,안전운전불이행,건조,맑음,단일로 - 기타,승용,남,35세,상해없음,승용,남,31세,경상
2018111500100221,2018년 11월 15일 11시,목요일,전라남도 무안군 일로읍,경상사고,0,0,1,0,차대차 - 추돌,신호위반,건조,맑음,교차로 - 교차로안,승용,남,54세,상해없음,화물,남,38세,경상
2018111500100246,2018년 11월 15일 12시,목요일,전라남도 장흥군 장흥읍,경상사고,0,0,2,0,차대차 - 측면충돌,직진우회전진행방해,건조,맑음,교차로 - 교차로안,화물,남,66세,상해없음,승용,여,66세,경상
2018111500100247,2018년 11월 15일 12시,목요일,전라남도 무안군 청계면,경상사고,0,0,1,0,차량단독 - 전도전복 - 전도,안전운전불이행,건조,맑음,단일로 - 기타,이륜,남,78세,경상,미분류,미분류,미분류,미분류
2018111500100277,2018년 11월 15일 13시,목요일,전라남도 나주시 안창동,중상사고,0,1,0,0,차대차 - 측면충돌,안전운전불이행,건조,맑음,단일로 - 기타,화물,남,58세,상해없음,화물,남,75세,중상
2018111500100278,2018년 11월 15일 13시,목요일,전라남도 고흥군 도양읍,경상사고,0,0,1,0,차대차 - 측면충돌,안전운전불이행,건조,맑음,단일로 - 기타,승용,남,64세,상해없음,화물,남,60세,경상
2018111500100279,2018년 11월 15일 13시,목요일,전라남도 광양시 중동,중상사고,0,1,0,0,차대사람 - 기타,안전운전불이행,건조,맑음,주차장 - 주차장,승용,여,72세,상해없음,보행자,여,72세,중상
2018111500100305,2018년 11월 15일 14시,목요일,전라남도 목포시 대양동,경상사고,0,0,2,0,차대차 - 추돌,안전운전불이행,건조,맑음,단일로 - 기타,승용,여,34세,상해없음,승용,남,38세,경상
2018111500100306,2018년 11월 15일 14시,목요일,전라남도 나주시 금천면,중상사고,0,1,0,0,차대사람 - 횡단중,안전운전불이행,건조,맑음,교차로 - 교차로안,승용,여,40세,상해없음,보행자,여,67세,중상
2018111500100308,2018년 11월 15일 14시,목요일,전라남도 광양시 광양읍,경상사고,0,0,1,0,차대차 - 추돌,안전운전불이행,건조,맑음,단일로 - 기타,특수,남,45세,상해없음,화물,남,57세,경상
2018111500100338,2018년 11월 15일 15시,목요일,전라남도 목포시 용당동,경상사고,0,0,1,0,차대차 - 측면충돌,직진우회전진행방해,건조,맑음,교차로 - 교차로안,승용,남,83세,상해없음,승용,남,64세,경상
2018111500100339,2018년 11월 15일 15시,목요일,전라남도 목포시 산정동,경상사고,0,0,3,0,차대차 - 측면충돌,안전거리미확보,건조,맑음,단일로 - 기타,자전거,남,70세,경상,승용,남,56세,경상
2018111500100372,2018년 11월 15일 16시,목요일,전라남도 장성군 장성읍,중상사고,0,2,8,0,차대차 - 기타,안전운전불이행,건조,맑음,교차로 - 교차로안,화물,남,76세,경상,승용,남,52세,경상
2018111500100413,2018년 11월 15일 17시,목요일,전라남도 목포시 남교동,경상사고,0,0,1,0,차대사람 - 차도통행중,안전운전불이행,건조,맑음,교차로 - 교차로부근,승용,남,65세,상해없음,보행자,여,72세,경상
2018111500100414,2018년 11월 15일 17시,목요일,전라남도 장성군 북이면,경상사고,0,0,1,0,차대사람 - 기타,안전운전불이행,건조,맑음,단일로 - 기타,승용,남,57세,상해없음,보행자,여,55세,경상
2018111500100473,2018년 11월 15일 18시,목요일,전라남도 순천시 풍덕동,경상사고,0,0,1,0,차량단독 - 기타,안전운전불이행,건조,맑음,단일로 - 기타,승용,남,53세,상해없음,,,,
2018111500100474,2018년 11월 15일 18시,목요일,전라남도 순천시 연향동,경상사고,0,0,1,0,차대차 - 기타,교차로운행방법위반,건조,맑음,교차로 - 교차로부근,승합,남,47세,상해없음,승용,여,32세,경상
2018111500100475,2018년 11월 15일 18시,목요일,전라남도 순천시 가곡동,경상사고,0,0,1,0,차대차 - 기타,안전운전불이행,건조,맑음,교차로 - 교차로안,승용,남,65세,상해없음,이륜,남,62세,경상
2018111500100476,2018년 11월 15일 18시,목요일,전라남도 고흥군 금산면,중상사고,0,2,1,0,차량단독 - 도로외이탈 - 추락,안전운전불이행,건조,맑음,단일로 - 기타,승용,여,63세,경상,,,,
2018111500100477,2018년 11월 15일 18시,목요일,전라남도 무안군 무안읍,경상사고,0,0,1,0,차대차 - 기타,안전운전불이행,건조,맑음,교차로 - 교차로안,승용,여,35세,경상,승용,여,23세,상해없음
2018111500100527,2018년 11월 15일 19시,목요일,전라남도 순천시 해룡면,중상사고,0,1,0,0,차대차 - 기타,안전운전불이행,건조,맑음,교차로 - 교차로부근,승용,여,19세,상해없음,원동기,남,33세,중상
2018111500100528,2018년 11월 15일 19시,목요일,전라남도 장흥군 장흥읍,경상사고,0,0,4,0,차대차 - 추돌,안전운전불이행,건조,맑음,단일로 - 기타,승합,남,61세,상해없음,승용,남,60세,경상
2018111500100592,2018년 11월 15일 21시,목요일,전라남도 여수시 둔덕동,중상사고,0,1,1,0,차대차 - 측면충돌,안전운전불이행,건조,맑음,교차로 - 교차로안,승용,여,24세,경상,승용,여,44세,중상
2018111600100041,2018년 11월 16일 03시,금요일,전라남도 광양시 광양읍,중상사고,0,1,0,0,차량단독 - 공작물충돌,안전운전불이행,건조,맑음,단일로 - 기타,승용,남,24세,중상,,,,
2018111600100090,2018년 11월 16일 07시,금요일,전라남도 여수시 웅천동,경상사고,0,0,1,0,차대차 - 기타,안전운전불이행,젖음/습기,비,교차로 - 교차로부근,화물,남,71세,상해없음,승용,여,30세,경상
2018111600100091,2018년 11월 16일 07시,금요일,전라남도 여수시 여서동,부상신고사고,0,0,0,1,차대차 - 추돌,차로위반,젖음/습기,비,단일로 - 기타,승용,남,67세,부상신고,화물,남,45세,상해없음
2018111600100131,2018년 11월 16일 08시,금요일,전라남도 곡성군 석곡면,중상사고,0,1,0,0,차대사람 - 기타,안전운전불이행,젖음/습기,비,단일로 - 기타,승용,남,64세,상해없음,보행자,여,88세,중상
2018111600100132,2018년 11월 16일 08시,금요일,전라남도 무안군 무안읍,중상사고,0,1,0,0,차대차 - 추돌,안전운전불이행,젖음/습기,흐림,단일로 - 기타,화물,남,53세,상해없음,승용,남,81세,중상
2018111600100165,2018년 11월 16일 09시,금요일,전라남도 목포시 호남동,경상사고,0,0,2,0,차대차 - 기타,중앙선침범,젖음/습기,맑음,단일로 - 기타,이륜,남,76세,경상,승용,남,55세,경상
2018111600100186,2018년 11월 16일 10시,금요일,전라남도 목포시 용해동,중상사고,0,1,1,0,차대차 - 측면충돌,중앙선침범,젖음/습기,비,단일로 - 기타,화물,남,36세,상해없음,승용,여,59세,중상
2018111600100187,2018년 11월 16일 10시,금요일,전라남도 영암군 도포면,경상사고,0,0,1,0,차대차 - 측면충돌,안전운전불이행,젖음/습기,비,단일로 - 기타,승용,여,59세,상해없음,승용,남,73세,경상
2018111600100188,2018년 11월 16일 10시,금요일,전라남도 완도군 완도읍,중상사고,0,1,0,0,차대차 - 측면충돌,안전운전불이행,건조,맑음,단일로 - 기타,화물,남,52세,상해없음,이륜,남,23세,중상
2018111600100215,2018년 11월 16일 11시,금요일,전라남도 목포시 용해동,경상사고,0,0,1,0,차대차 - 기타,교차로운행방법위반,젖음/습기,비,교차로 - 교차로안,승용,남,54세,경상,화물,남,65세,상해없음
2018111600100278,2018년 11월 16일 13시,금요일,전라남도 장성군 장성읍,경상사고,0,0,1,0,차대차 - 기타,안전거리미확보,젖음/습기,비,기타 - 기타,승용,여,26세,상해없음,승용,남,54세,경상
2018111600100311,2018년 11월 16일 14시,금요일,전라남도 보성군 보성읍,경상사고,0,0,1,0,차대사람 - 횡단중,안전운전불이행,기타,비,단일로 - 기타,승용,남,83세,상해없음,보행자,여,73세,경상
2018111600100348,2018년 11월 16일 15시,금요일,전라남도 순천시 조례동,중상사고,0,1,0,0,차대사람 - 차도통행중,안전운전불이행,건조,맑음,교차로 - 교차로부근,승용,남,65세,기타불명,보행자,여,65세,중상
2018111600100349,2018년 11월 16일 15시,금요일,전라남도 영광군 염산면,중상사고,0,2,0,0,차대차 - 정면충돌,중앙선침범,건조,흐림,단일로 - 기타,승용,남,66세,기타불명,화물,남,52세,중상
2018111600100350,2018년 11월 16일 15시,금요일,전라남도 장성군 장성읍,경상사고,0,0,1,0,차대차 - 기타,안전운전불이행,건조,맑음,교차로 - 교차로안,승용,여,26세,상해없음,자전거,여,72세,경상
2018111600100416,2018년 11월 16일 17시,금요일,전라남도 고흥군 포두면,중상사고,0,1,0,0,차량단독 - 공작물충돌,안전운전불이행,건조,흐림,단일로 - 기타,화물,남,57세,중상,,,,
2018111600100479,2018년 11월 16일 18시,금요일,전라남도 담양군 담양읍,중상사고,0,1,1,0,차대차 - 측면충돌,신호위반,건조,맑음,교차로 - 교차로안,승용,남,31세,경상,승용,여,45세,중상
2018111600100537,2018년 11월 16일 19시,금요일,전라남도 여수시 교동,중상사고,0,1,0,0,차량단독 - 기타,안전운전불이행,건조,맑음,단일로 - 기타,승합,남,51세,상해없음,,,,
2018111600100611,2018년 11월 16일 21시,금요일,전라남도 순천시 조례동,경상사고,0,0,1,0,차대사람 - 횡단중,안전운전불이행,건조,맑음,교차로 - 교차로안,승용,남,53세,상해없음,보행자,남,46세,경상
2018111600100612,2018년 11월 16일 21시,금요일,전라남도 광양시 광영동,중상사고,0,1,3,0,차대차 - 정면충돌,중앙선침범,건조,맑음,단일로 - 기타,승용,남,21세,상해없음,승용,남,43세,경상
2018111600100648,2018년 11월 16일 22시,금요일,전라남도 순천시 조곡동,경상사고,0,0,1,0,차대사람 - 차도통행중,안전운전불이행,건조,맑음,단일로 - 기타,화물,남,62세,상해없음,보행자,여,45세,경상
2018111600100663,2018년 11월 16일 23시,금요일,전라남도 광양시 중동,중상사고,0,2,0,0,차대차 - 측면충돌,신호위반,건조,맑음,교차로 - 교차로안,승용,남,31세,상해없음,승용,남,42세,중상
2018111700100012,2018년 11월 17일 00시,토요일,전라남도 순천시 연향동,경상사고,0,0,1,0,차대차 - 측면충돌,중앙선침범,건조,맑음,단일로 - 기타,승용,남,43세,상해없음,이륜,남,36세,경상
2018111700100013,2018년 11월 17일 00시,토요일,전라남도 광양시 광양읍,경상사고,0,0,2,1,차대차 - 기타,직진우회전진행방해,건조,맑음,교차로 - 교차로안,승용,남,63세,부상신고,승용,남,41세,경상
2018111700100114,2018년 11월 17일 07시,토요일,전라남도 광양시 광양읍,경상사고,0,0,1,0,차대차 - 측면충돌,불법유턴,건조,맑음,교차로 - 교차로부근,승용,여,57세,상해없음,승용,여,22세,경상
2018111700100134,2018년 11월 17일 08시,토요일,전라남도 무안군 삼향읍,경상사고,0,0,2,0,차대차 - 측면충돌,안전운전불이행,건조,맑음,교차로 - 교차로안,승용,남,30세,경상,승용,여,45세,경상
2018111700100162,2018년 11월 17일 09시,토요일,전라남도 해남군 북평면,경상사고,0,0,3,0,차대차 - 추돌,안전운전불이행,건조,맑음,단일로 - 기타,승용,남,39세,상해없음,승합,여,42세,경상
2018111700100199,2018년 11월 17일 10시,토요일,전라남도 순천시 중앙동,중상사고,0,1,0,0,차대사람 - 기타,안전운전불이행,건조,맑음,기타 - 기타,승합,남,49세,기타불명,보행자,여,79세,중상
2018111700100200,2018년 11월 17일 10시,토요일,전라남도 나주시 다시면,경상사고,0,0,1,0,차량단독 - 공작물충돌,안전운전불이행,건조,맑음,단일로 - 기타,자전거,남,68세,경상,,,,
2018111700100236,2018년 11월 17일 11시,토요일,전라남도 목포시 옥암동,경상사고,0,0,1,0,차대차 - 측면충돌,안전운전불이행,건조,맑음,교차로 - 교차로부근,화물,남,73세,상해없음,승용,남,20세,경상
2018111700100237,2018년 11월 17일 11시,토요일,전라남도 순천시 해룡면,중상사고,0,1,0,0,차대차 - 측면충돌,안전거리미확보,건조,맑음,단일로 - 기타,화물,남,47세,중상,승합,남,40세,상해없음
2018111700100276,2018년 11월 17일 12시,토요일,전라남도 순천시 승주읍,경상사고,0,0,2,0,차대차 - 기타,신호위반,건조,맑음,교차로 - 교차로안,승용,남,67세,상해없음,승합,남,59세,상해없음
2018111700100277,2018년 11월 17일 12시,토요일,전라남도 고흥군 도양읍,경상사고,0,0,1,0,차대차 - 측면충돌,교차로운행방법위반,건조,맑음,교차로 - 교차로안,승용,여,45세,경상,승용,남,78세,상해없음
2018111700100278,2018년 11월 17일 12시,토요일,전라남도 강진군 강진읍,경상사고,0,0,3,0,차대차 - 추돌,과속,건조,맑음,단일로 - 기타,승용,남,73세,경상,승용,남,38세,경상
2018111700100279,2018년 11월 17일 12시,토요일,전라남도 담양군 담양읍,경상사고,0,0,1,0,차대차 - 기타,안전운전불이행,건조,맑음,단일로 - 기타,화물,남,32세,상해없음,개인형이동수단(PM),여,71세,경상
2018111700100319,2018년 11월 17일 13시,토요일,전라남도 곡성군 오산면,중상사고,0,1,0,0,차대차 - 측면충돌,교차로운행방법위반,건조,맑음,교차로 - 교차로안,화물,남,51세,상해없음,이륜,남,48세,중상
2018111700100320,2018년 11월 17일 13시,토요일,전라남도 곡성군 입면,중상사고,0,1,0,0,차대차 - 측면충돌,안전운전불이행,건조,맑음,단일로 - 기타,이륜,남,80세,중상,화물,남,48세,상해없음
2018111700100356,2018년 11월 17일 14시,토요일,전라남도 목포시 상동,경상사고,0,0,1,0,차대차 - 기타,안전운전불이행,건조,맑음,기타 - 기타,자전거,남,8세,경상,승용,여,45세,상해없음
2018111700100386,2018년 11월 17일 15시,토요일,전라남도 여수시 여서동,부상신고사고,0,0,0,1,차대사람 - 길가장자리구역통행중,안전운전불이행,건조,맑음,단일로 - 기타,승용,여,53세,기타불명,보행자,남,22세,부상신고
2018111700100387,2018년 11월 17일 15시,토요일,전라남도 광양시 광양읍,경상사고,0,0,1,0,차대차 - 측면충돌,안전운전불이행,건조,맑음,교차로 - 교차로부근,승용,남,51세,상해없음,이륜,남,24세,경상
2018111700100421,2018년 11월 17일 16시,토요일,전라남도 여수시 학동,경상사고,0,0,2,0,차대차 - 측면충돌,중앙선침범,건조,맑음,단일로 - 기타,승합,남,69세,상해없음,이륜,남,31세,경상
2018111700100422,2018년 11월 17일 16시,토요일,전라남도 보성군 복내면,중상사고,0,1,1,0,차대차 - 정면충돌,중앙선침범,건조,맑음,교차로 - 교차로부근,승용,남,53세,상해없음,승용,남,52세,중상
2018111700100423,2018년 11월 17일 16시,토요일,전라남도 진도군 진도읍,중상사고,0,6,2,0,차대차 - 측면충돌,교차로운행방법위반,건조,맑음,교차로 - 교차로안,승용,여,58세,중상,승용,남,50세,중상
2018111700100457,2018년 11월 17일 17시,토요일,전라남도 목포시 상동,경상사고,0,0,1,0,차대차 - 측면충돌,직진우회전진행방해,건조,맑음,교차로 - 교차로안,승용,남,61세,상해없음,이륜,남,22세,경상
2018111700100458,2018년 11월 17일 17시,토요일,전라남도 순천시 덕암동,경상사고,0,0,1,0,차대차 - 기타,안전운전불이행,건조,맑음,교차로 - 교차로안,승용,남,26세,기타불명,승합,남,51세,상해없음
2018111700100507,2018년 11월 17일 18시,토요일,전라남도 여수시 웅천동,중상사고,0,1,1,0,차대차 - 추돌,안전운전불이행,건조,맑음,단일로 - 기타,승용,여,36세,상해없음,승용,남,75세,경상
2018111700100508,2018년 11월 17일 18시,토요일,전라남도 순천시 조례동,경상사고,0,0,1,0,차대차 - 추돌,안전거리미확보,건조,맑음,단일로 - 기타,승용,남,38세,경상,승용,남,58세,상해없음
2018111700100509,2018년 11월 17일 18시,토요일,전라남도 영암군 덕진면,경상사고,0,0,6,0,차대차 - 추돌,안전거리미확보,건조,맑음,단일로 - 기타,승합,남,43세,상해없음,화물,남,64세,경상
2018111700100510,2018년 11월 17일 18시,토요일,전라남도 영암군 덕진면,경상사고,0,0,1,0,차대차 - 추돌,안전거리미확보,건조,맑음,단일로 - 기타,화물,남,47세,상해없음,승용,여,46세,경상
2018111700100557,2018년 11월 17일 19시,토요일,전라남도 순천시 조례동,경상사고,0,0,1,0,차량단독 - 기타,안전운전불이행,건조,맑음,단일로 - 기타,자전거,남,54세,경상,,,,
2018111700100558,2018년 11월 17일 19시,토요일,전라남도 나주시 빛가람동,경상사고,0,0,1,0,차대차 - 정면충돌,직진우회전진행방해,건조,맑음,교차로 - 교차로안,승용,여,40세,상해없음,이륜,남,58세,경상
2018111700100559,2018년 11월 17일 19시,토요일,전라남도 보성군 조성면,경상사고,0,0,2,0,차대차 - 측면충돌,교차로운행방법위반,건조,맑음,교차로 - 교차로안,승용,남,48세,경상,승용,여,55세,경상
2018111700100560,2018년 11월 17일 19시,토요일,전라남도 영암군 삼호읍,중상사고,0,1,0,0,차대사람 - 횡단중,안전운전불이행,건조,맑음,단일로 - 기타,승용,남,48세,상해없음,보행자,여,57세,중상
2018111700100593,2018년 11월 17일 20시,토요일,전라남도 목포시 용당동,경상사고,0,0,2,0,차대차 - 측면충돌,차로위반,건조,맑음,교차로 - 교차로안,승용,여,52세,상해없음,승용,남,34세,경상
2018111700100625,2018년 11월 17일 21시,토요일,전라남도 여수시 학동,경상사고,0,0,2,0,차대차 - 추돌,안전운전불이행,건조,맑음,교차로 - 교차로부근,승용,남,40세,상해없음,승용,여,35세,경상
2018111700100671,2018년 11월 17일 23시,토요일,전라남도 해남군 문내면,경상사고,0,0,1,0,차대사람 - 횡단중,안전운전불이행,건조,맑음,단일로 - 기타,화물,남,49세,상해없음,보행자,남,50세,경상
2018111800100067,2018년 11월 18일 06시,일요일,전라남도 목포시 명륜동,경상사고,0,0,3,0,차대차 - 추돌,안전운전불이행,건조,맑음,교차로 - 교차로부근,승용,남,59세,상해없음,승용,남,29세,경상
2018111800100074,2018년 11월 18일 07시,일요일,전라남도 화순군 도곡면,경상사고,0,0,1,0,차대사람 - 기타,안전운전불이행,건조,맑음,단일로 - 기타,화물,남,63세,상해없음,보행자,여,89세,경상
2018111800100075,2018년 11월 18일 07시,일요일,전라남도 광양시 중동,중상사고,0,1,1,0,차대차 - 정면충돌,안전운전불이행,건조,맑음,단일로 - 기타,화물,남,25세,중상,승용,남,33세,경상
2018111800100085,2018년 11월 18일 08시,일요일,전라남도 영암군 영암읍,경상사고,0,0,1,0,차대차 - 측면충돌,신호위반,건조,맑음,교차로 - 교차로안,승용,남,81세,상해없음,승용,남,55세,경상
2018111800100106,2018년 11월 18일 10시,일요일,전라남도 목포시 상동,경상사고,0,0,1,0,차대차 - 추돌,안전운전불이행,건조,맑음,단일로 - 기타,승용,남,58세,상해없음,승용,여,60세,경상
2018111800100107,2018년 11월 18일 10시,일요일,전라남도 함평군 엄다면,경상사고,0,0,1,0,차대차 - 정면충돌,안전운전불이행,건조,맑음,단일로 - 교량,이륜,남,70세,경상,승합,남,46세,상해없음
2018111800100120,2018년 11월 18일 11시,일요일,전라남도 나주시 봉황면,중상사고,0,1,0,0,차대사람 - 횡단중,안전운전불이행,건조,맑음,단일로 - 기타,승용,여,28세,상해없음,보행자,남,69세,중상
2018111800100146,2018년 11월 18일 12시,일요일,전라남도 순천시 연향동,경상사고,0,0,1,0,차대차 - 측면충돌,불법유턴,건조,맑음,단일로 - 기타,승용,남,56세,상해없음,이륜,남,42세,경상
2018111800100208,2018년 11월 18일 15시,일요일,전라남도 목포시 명륜동,경상사고,0,0,1,0,차대차 - 기타,안전운전불이행,건조,맑음,단일로 - 기타,승용,남,29세,상해없음,승용,여,58세,경상
2018111800100209,2018년 11월 18일 15시,일요일,전라남도 장흥군 장평면,부상신고사고,0,0,0,1,차대차 - 측면충돌,안전운전불이행,건조,맑음,교차로 - 교차로안,이륜,남,40세,부상신고,화물,남,47세,상해없음
2018111800100210,2018년 11월 18일 15시,일요일,전라남도 완도군 신지면,경상사고,0,0,1,0,차대차 - 후진중충돌,안전운전불이행,건조,맑음,기타 - 기타,화물,남,79세,상해없음,승용,남,45세,경상