사고번호,사고일시,요일,시군구,사고내용,사망자수,중상자수,경상자수,부상신고자수,사고유형,법규위반,노면상태,기상상태,도로형태,가해운전자 차종,가해운전자 성별,가해운전자 연령,가해운전자 상해정도,피해운전자 차종,피해운전자 성별,피해운전자 연령,피해운전자 상해정도
2018111800100355,2018년 11월 18일 19시,일요일,전라남도 목포시 상동,부상신고사고,0,0,0,1,차대차 - 기타,안전운전불이행,건조,맑음,단일로 - 기타,이륜,남,19세,부상신고,이륜,남,19세,상해없음
2018111800100413,2018년 11월 18일 21시,일요일,전라남도 목포시 용당동,중상사고,0,1,0,0,차대차 - 기타,안전운전불이행,건조,맑음,단일로 - 기타,승용,남,61세,상해없음,이륜,남,21세,중상
2018111900100061,2018년 11월 19일 07시,월요일,전라남도 순천시 오천동,경상사고,0,0,1,0,차대차 - 측면충돌,신호위반,건조,맑음,단일로 - 기타,승용,남,37세,상해없음,승합,남,57세,경상
2018111900100095,2018년 11월 19일 08시,월요일,전라남도 해남군 송지면,경상사고,0,0,3,0,차대차 - 기타,중앙선침범,건조,맑음,단일로 - 기타,화물,남,55세,상해없음,승용,남,36세,경상
2018111900100132,2018년 11월 19일 09시,월요일,전라남도 고흥군 풍양면,경상사고,0,0,2,0,차대차 - 측면충돌,안전운전불이행,건조,맑음,단일로 - 기타,화물,남,38세,상해없음,화물,남,64세,경상
2018111900100160,2018년 11월 19일 10시,월요일,전라남도 나주시 남평읍,사망사고,1,0,0,0,차대차 - 측면충돌,안전운전불이행,건조,맑음,단일로 - 기타,이륜,남,66세,사망,승용,여,59세,상해없음
2018111900100189,2018년 11월 19일 11시,월요일,전라남도 광양시 옥곡면,경상사고,0,0,2,0,차대차 - 측면충돌,안전운전불이행,건조,맑음,교차로 - 교차로안,승용,남,29세,경상,승용,남,66세,경상
2018111900100190,2018년 11월 19일 11시,월요일,전라남도 광양시 도이동,경상사고,0,0,1,0,차대차 - 측면충돌,안전운전불이행,건조,맑음,교차로 - 교차로안,화물,여,49세,경상,특수,남,54세,상해없음
2018111900100244,2018년 11월 19일 13시,월요일,전라남도 순천시 조례동,경상사고,0,0,2,0,차대차 - 추돌,안전거리미확보,건조,맑음,단일로 - 기타,승용,남,58세,상해없음,승용,여,36세,경상
2018111900100245,2018년 11월 19일 13시,월요일,전라남도 나주시 남평읍,중상사고,0,1,1,0,차대차 - 측면충돌,직진우회전진행방해,건조,맑음,교차로 - 교차로안,승용,여,46세,경상,승용,여,71세,중상
2018111900100246,2018년 11월 19일 13시,월요일,전라남도 강진군 군동면,경상사고,0,0,5,0,차대차 - 측면충돌,안전거리미확보,건조,맑음,단일로 - 기타,승용,여,66세,경상,승용,남,70세,경상
2018111900100247,2018년 11월 19일 13시,월요일,전라남도 곡성군 목사동면,중상사고,0,1,0,0,차대차 - 측면충돌,직진우회전진행방해,건조,맑음,교차로 - 교차로안,농기계,남,78세,상해없음,이륜,남,66세,중상
2018111900100280,2018년 11월 19일 14시,월요일,전라남도 여수시 국동,경상사고,0,0,2,0,차대차 - 측면충돌,직진우회전진행방해,건조,맑음,교차로 - 교차로안,승용,남,69세,상해없음,승용,여,27세,경상
2018111900100281,2018년 11월 19일 14시,월요일,전라남도 영암군 영암읍,중상사고,0,1,0,0,차대사람 - 횡단중,보행자보호의무위반,건조,맑음,교차로 - 교차로부근,승용,남,43세,상해없음,보행자,남,78세,중상
2018111900100319,2018년 11월 19일 15시,월요일,전라남도 강진군 강진읍,경상사고,0,0,1,0,차대사람 - 횡단중,보행자보호의무위반,건조,맑음,단일로 - 기타,원동기,남,59세,상해없음,보행자,남,7세,경상
2018111900100320,2018년 11월 19일 15시,월요일,전라남도 강진군 군동면,경상사고,0,0,2,0,차대차 - 측면충돌,안전운전불이행,건조,맑음,단일로 - 기타,화물,남,56세,경상,승용,남,65세,경상
2018111900100367,2018년 11월 19일 16시,월요일,전라남도 순천시 조례동,경상사고,0,0,1,0,차대차 - 기타,안전거리미확보,건조,맑음,단일로 - 기타,승용,남,66세,상해없음,승용,여,27세,경상
2018111900100368,2018년 11월 19일 16시,월요일,전라남도 나주시 부덕동,경상사고,0,0,2,0,차대차 - 측면충돌,중앙선침범,건조,맑음,단일로 - 기타,승용,남,55세,경상,화물,남,44세,경상
2018111900100369,2018년 11월 19일 16시,월요일,전라남도 광양시 옥곡면,중상사고,0,1,0,0,차대차 - 측면충돌,안전운전불이행,건조,맑음,단일로 - 기타,화물,남,76세,상해없음,이륜,여,73세,중상
2018111900100403,2018년 11월 19일 17시,월요일,전라남도 순천시 조례동,중상사고,0,1,0,0,차대사람 - 기타,안전운전불이행,건조,맑음,단일로 - 기타,승용,여,34세,상해없음,보행자,여,7세,중상
2018111900100404,2018년 11월 19일 17시,월요일,전라남도 고흥군 도양읍,경상사고,0,0,1,0,차대차 - 측면충돌,중앙선침범,건조,맑음,교차로 - 교차로부근,이륜,남,68세,경상,승용,남,64세,상해없음
2018111900100457,2018년 11월 19일 18시,월요일,전라남도 여수시 돌산읍,경상사고,0,0,1,0,차대사람 - 횡단중,안전운전불이행,건조,맑음,교차로 - 교차로횡단보도내,화물,남,50세,상해없음,보행자,여,68세,경상
2018111900100458,2018년 11월 19일 18시,월요일,전라남도 고흥군 도화면,중상사고,0,1,1,0,차대사람 - 횡단중,안전운전불이행,건조,맑음,단일로 - 기타,기타불명,기타불명,미분류,기타불명,보행자,여,71세,중상
2018111900100459,2018년 11월 19일 18시,월요일,전라남도 강진군 성전면,경상사고,0,0,2,0,차대차 - 측면충돌,신호위반,건조,맑음,교차로 - 교차로안,승합,남,62세,경상,승용,여,41세,경상
2018111900100533,2018년 11월 19일 20시,월요일,전라남도 여수시 화장동,경상사고,0,0,1,0,차대차 - 추돌,안전운전불이행,건조,맑음,단일로 - 기타,승용,남,27세,상해없음,승용,남,41세,경상
2018111900100534,2018년 11월 19일 20시,월요일,전라남도 순천시 연향동,경상사고,0,0,2,0,차대차 - 추돌,안전운전불이행,건조,맑음,교차로 - 교차로부근,승합,여,51세,상해없음,승용,남,59세,경상
2018111900100535,2018년 11월 19일 20시,월요일,전라남도 나주시 빛가람동,중상사고,0,1,0,0,차대차 - 측면충돌,안전운전불이행,건조,맑음,교차로 - 교차로부근,승용,남,48세,상해없음,자전거,남,12세,중상
2018111900100536,2018년 11월 19일 20시,월요일,전라남도 강진군 군동면,중상사고,0,1,0,2,차대사람 - 기타,안전운전불이행,건조,맑음,교차로 - 교차로부근,승용,여,35세,상해없음,보행자,남,50세,중상
2018111900100560,2018년 11월 19일 21시,월요일,전라남도 해남군 황산면,경상사고,0,0,1,0,차대차 - 측면충돌,직진우회전진행방해,건조,맑음,교차로 - 교차로안,승용,남,71세,상해없음,승용,남,21세,상해없음
2018111900100561,2018년 11월 19일 21시,월요일,전라남도 보성군 보성읍,경상사고,0,0,1,0,차대차 - 측면충돌,기타,건조,맑음,교차로 - 교차로안,승용,남,23세,상해없음,승용,남,59세,경상
2018111900100585,2018년 11월 19일 22시,월요일,전라남도 목포시 상동,경상사고,0,0,1,0,차대차 - 기타,안전운전불이행,건조,맑음,단일로 - 기타,승용,남,50세,상해없음,특수,남,36세,경상
2018111900100586,2018년 11월 19일 22시,월요일,전라남도 신안군 지도읍,경상사고,0,0,2,0,차대차 - 추돌,안전거리미확보,건조,맑음,단일로 - 기타,화물,남,41세,상해없음,승용,남,66세,경상
2018112000100021,2018년 11월 20일 02시,화요일,전라남도 광양시 마동,경상사고,0,0,1,0,차량단독 - 공작물충돌,안전운전불이행,건조,맑음,단일로 - 기타,승용,남,37세,상해없음,,,,
2018112000100048,2018년 11월 20일 06시,화요일,전라남도 목포시 상동,경상사고,0,0,1,0,차대사람 - 기타,안전운전불이행,건조,맑음,교차로 - 교차로안,승용,남,48세,상해없음,보행자,여,30세,경상
2018112000100049,2018년 11월 20일 06시,화요일,전라남도 광양시 마동,경상사고,0,0,1,0,차대차 - 측면충돌,신호위반,건조,맑음,교차로 - 교차로안,승용,남,61세,상해없음,화물,남,58세,경상
2018112000100063,2018년 11월 20일 07시,화요일,전라남도 순천시 서면,중상사고,0,1,0,0,차량단독 - 도로외이탈 - 추락,안전운전불이행,건조,맑음,단일로 - 기타,승용,남,20세,중상,,,,
2018112000100100,2018년 11월 20일 08시,화요일,전라남도 순천시 주암면,경상사고,0,0,1,0,차대차 - 측면충돌,안전운전불이행,건조,흐림,단일로 - 기타,승용,남,79세,상해없음,자전거,여,64세,경상
2018112000100101,2018년 11월 20일 08시,화요일,전라남도 순천시 풍덕동,경상사고,0,0,1,0,차량단독 - 기타,안전운전불이행,건조,맑음,교차로 - 교차로안,승용,남,57세,상해없음,,,,
2018112000100102,2018년 11월 20일 08시,화요일,전라남도 순천시 조례동,경상사고,0,0,2,0,차대차 - 측면충돌,안전운전불이행,건조,맑음,단일로 - 기타,승용,남,74세,경상,승용,여,24세,경상
2018112000100103,2018년 11월 20일 08시,화요일,전라남도 강진군 신전면,경상사고,0,0,2,0,차대차 - 추돌,안전거리미확보,건조,맑음,단일로 - 기타,화물,남,57세,상해없음,승용,남,69세,경상
2018112000100104,2018년 11월 20일 08시,화요일,전라남도 완도군 완도읍,경상사고,0,0,1,0,차대차 - 측면충돌,안전운전불이행,건조,맑음,교차로 - 교차로안,승용,여,28세,상해없음,승용,여,35세,경상
2018112000100105,2018년 11월 20일 08시,화요일,전라남도 무안군 무안읍,중상사고,0,1,1,0,차대차 - 측면충돌,과속,건조,맑음,교차로 - 교차로안,승용,남,55세,중상,승용,남,62세,경상
2018112000100150,2018년 11월 20일 09시,화요일,전라남도 순천시 연향동,사망사고,1,0,0,0,차대차 - 기타,안전운전불이행,건조,맑음,단일로 - 기타,자전거,남,83세,사망,승용,여,66세,상해없음
2018112000100151,2018년 11월 20일 09시,화요일,전라남도 장흥군 장흥읍,경상사고,0,0,1,0,차대차 - 측면충돌,직진우회전진행방해,건조,맑음,교차로 - 교차로안,화물,남,51세,상해없음,이륜,남,83세,상해없음
2018112000100152,2018년 11월 20일 09시,화요일,전라남도 해남군 옥천면,경상사고,0,0,2,0,차대차 - 측면충돌,안전거리미확보,건조,맑음,단일로 - 기타,승용,여,57세,경상,화물,남,63세,경상
2018112000100153,2018년 11월 20일 09시,화요일,전라남도 담양군 금성면,경상사고,0,0,6,0,차대차 - 측면충돌,직진우회전진행방해,건조,맑음,교차로 - 교차로안,승용,남,30세,상해없음,승합,남,65세,경상
2018112000100177,2018년 11월 20일 10시,화요일,전라남도 목포시 연산동,경상사고,0,0,2,0,차대차 - 측면충돌,안전운전불이행,건조,맑음,교차로 - 교차로안,승용,남,36세,경상,승용,여,41세,경상
2018112000100178,2018년 11월 20일 10시,화요일,전라남도 여수시 적량동,경상사고,0,0,1,0,차대차 - 추돌,안전거리미확보,건조,맑음,교차로 - 교차로부근,화물,남,66세,상해없음,승용,여,67세,경상
2018112000100179,2018년 11월 20일 10시,화요일,전라남도 해남군 마산면,경상사고,0,0,2,0,차대차 - 측면충돌,신호위반,건조,맑음,교차로 - 교차로안,농기계,여,67세,경상,승용,남,52세,경상
2018112000100180,2018년 11월 20일 10시,화요일,전라남도 강진군 강진읍,경상사고,0,0,2,0,차대차 - 측면충돌,신호위반,건조,맑음,교차로 - 교차로안,승용,남,79세,상해없음,화물,남,75세,경상
2018112000100181,2018년 11월 20일 10시,화요일,전라남도 강진군 성전면,중상사고,0,1,2,0,차대차 - 측면충돌,안전운전불이행,건조,맑음,단일로 - 기타,이륜,남,35세,중상,화물,남,77세,경상
2018112000100182,2018년 11월 20일 10시,화요일,전라남도 진도군 진도읍,경상사고,0,0,1,0,차대차 - 기타,교차로운행방법위반,건조,맑음,교차로 - 교차로안,화물,남,54세,상해없음,승용,여,60세,경상
2018112000100215,2018년 11월 20일 11시,화요일,전라남도 해남군 북평면,중상사고,0,1,1,0,차대차 - 추돌,과속,건조,맑음,교차로 - 교차로안,화물,남,60세,경상,화물,남,61세,중상
2018112000100216,2018년 11월 20일 11시,화요일,전라남도 장성군 북하면,경상사고,0,0,2,0,차대차 - 기타,직진우회전진행방해,건조,맑음,교차로 - 교차로안,승용,남,37세,경상,승합,남,65세,경상
2018112000100239,2018년 11월 20일 12시,화요일,전라남도 순천시 대대동,경상사고,0,0,1,0,차대차 - 측면충돌,안전운전불이행,건조,맑음,단일로 - 기타,화물,남,69세,상해없음,승용,여,34세,경상
2018112000100271,2018년 11월 20일 13시,화요일,전라남도 목포시 옥암동,중상사고,0,1,0,0,차대차 - 측면충돌,신호위반,건조,맑음,교차로 - 교차로안,이륜,남,22세,중상,승용,여,47세,기타불명
2018112000100272,2018년 11월 20일 13시,화요일,전라남도 순천시 해룡면,경상사고,0,0,1,0,차대차 - 측면충돌,안전거리미확보,건조,맑음,단일로 - 기타,승용,남,36세,상해없음,승용,남,49세,경상
2018112000100273,2018년 11월 20일 13시,화요일,전라남도 강진군 군동면,경상사고,0,0,2,0,차대차 - 추돌,안전거리미확보,건조,맑음,교차로 - 교차로부근,승용,남,29세,상해없음,화물,남,79세,경상
2018112000100299,2018년 11월 20일 14시,화요일,전라남도 여수시 돌산읍,중상사고,0,1,0,0,차대차 - 기타,불법유턴,건조,맑음,교차로 - 교차로안,승용,여,24세,상해없음,이륜,남,75세,중상
2018112000100334,2018년 11월 20일 15시,화요일,전라남도 목포시 옥암동,경상사고,0,0,2,0,차대차 - 기타,차로위반,건조,맑음,단일로 - 기타,승용,여,61세,상해없음,특수,남,38세,경상
2018112000100335,2018년 11월 20일 15시,화요일,전라남도 장성군 삼계면,중상사고,0,1,0,0,차량단독 - 공작물충돌,안전운전불이행,건조,맑음,단일로 - 기타,이륜,남,55세,중상,,,,
2018112000100384,2018년 11월 20일 16시,화요일,전라남도 목포시 옥암동,경상사고,0,0,1,0,차대차 - 기타,안전운전불이행,건조,맑음,교차로 - 교차로부근,승용,남,64세,기타불명,자전거,남,38세,경상
2018112000100385,2018년 11월 20일 16시,화요일,전라남도 여수시 신기동,경상사고,0,0,2,0,차대차 - 측면충돌,안전운전불이행,건조,맑음,교차로 - 교차로안,승용,여,38세,상해없음,승용,여,36세,경상
2018112000100386,2018년 11월 20일 16시,화요일,전라남도 완도군 완도읍,중상사고,0,1,0,0,차대차 - 정면충돌,교차로운행방법위반,건조,맑음,교차로 - 교차로안,승용,남,27세,상해없음,자전거,남,58세,중상
2018112000100444,2018년 11월 20일 17시,화요일,전라남도 곡성군 입면,부상신고사고,0,0,0,1,차량단독 - 기타,안전운전불이행,건조,맑음,교차로 - 교차로부근,이륜,남,70세,부상신고,,,,
2018112000100494,2018년 11월 20일 18시,화요일,전라남도 목포시 상동,중상사고,0,1,2,0,차대차 - 측면충돌,신호위반,건조,맑음,교차로 - 교차로안,승용,남,30세,상해없음,승용,남,44세,경상
2018112000100495,2018년 11월 20일 18시,화요일,전라남도 목포시 상동,경상사고,0,0,2,0,차대차 - 측면충돌,중앙선침범,건조,맑음,교차로 - 교차로부근,승용,남,74세,기타불명,승용,남,23세,경상
2018112000100496,2018년 11월 20일 18시,화요일,전라남도 여수시 율촌면,경상사고,0,0,1,0,차대차 - 기타,안전운전불이행,건조,맑음,기타 - 기타,화물,남,52세,상해없음,승용,남,47세,경상
2018112000100497,2018년 11월 20일 18시,화요일,전라남도 장흥군 장흥읍,중상사고,0,1,0,0,차대차 - 측면충돌,신호위반,건조,맑음,교차로 - 교차로안,승용,남,53세,상해없음,승용,여,51세,중상
2018112000100498,2018년 11월 20일 18시,화요일,전라남도 장성군 황룡면,경상사고,0,0,1,0,차대차 - 추돌,안전운전불이행,건조,맑음,교차로 - 교차로부근,화물,남,48세,상해없음,승용,남,47세,경상
2018112000100499,2018년 11월 20일 18시,화요일,전라남도 강진군 강진읍,경상사고,0,0,2,0,차대차 - 추돌,안전운전불이행,건조,맑음,교차로 - 교차로안,승용,여,25세,상해없음,승용,여,46세,경상
2018112000100639,2018년 11월 20일 22시,화요일,전라남도 목포시 상동,경상사고,0,0,1,0,차대사람 - 기타,안전운전불이행,건조,맑음,단일로 - 기타,승용,남,23세,상해없음,보행자,남,29세,경상
2018112100100052,2018년 11월 21일 04시,수요일,전라남도 순천시 조례동,중상사고,0,1,1,0,차대차 - 측면충돌,기타,건조,맑음,교차로 - 교차로안,승용,남,68세,중상,승용,여,26세,경상
2018112100100086,2018년 11월 21일 06시,수요일,전라남도 해남군 산이면,중상사고,0,1,0,0,차대사람 - 횡단중,안전운전불이행,건조,맑음,단일로 - 기타,승용,남,51세,상해없음,보행자,여,69세,중상
2018112100100137,2018년 11월 21일 08시,수요일,전라남도 보성군 보성읍,사망사고,1,0,0,0,차대사람 - 횡단중,안전운전불이행,건조,맑음,교차로 - 교차로안,화물,남,59세,상해없음,보행자,여,77세,사망
2018112100100138,2018년 11월 21일 08시,수요일,전라남도 강진군 성전면,경상사고,0,0,1,0,차대차 - 측면충돌,안전거리미확보,건조,흐림,단일로 - 기타,자전거,남,73세,경상,승용,여,39세,상해없음
2018112100100170,2018년 11월 21일 09시,수요일,전라남도 해남군 해남읍,경상사고,0,0,1,0,차량단독 - 기타,기타,건조,맑음,단일로 - 기타,승합,남,44세,상해없음,,,,
2018112100100193,2018년 11월 21일 10시,수요일,전라남도 보성군 득량면,경상사고,0,0,1,0,차대차 - 측면충돌,기타,건조,맑음,교차로 - 교차로안,화물,남,67세,상해없음,이륜,남,84세,경상
2018112100100194,2018년 11월 21일 10시,수요일,전라남도 영암군 영암읍,경상사고,0,0,1,0,차대사람 - 길가장자리구역통행중,안전운전불이행,건조,맑음,단일로 - 기타,화물,남,70세,상해없음,보행자,남,59세,경상
2018112100100275,2018년 11월 21일 13시,수요일,전라남도 담양군 고서면,경상사고,0,0,5,0,차대차 - 측면충돌,안전운전불이행,건조,맑음,교차로 - 교차로안,승용,여,43세,상해없음,승용,남,63세,경상
2018112100100317,2018년 11월 21일 15시,수요일,전라남도 목포시 남교동,경상사고,0,0,6,0,차대차 - 측면충돌,교차로운행방법위반,건조,맑음,교차로 - 교차로안,승용,여,61세,경상,승합,남,47세,경상
2018112100100318,2018년 11월 21일 15시,수요일,전라남도 여수시 연등동,경상사고,0,0,1,0,차대차 - 측면충돌,안전거리미확보,건조,맑음,단일로 - 기타,승용,남,48세,상해없음,승용,남,38세,경상
2018112100100319,2018년 11월 21일 15시,수요일,전라남도 나주시 금천면,경상사고,0,0,6,0,차대차 - 추돌,기타,건조,맑음,단일로 - 교량,화물,남,31세,경상,화물,여,59세,경상
2018112100100356,2018년 11월 21일 16시,수요일,전라남도 화순군 동복면,중상사고,0,3,3,1,차량단독 - 도로외이탈 - 추락,안전운전불이행,건조,맑음,단일로 - 기타,승합,남,71세,부상신고,,,,
2018112100100357,2018년 11월 21일 16시,수요일,전라남도 영암군 삼호읍,중상사고,0,2,0,0,차대차 - 측면충돌,신호위반,건조,맑음,교차로 - 교차로안,승용,남,71세,상해없음,화물,남,21세,중상
2018112100100411,2018년 11월 21일 17시,수요일,전라남도 여수시 웅천동,경상사고,0,0,2,0,차대차 - 기타,신호위반,건조,맑음,교차로 - 교차로안,승용,여,49세,경상,승용,여,41세,경상
2018112100100412,2018년 11월 21일 17시,수요일,전라남도 여수시 신기동,경상사고,0,0,1,0,차대사람 - 횡단중,보행자보호의무위반,건조,맑음,교차로 - 교차로횡단보도내,승용,남,70세,상해없음,보행자,남,18세,경상
2018112100100540,2018년 11월 21일 20시,수요일,전라남도 영암군 학산면,경상사고,0,0,2,0,차대차 - 추돌,과속,건조,흐림,단일로 - 기타,승용,여,49세,경상,화물,남,43세,경상
2018112100100541,2018년 11월 21일 20시,수요일,전라남도 영암군 학산면,사망사고,1,2,1,0,차대차 - 추돌,안전운전불이행,건조,맑음,단일로 - 기타,승용,남,58세,경상,화물,남,43세,사망
2018112200100011,2018년 11월 22일 00시,목요일,전라남도 여수시 봉산동,경상사고,0,0,1,0,차대사람 - 길가장자리구역통행중,안전운전불이행,건조,맑음,단일로 - 기타,승용,남,32세,상해없음,보행자,남,36세,경상
2018112200100083,2018년 11월 22일 07시,목요일,전라남도 무안군 삼향읍,경상사고,0,0,1,0,차대차 - 추돌,교차로운행방법위반,건조,맑음,교차로 - 교차로안,승용,여,41세,상해없음,건설기계,남,71세,경상
2018112200100182,2018년 11월 22일 09시,목요일,전라남도 목포시 용당동,경상사고,0,0,1,0,차대차 - 측면충돌,안전운전불이행,건조,맑음,교차로 - 교차로안,승용,남,78세,상해없음,이륜,남,74세,경상
2018112200100183,2018년 11월 22일 09시,목요일,전라남도 신안군 신의면,중상사고,0,1,1,0,차대차 - 측면충돌,직진우회전진행방해,건조,맑음,교차로 - 교차로안,승용,남,72세,상해없음,이륜,남,66세,중상
2018112200100184,2018년 11월 22일 09시,목요일,전라남도 진도군 의신면,중상사고,0,1,0,0,차대차 - 측면충돌,중앙선침범,건조,맑음,단일로 - 기타,승용,남,70세,상해없음,승용,여,51세,중상
2018112200100185,2018년 11월 22일 09시,목요일,전라남도 곡성군 석곡면,경상사고,0,0,5,0,차대차 - 추돌,안전운전불이행,건조,맑음,단일로 - 기타,승합,여,52세,상해없음,승용,남,44세,경상
2018112200100224,2018년 11월 22일 10시,목요일,전라남도 신안군 신의면,경상사고,0,0,4,0,차대차 - 측면충돌,중앙선침범,건조,맑음,단일로 - 기타,승용,남,60세,경상,화물,남,45세,경상
2018112200100225,2018년 11월 22일 10시,목요일,전라남도 보성군 미력면,경상사고,0,0,1,0,차대차 - 추돌,안전운전불이행,건조,맑음,단일로 - 기타,화물,남,24세,상해없음,승용,여,61세,경상
2018112200100226,2018년 11월 22일 10시,목요일,전라남도 영암군 시종면,중상사고,0,1,1,0,차대차 - 기타,안전운전불이행,건조,맑음,교차로 - 교차로안,화물,남,48세,상해없음,이륜,남,83세,중상
2018112200100283,2018년 11월 22일 12시,목요일,전라남도 곡성군 옥과면,경상사고,0,0,1,0,차대차 - 측면충돌,안전운전불이행,건조,맑음,교차로 - 교차로부근,승용,남,59세,상해없음,이륜,남,17세,경상
2018112200100316,2018년 11월 22일 13시,목요일,전라남도 여수시 미평동,중상사고,0,1,0,0,차대차 - 측면충돌,차로위반,건조,맑음,단일로 - 기타,승합,남,45세,상해없음,이륜,남,21세,중상
2018112200100317,2018년 11월 22일 13시,목요일,전라남도 순천시 서면,경상사고,0,0,1,0,차대차 - 측면충돌,안전거리미확보,건조,맑음,교차로 - 교차로부근,승용,남,65세,상해없음,승용,여,26세,경상
2018112200100359,2018년 11월 22일 14시,목요일,전라남도 보성군 보성읍,중상사고,0,1,0,0,차대사람 - 횡단중,보행자보호의무위반,건조,맑음,교차로 - 교차로안,화물,남,59세,상해없음,보행자,남,71세,중상
2018112200100360,2018년 11월 22일 14시,목요일,전라남도 광양시 광양읍,중상사고,0,1,0,0,차대차 - 추돌,안전운전불이행,건조,맑음,교차로 - 교차로부근,승용,남,43세,상해없음,승용,여,39세,중상
2018112200100396,2018년 11월 22일 15시,목요일,전라남도 곡성군 곡성읍,경상사고,0,0,1,0,차대사람 - 기타,안전운전불이행,건조,맑음,단일로 - 기타,승용,남,51세,상해없음,보행자,여,78세,경상
2018112200100475,2018년 11월 22일 17시,목요일,전라남도 영암군 시종면,경상사고,0,0,2,0,차대차 - 정면충돌,안전운전불이행,건조,흐림,단일로 - 기타,화물,여,68세,경상,승용,남,59세,경상
2018112200100535,2018년 11월 22일 18시,목요일,전라남도 순천시 서면,중상사고,0,2,0,0,차대사람 - 기타,안전운전불이행,건조,맑음,단일로 - 기타,자전거,남,64세,중상,보행자,여,70세,중상
2018112200100536,2018년 11월 22일 18시,목요일,전라남도 순천시 해룡면,중상사고,0,1,1,0,차대차 - 측면충돌,안전운전불이행,건조,맑음,교차로 - 교차로안,화물,남,64세,상해없음,승용,남,58세,중상
2018112200100537,2018년 11월 22일 18시,목요일,전라남도 무안군 청계면,경상사고,0,0,1,0,차대차 - 추돌,안전운전불이행,건조,맑음,교차로 - 교차로횡단보도내,화물,남,55세,상해없음,승용,여,36세,경상
2018112200100567,2018년 11월 22일 19시,목요일,전라남도 광양시 광양읍,중상사고,0,1,0,0,차대사람 - 횡단중,보행자보호의무위반,건조,맑음,단일로 - 기타,승용,여,57세,상해없음,보행자,여,76세,중상
2018112200100652,2018년 11월 22일 22시,목요일,전라남도 순천시 조례동,경상사고,0,0,1,0,차대차 - 기타,안전운전불이행,건조,맑음,단일로 - 기타,승용,남,53세,상해없음,승용,남,34세,경상
2018112200100673,2018년 11월 22일 23시,목요일,전라남도 여수시 화장동,경상사고,0,0,1,0,차대차 - 측면충돌,신호위반,건조,맑음,교차로 - 교차로안,화물,남,52세,상해없음,승용,여,44세,경상
2018112300100009,2018년 11월 23일 00시,금요일,전라남도 여수시 학동,중상사고,0,1,0,0,차대사람 - 횡단중,안전운전불이행,건조,맑음,교차로 - 교차로안,승용,남,34세,상해없음,보행자,남,53세,중상
2018112300100020,2018년 11월 23일 01시,금요일,전라남도 목포시 용해동,중상사고,0,1,0,0,차대차 - 측면충돌,신호위반,건조,맑음,교차로 - 교차로횡단보도내,이륜,남,23세,중상,승용,남,42세,상해없음
2018112300100138,2018년 11월 23일 08시,금요일,전라남도 고흥군 풍양면,중상사고,0,1,0,0,차대사람 - 길가장자리구역통행중,안전운전불이행,건조,맑음,단일로 - 기타,이륜,남,83세,상해없음,보행자,여,84세,중상
2018112300100180,2018년 11월 23일 09시,금요일,전라남도 나주시 송월동,중상사고,0,1,0,0,차대차 - 측면충돌,중앙선침범,건조,맑음,단일로 - 기타,화물,남,45세,상해없음,화물,남,75세,중상
2018112300100181,2018년 11월 23일 09시,금요일,전라남도 장성군 남면,중상사고,0,1,0,0,차대차 - 기타,안전운전불이행,건조,맑음,교차로 - 교차로안,승용,남,50세,상해없음,이륜,남,34세,중상
2018112300100212,2018년 11월 23일 10시,금요일,전라남도 여수시 율촌면,중상사고,0,1,0,0,차대차 - 기타,안전운전불이행,건조,맑음,단일로 - 기타,화물,남,50세,상해없음,이륜,남,74세,중상
2018112300100213,2018년 11월 23일 10시,금요일,전라남도 고흥군 고흥읍,경상사고,0,0,1,0,차대차 - 측면충돌,안전운전불이행,건조,맑음,교차로 - 교차로부근,승용,남,57세,경상,화물,남,76세,상해없음
2018112300100214,2018년 11월 23일 10시,금요일,전라남도 화순군 화순읍,중상사고,0,1,4,0,차대차 - 측면충돌,교차로운행방법위반,건조,맑음,교차로 - 교차로안,승합,여,23세,경상,승용,여,39세,경상
2018112300100241,2018년 11월 23일 11시,금요일,전라남도 여수시 봉계동,중상사고,0,1,0,0,차대사람 - 기타,안전운전불이행,건조,맑음,단일로 - 기타,승용,남,43세,상해없음,보행자,여,74세,중상
2018112300100274,2018년 11월 23일 12시,금요일,전라남도 여수시 덕충동,경상사고,0,0,2,0,차대차 - 기타,교차로운행방법위반,건조,맑음,교차로 - 교차로안,승용,여,63세,경상,승용,여,51세,경상
2018112300100310,2018년 11월 23일 13시,금요일,전라남도 나주시 공산면,중상사고,0,2,1,0,차량단독 - 공작물충돌,안전운전불이행,건조,맑음,교차로 - 교차로안,승용,남,70세,경상,,,,
2018112300100339,2018년 11월 23일 14시,금요일,전라남도 여수시 봉산동,경상사고,0,0,1,0,차대차 - 측면충돌,안전거리미확보,건조,맑음,단일로 - 기타,승용,남,47세,상해없음,승용,남,60세,경상
2018112300100340,2018년 11월 23일 14시,금요일,전라남도 순천시 덕월동,경상사고,0,0,2,0,차대차 - 측면충돌,기타,건조,맑음,교차로 - 교차로부근,화물,남,48세,상해없음,승용,여,68세,경상