사고번호,사고일시,요일,시군구,사고내용,사망자수,중상자수,경상자수,부상신고자수,사고유형,법규위반,노면상태,기상상태,도로형태,가해운전자 차종,가해운전자 성별,가해운전자 연령,가해운전자 상해정도,피해운전자 차종,피해운전자 성별,피해운전자 연령,피해운전자 상해정도
2018112300100341,2018년 11월 23일 14시,금요일,전라남도 강진군 강진읍,경상사고,0,0,1,0,차대차 - 측면충돌,안전운전불이행,건조,맑음,교차로 - 교차로안,승용,남,75세,상해없음,이륜,여,74세,경상
2018112300100419,2018년 11월 23일 16시,금요일,전라남도 목포시 연산동,경상사고,0,0,1,0,차대차 - 측면충돌,신호위반,건조,맑음,교차로 - 교차로안,승용,여,46세,상해없음,승용,여,53세,경상
2018112300100420,2018년 11월 23일 16시,금요일,전라남도 순천시 해룡면,경상사고,0,0,1,0,차대차 - 측면충돌,직진우회전진행방해,건조,맑음,교차로 - 교차로안,승용,남,61세,상해없음,화물,남,53세,경상
2018112300100470,2018년 11월 23일 17시,금요일,전라남도 순천시 조례동,중상사고,0,1,0,0,차대사람 - 횡단중,안전운전불이행,건조,맑음,교차로 - 교차로안,승용,여,61세,상해없음,보행자,남,30세,중상
2018112300100471,2018년 11월 23일 17시,금요일,전라남도 해남군 산이면,경상사고,0,0,1,0,차대차 - 측면충돌,신호위반,건조,맑음,교차로 - 교차로안,화물,남,26세,기타불명,승용,남,32세,경상
2018112300100472,2018년 11월 23일 17시,금요일,전라남도 광양시 금호동,중상사고,0,2,2,0,차대차 - 추돌,안전운전불이행,건조,맑음,단일로 - 교량,승용,남,27세,상해없음,화물,남,45세,중상
2018112300100532,2018년 11월 23일 18시,금요일,전라남도 무안군 일로읍,경상사고,0,0,4,0,차대차 - 추돌,안전운전불이행,건조,맑음,단일로 - 기타,승용,남,63세,상해없음,화물,남,53세,경상
2018112300100597,2018년 11월 23일 19시,금요일,전라남도 순천시 해룡면,경상사고,0,0,1,0,차대차 - 측면충돌,중앙선침범,건조,맑음,단일로 - 기타,승용,여,49세,상해없음,이륜,남,35세,경상
2018112300100598,2018년 11월 23일 19시,금요일,전라남도 보성군 보성읍,경상사고,0,0,2,0,차대차 - 측면충돌,교차로운행방법위반,건조,맑음,교차로 - 교차로안,승용,여,54세,상해없음,승용,남,65세,경상
2018112300100679,2018년 11월 23일 21시,금요일,전라남도 여수시 여서동,중상사고,0,1,0,0,차대사람 - 횡단중,신호위반,건조,맑음,교차로 - 교차로부근,승용,남,71세,상해없음,보행자,여,18세,중상
2018112300100680,2018년 11월 23일 21시,금요일,전라남도 순천시 해룡면,경상사고,0,0,3,0,차대차 - 추돌,안전거리미확보,건조,맑음,단일로 - 기타,승합,남,50세,상해없음,승용,남,41세,경상
2018112300100706,2018년 11월 23일 22시,금요일,전라남도 순천시 조례동,경상사고,0,0,3,0,차대차 - 정면충돌,신호위반,건조,맑음,교차로 - 교차로안,승용,남,33세,경상,승용,남,22세,경상
2018112300100732,2018년 11월 23일 23시,금요일,전라남도 목포시 대양동,중상사고,0,1,0,0,차량단독 - 공작물충돌,안전운전불이행,건조,맑음,단일로 - 기타,승용,남,53세,중상,,,,
2018112400100233,2018년 11월 24일 09시,토요일,전라남도 해남군 산이면,중상사고,0,1,0,0,차대차 - 정면충돌,중앙선침범,건조,맑음,단일로 - 기타,화물,남,34세,상해없음,승용,여,47세,중상
2018112400100265,2018년 11월 24일 10시,토요일,전라남도 보성군 벌교읍,사망사고,1,0,0,0,차대차 - 측면충돌,안전운전불이행,건조,흐림,교차로 - 교차로안,이륜,남,82세,사망,승용,남,68세,상해없음
2018112400100296,2018년 11월 24일 11시,토요일,전라남도 나주시 남평읍,경상사고,0,0,3,0,차대차 - 추돌,신호위반,젖음/습기,비,교차로 - 교차로안,화물,남,67세,상해없음,승용,남,59세,경상
2018112400100337,2018년 11월 24일 12시,토요일,전라남도 완도군 고금면,중상사고,0,1,0,0,차대차 - 측면충돌,안전운전불이행,젖음/습기,흐림,교차로 - 교차로안,승용,여,56세,상해없음,승용,남,47세,중상
2018112400100425,2018년 11월 24일 15시,토요일,전라남도 여수시 돌산읍,경상사고,0,0,2,0,차대차 - 기타,안전거리미확보,건조,맑음,교차로 - 교차로부근,승용,남,38세,상해없음,승용,남,32세,경상
2018112400100451,2018년 11월 24일 16시,토요일,전라남도 영암군 신북면,경상사고,0,0,1,0,차량단독 - 공작물충돌,안전운전불이행,건조,맑음,단일로 - 기타,화물,남,52세,경상,,,,
2018112400100484,2018년 11월 24일 17시,토요일,전라남도 장성군 장성읍,경상사고,0,0,1,0,차대차 - 기타,안전운전불이행,건조,맑음,단일로 - 기타,승용,남,54세,상해없음,승용,남,25세,경상
2018112400100485,2018년 11월 24일 17시,토요일,전라남도 강진군 대구면,경상사고,0,0,2,0,차대차 - 기타,중앙선침범,건조,맑음,단일로 - 기타,승용,남,60세,상해없음,승용,여,23세,경상
2018112400100486,2018년 11월 24일 17시,토요일,전라남도 광양시 중동,경상사고,0,0,3,0,차대차 - 기타,안전운전불이행,건조,맑음,단일로 - 기타,승용,여,44세,상해없음,승합,여,35세,경상
2018112400100529,2018년 11월 24일 18시,토요일,전라남도 여수시 선원동,중상사고,0,1,1,0,차대차 - 추돌,안전운전불이행,건조,맑음,단일로 - 기타,승용,여,44세,상해없음,승용,남,28세,경상
2018112400100570,2018년 11월 24일 19시,토요일,전라남도 영광군 영광읍,경상사고,0,0,1,0,차대차 - 측면충돌,직진우회전진행방해,건조,맑음,교차로 - 교차로안,승합,남,49세,상해없음,이륜,남,58세,경상
2018112400100571,2018년 11월 24일 19시,토요일,전라남도 화순군 동복면,경상사고,0,0,1,0,차량단독 - 기타,안전운전불이행,건조,맑음,단일로 - 기타,이륜,남,53세,경상,,,,
2018112400100572,2018년 11월 24일 19시,토요일,전라남도 함평군 월야면,중상사고,0,4,1,0,차대차 - 추돌,안전운전불이행,젖음/습기,안개,단일로 - 기타,승용,남,69세,경상,화물,남,52세,중상
2018112400100699,2018년 11월 24일 23시,토요일,전라남도 완도군 금일읍,사망사고,1,0,0,0,차량단독 - 공작물충돌,안전운전불이행,건조,맑음,단일로 - 기타,이륜,남,35세,사망,,,,
2018112500100010,2018년 11월 25일 00시,일요일,전라남도 광양시 광영동,경상사고,0,0,2,0,차대차 - 추돌,안전운전불이행,건조,맑음,기타 - 기타,승용,남,30세,상해없음,승용,남,33세,경상
2018112500100042,2018년 11월 25일 03시,일요일,전라남도 순천시 해룡면,경상사고,0,0,2,0,차대차 - 추돌,안전거리미확보,기타,맑음,단일로 - 기타,승용,남,56세,상해없음,화물,남,33세,기타불명
2018112500100121,2018년 11월 25일 10시,일요일,전라남도 나주시 이창동,중상사고,0,1,0,0,차대차 - 측면충돌,직진우회전진행방해,건조,맑음,교차로 - 교차로안,승용,여,44세,상해없음,이륜,남,71세,중상
2018112500100141,2018년 11월 25일 11시,일요일,전라남도 광양시 광양읍,부상신고사고,0,0,0,2,차대차 - 기타,안전운전불이행,건조,맑음,단일로 - 기타,승합,남,47세,상해없음,승용,남,54세,부상신고
2018112500100204,2018년 11월 25일 14시,일요일,전라남도 목포시 상동,경상사고,0,0,1,0,차대사람 - 기타,안전운전불이행,건조,맑음,교차로 - 교차로안,승용,남,38세,상해없음,보행자,남,58세,경상
2018112500100205,2018년 11월 25일 14시,일요일,전라남도 목포시 상동,중상사고,0,1,0,0,차대차 - 기타,신호위반,건조,맑음,교차로 - 교차로안,승용,남,74세,상해없음,이륜,남,17세,중상
2018112500100206,2018년 11월 25일 14시,일요일,전라남도 여수시 여서동,경상사고,0,0,1,0,차대차 - 측면충돌,교차로운행방법위반,건조,맑음,교차로 - 교차로안,승용,여,43세,상해없음,승용,여,35세,경상
2018112500100267,2018년 11월 25일 16시,일요일,전라남도 순천시 서면,중상사고,0,2,1,0,차대차 - 측면충돌,안전운전불이행,건조,맑음,교차로 - 교차로안,화물,남,72세,상해없음,승용,남,29세,중상
2018112500100268,2018년 11월 25일 16시,일요일,전라남도 함평군 월야면,경상사고,0,0,2,0,차대차 - 측면충돌,직진우회전진행방해,건조,맑음,교차로 - 교차로안,승용,남,38세,상해없음,승용,남,66세,경상
2018112500100293,2018년 11월 25일 17시,일요일,전라남도 담양군 대전면,경상사고,0,0,3,0,차대차 - 기타,직진우회전진행방해,건조,맑음,교차로 - 교차로안,화물,남,64세,경상,승용,여,27세,경상
2018112500100324,2018년 11월 25일 18시,일요일,전라남도 나주시 빛가람동,경상사고,0,0,1,0,차대차 - 측면충돌,신호위반,건조,맑음,교차로 - 교차로안,승용,남,31세,상해없음,자전거,남,11세,경상
2018112500100325,2018년 11월 25일 18시,일요일,전라남도 보성군 벌교읍,경상사고,0,0,1,0,차대차 - 측면충돌,안전운전불이행,건조,맑음,단일로 - 기타,화물,남,42세,상해없음,자전거,남,51세,경상
2018112500100356,2018년 11월 25일 19시,일요일,전라남도 해남군 옥천면,경상사고,0,0,1,0,차대차 - 추돌,안전운전불이행,건조,맑음,단일로 - 기타,화물,남,52세,상해없음,건설기계,남,55세,경상
2018112500100357,2018년 11월 25일 19시,일요일,전라남도 보성군 벌교읍,중상사고,0,2,1,0,차대차 - 측면충돌,기타,건조,맑음,교차로 - 교차로안,승용,남,59세,경상,승용,여,31세,중상
2018112500100405,2018년 11월 25일 21시,일요일,전라남도 영광군 영광읍,경상사고,0,0,1,0,차대차 - 추돌,안전거리미확보,건조,맑음,교차로 - 교차로부근,승합,여,40세,상해없음,화물,남,62세,경상
2018112500100426,2018년 11월 25일 22시,일요일,전라남도 여수시 여서동,경상사고,0,0,1,0,차대차 - 측면충돌,안전운전불이행,건조,맑음,단일로 - 기타,승용,남,24세,상해없음,승용,여,29세,경상
2018112600100026,2018년 11월 26일 02시,월요일,전라남도 목포시 상동,중상사고,0,1,0,0,차대사람 - 횡단중,안전운전불이행,건조,맑음,단일로 - 기타,이륜,남,17세,상해없음,보행자,여,41세,중상
2018112600100069,2018년 11월 26일 06시,월요일,전라남도 영암군 삼호읍,경상사고,0,0,2,0,차대차 - 측면충돌,안전운전불이행,젖음/습기,안개,교차로 - 교차로안,승용,여,52세,경상,특수,남,50세,경상
2018112600100085,2018년 11월 26일 07시,월요일,전라남도 강진군 신전면,중상사고,0,1,0,0,차대차 - 측면충돌,교차로운행방법위반,건조,맑음,교차로 - 교차로안,이륜,여,61세,중상,승용,남,65세,상해없음
2018112600100086,2018년 11월 26일 07시,월요일,전라남도 무안군 일로읍,경상사고,0,0,1,0,차대차 - 기타,기타,젖음/습기,안개,교차로 - 교차로안,승용,여,52세,상해없음,이륜,남,56세,경상
2018112600100087,2018년 11월 26일 07시,월요일,전라남도 광양시 광양읍,경상사고,0,0,1,0,차대차 - 측면충돌,교차로운행방법위반,건조,맑음,교차로 - 교차로안,이륜,남,37세,경상,승용,남,50세,상해없음
2018112600100127,2018년 11월 26일 08시,월요일,전라남도 나주시 금천면,경상사고,0,0,2,0,차대차 - 추돌,안전거리미확보,젖음/습기,안개,단일로 - 기타,화물,남,46세,상해없음,승용,여,48세,경상
2018112600100128,2018년 11월 26일 08시,월요일,전라남도 보성군 노동면,중상사고,0,1,3,0,차대차 - 측면충돌,교차로운행방법위반,기타,안개,교차로 - 교차로안,화물,남,21세,경상,승합,남,56세,경상
2018112600100129,2018년 11월 26일 08시,월요일,전라남도 함평군 학교면,중상사고,0,1,0,1,차대차 - 측면충돌,안전거리미확보,건조,맑음,교차로 - 교차로안,승용,남,61세,부상신고,승용,여,24세,중상
2018112600100130,2018년 11월 26일 08시,월요일,전라남도 곡성군 옥과면,경상사고,0,0,1,1,차대차 - 측면충돌,직진우회전진행방해,젖음/습기,안개,교차로 - 교차로안,승용,남,64세,부상신고,승용,남,41세,경상
2018112600100264,2018년 11월 26일 12시,월요일,전라남도 무안군 청계면,경상사고,0,0,1,0,차대차 - 추돌,안전운전불이행,건조,맑음,단일로 - 기타,승용,여,60세,상해없음,승용,남,56세,경상
2018112600100301,2018년 11월 26일 13시,월요일,전라남도 나주시 중앙동,사망사고,1,0,0,0,차대사람 - 횡단중,안전운전불이행,건조,맑음,교차로 - 교차로안,승합,남,51세,상해없음,보행자,남,80세,사망
2018112600100302,2018년 11월 26일 13시,월요일,전라남도 나주시 왕곡면,중상사고,0,1,0,0,차대차 - 추돌,안전거리미확보,건조,맑음,단일로 - 기타,화물,남,63세,상해없음,농기계,남,64세,중상
2018112600100303,2018년 11월 26일 13시,월요일,전라남도 보성군 노동면,중상사고,0,1,0,0,차량단독 - 전도전복 - 전도,안전운전불이행,건조,맑음,교차로 - 교차로안,농기계,남,80세,중상,미분류,미분류,미분류,미분류
2018112600100304,2018년 11월 26일 13시,월요일,전라남도 보성군 벌교읍,중상사고,0,2,0,0,차대차 - 추돌,과속,건조,맑음,단일로 - 기타,화물,남,62세,상해없음,승용,여,41세,중상
2018112600100336,2018년 11월 26일 14시,월요일,전라남도 순천시 해룡면,경상사고,0,0,1,0,차대차 - 측면충돌,안전운전불이행,건조,맑음,단일로 - 기타,화물,남,56세,상해없음,이륜,남,29세,경상
2018112600100337,2018년 11월 26일 14시,월요일,전라남도 곡성군 옥과면,중상사고,0,1,0,0,차대차 - 정면충돌,직진우회전진행방해,건조,맑음,교차로 - 교차로안,화물,남,62세,상해없음,자전거,여,77세,중상
2018112600100373,2018년 11월 26일 15시,월요일,전라남도 나주시 산포면,경상사고,0,0,2,0,차대차 - 측면충돌,신호위반,건조,맑음,교차로 - 교차로안,이륜,남,80세,경상,이륜,여,54세,경상
2018112600100374,2018년 11월 26일 15시,월요일,전라남도 화순군 남면,중상사고,0,1,0,0,차대차 - 기타,교차로운행방법위반,건조,맑음,교차로 - 교차로부근,화물,남,71세,상해없음,자전거,여,77세,중상
2018112600100375,2018년 11월 26일 15시,월요일,전라남도 영암군 학산면,경상사고,0,0,1,0,차대차 - 추돌,안전운전불이행,건조,맑음,단일로 - 기타,화물,남,33세,상해없음,건설기계,남,26세,경상
2018112600100413,2018년 11월 26일 16시,월요일,전라남도 영암군 영암읍,경상사고,0,0,1,0,차대차 - 측면충돌,안전운전불이행,건조,맑음,단일로 - 기타,화물,남,35세,상해없음,승용,남,32세,경상
2018112600100414,2018년 11월 26일 16시,월요일,전라남도 완도군 금일읍,경상사고,0,0,1,0,차대차 - 측면충돌,안전운전불이행,건조,맑음,교차로 - 교차로안,승용,남,30세,상해없음,이륜,남,76세,경상
2018112600100460,2018년 11월 26일 17시,월요일,전라남도 목포시 석현동,경상사고,0,0,2,0,차대차 - 측면충돌,신호위반,건조,맑음,단일로 - 기타,승용,남,44세,경상,승용,남,38세,경상
2018112600100461,2018년 11월 26일 17시,월요일,전라남도 여수시 선원동,중상사고,0,1,0,0,차대사람 - 횡단중,안전운전불이행,건조,맑음,단일로 - 기타,승용,남,64세,상해없음,보행자,여,61세,중상
2018112600100516,2018년 11월 26일 18시,월요일,전라남도 순천시 용당동,경상사고,0,0,1,0,차대차 - 기타,안전거리미확보,건조,맑음,단일로 - 기타,건설기계,남,46세,상해없음,승용,여,37세,경상
2018112600100562,2018년 11월 26일 19시,월요일,전라남도 강진군 성전면,중상사고,0,1,0,0,차대사람 - 기타,안전운전불이행,건조,맑음,단일로 - 기타,승용,남,69세,상해없음,보행자,남,57세,중상
2018112600100590,2018년 11월 26일 20시,월요일,전라남도 영광군 홍농읍,중상사고,0,1,0,0,차대차 - 후진중충돌,안전운전불이행,건조,맑음,기타 - 기타,승용,남,40세,상해없음,승용,남,49세,중상
2018112600100616,2018년 11월 26일 21시,월요일,전라남도 목포시 산정동,경상사고,0,0,1,0,차대차 - 측면충돌,안전운전불이행,건조,맑음,단일로 - 기타,승용,남,25세,상해없음,자전거,남,53세,경상
2018112600100617,2018년 11월 26일 21시,월요일,전라남도 여수시 신기동,경상사고,0,0,1,0,차대차 - 측면충돌,신호위반,건조,맑음,교차로 - 교차로안,승용,남,63세,상해없음,승용,여,30세,경상
2018112700100033,2018년 11월 27일 04시,화요일,전라남도 여수시 학동,사망사고,1,0,0,0,차량단독 - 공작물충돌,안전운전불이행,건조,맑음,단일로 - 기타,승용,남,18세,사망,,,,
2018112700100054,2018년 11월 27일 06시,화요일,전라남도 여수시 미평동,중상사고,0,1,0,0,차대사람 - 횡단중,보행자보호의무위반,건조,맑음,교차로 - 교차로부근,승용,남,48세,상해없음,보행자,여,75세,중상
2018112700100055,2018년 11월 27일 06시,화요일,전라남도 장흥군 관산읍,중상사고,0,1,0,0,차대차 - 추돌,안전운전불이행,기타,안개,단일로 - 기타,승합,남,47세,상해없음,농기계,남,79세,중상
2018112700100081,2018년 11월 27일 07시,화요일,전라남도 목포시 용해동,경상사고,0,0,4,0,차대차 - 측면충돌,직진우회전진행방해,건조,맑음,교차로 - 교차로안,승용,여,47세,경상,승용,남,28세,경상
2018112700100082,2018년 11월 27일 07시,화요일,전라남도 영광군 법성면,중상사고,0,1,0,0,차대사람 - 기타,안전운전불이행,건조,맑음,기타 - 기타,승합,남,59세,상해없음,보행자,여,79세,중상
2018112700100118,2018년 11월 27일 08시,화요일,전라남도 순천시 조곡동,경상사고,0,0,1,0,차량단독 - 기타,안전운전불이행,건조,맑음,단일로 - 기타,승합,남,63세,상해없음,,,,
2018112700100119,2018년 11월 27일 08시,화요일,전라남도 순천시 덕암동,경상사고,0,0,1,0,차대차 - 측면충돌,신호위반,건조,맑음,교차로 - 교차로안,승용,여,45세,상해없음,승용,남,59세,경상
2018112700100120,2018년 11월 27일 08시,화요일,전라남도 해남군 옥천면,경상사고,0,0,2,0,차대차 - 추돌,안전운전불이행,젖음/습기,안개,단일로 - 기타,화물,남,38세,상해없음,화물,남,58세,경상
2018112700100121,2018년 11월 27일 08시,화요일,전라남도 보성군 벌교읍,경상사고,0,0,1,0,차량단독 - 공작물충돌,안전운전불이행,젖음/습기,안개,교차로 - 교차로부근,승용,남,27세,경상,,,,
2018112700100122,2018년 11월 27일 08시,화요일,전라남도 진도군 의신면,경상사고,0,0,4,0,차대차 - 추돌,안전운전불이행,젖음/습기,안개,단일로 - 기타,승용,여,49세,경상,농기계,남,70세,경상
2018112700100164,2018년 11월 27일 09시,화요일,전라남도 순천시 조례동,경상사고,0,0,2,0,차대차 - 추돌,안전거리미확보,건조,맑음,교차로 - 교차로부근,화물,남,79세,상해없음,승용,남,68세,경상
2018112700100165,2018년 11월 27일 09시,화요일,전라남도 순천시 장천동,경상사고,0,0,1,0,차대차 - 기타,안전운전불이행,건조,맑음,단일로 - 기타,승용,남,63세,상해없음,승용,남,60세,경상
2018112700100186,2018년 11월 27일 10시,화요일,전라남도 나주시 경현동,경상사고,0,0,2,0,차대차 - 기타,차로위반,건조,맑음,단일로 - 기타,화물,남,77세,상해없음,화물,남,52세,경상
2018112700100212,2018년 11월 27일 11시,화요일,전라남도 여수시 문수동,경상사고,0,0,3,0,차대차 - 측면충돌,차로위반,건조,맑음,교차로 - 교차로안,승용,남,72세,상해없음,승용,남,43세,경상
2018112700100213,2018년 11월 27일 11시,화요일,전라남도 보성군 회천면,중상사고,0,1,0,0,차대사람 - 기타,안전운전불이행,건조,맑음,단일로 - 기타,화물,남,55세,상해없음,보행자,여,76세,중상
2018112700100240,2018년 11월 27일 12시,화요일,전라남도 목포시 용당동,경상사고,0,0,2,0,차대차 - 추돌,안전운전불이행,건조,맑음,교차로 - 교차로부근,승용,여,50세,경상,승용,남,47세,경상
2018112700100241,2018년 11월 27일 12시,화요일,전라남도 순천시 동외동,경상사고,0,0,3,0,차대차 - 측면충돌,직진우회전진행방해,건조,맑음,교차로 - 교차로안,승용,여,38세,경상,승용,남,64세,경상
2018112700100263,2018년 11월 27일 13시,화요일,전라남도 목포시 산정동,경상사고,0,0,2,0,차대차 - 추돌,안전운전불이행,건조,맑음,단일로 - 기타,건설기계,남,59세,상해없음,승용,여,44세,경상
2018112700100264,2018년 11월 27일 13시,화요일,전라남도 순천시 해룡면,경상사고,0,0,1,0,차대차 - 측면충돌,교차로운행방법위반,건조,맑음,교차로 - 교차로안,승용,남,55세,상해없음,화물,남,52세,경상
2018112700100265,2018년 11월 27일 13시,화요일,전라남도 화순군 화순읍,중상사고,0,1,0,0,차대사람 - 횡단중,보행자보호의무위반,건조,맑음,교차로 - 교차로횡단보도내,화물,남,62세,상해없음,보행자,남,74세,중상
2018112700100266,2018년 11월 27일 13시,화요일,전라남도 함평군 대동면,경상사고,0,0,1,0,차대차 - 측면충돌,기타,건조,맑음,교차로 - 교차로안,건설기계,남,62세,상해없음,승용,여,64세,경상
2018112700100295,2018년 11월 27일 14시,화요일,전라남도 함평군 월야면,경상사고,0,0,1,0,차량단독 - 공작물충돌,안전운전불이행,건조,맑음,단일로 - 기타,화물,남,59세,경상,,,,
2018112700100320,2018년 11월 27일 15시,화요일,전라남도 여수시 교동,경상사고,0,0,1,0,차대차 - 추돌,안전운전불이행,건조,맑음,단일로 - 기타,승용,남,65세,상해없음,승용,남,36세,경상
2018112700100406,2018년 11월 27일 17시,화요일,전라남도 신안군 증도면,중상사고,0,2,0,0,차대차 - 추돌,안전운전불이행,건조,맑음,단일로 - 기타,화물,남,55세,중상,화물,남,60세,상해없음
2018112700100407,2018년 11월 27일 17시,화요일,전라남도 광양시 중동,경상사고,0,0,2,0,차대차 - 측면충돌,안전운전불이행,건조,맑음,교차로 - 교차로부근,승용,여,44세,경상,승용,남,32세,경상
2018112700100451,2018년 11월 27일 18시,화요일,전라남도 목포시 용해동,중상사고,0,1,3,0,차대차 - 측면충돌,안전운전불이행,건조,맑음,교차로 - 교차로안,이륜,남,74세,중상,승용,남,45세,경상
2018112700100452,2018년 11월 27일 18시,화요일,전라남도 보성군 복내면,중상사고,0,1,0,0,차량단독 - 공작물충돌,안전운전불이행,건조,맑음,단일로 - 기타,화물,여,61세,중상,,,,
2018112700100453,2018년 11월 27일 18시,화요일,전라남도 무안군 무안읍,경상사고,0,0,2,0,차대차 - 측면충돌,안전운전불이행,건조,맑음,교차로 - 교차로안,화물,남,56세,경상,승용,여,42세,경상
2018112700100502,2018년 11월 27일 19시,화요일,전라남도 나주시 대호동,경상사고,0,0,1,0,차대차 - 후진중충돌,안전운전불이행,건조,맑음,단일로 - 기타,승용,여,30세,상해없음,승용,남,28세,경상
2018112700100503,2018년 11월 27일 19시,화요일,전라남도 함평군 함평읍,경상사고,0,0,1,0,차대차 - 측면충돌,안전운전불이행,건조,맑음,단일로 - 기타,화물,여,72세,기타불명,이륜,남,78세,경상
2018112700100553,2018년 11월 27일 21시,화요일,전라남도 목포시 용당동,경상사고,0,0,2,0,차대차 - 측면충돌,안전운전불이행,건조,맑음,단일로 - 기타,승용,남,44세,경상,승용,여,33세,경상
2018112700100554,2018년 11월 27일 21시,화요일,전라남도 목포시 옥암동,경상사고,0,0,1,0,차대차 - 기타,안전운전불이행,건조,맑음,교차로 - 교차로부근,승용,남,48세,상해없음,승용,여,38세,경상
2018112700100597,2018년 11월 27일 23시,화요일,전라남도 담양군 대전면,경상사고,0,0,1,0,차대차 - 측면충돌,중앙선침범,건조,맑음,단일로 - 기타,승용,남,39세,상해없음,승용,여,25세,경상
2018112800100078,2018년 11월 28일 07시,수요일,전라남도 여수시 평여동,경상사고,0,0,1,0,차대차 - 측면충돌,중앙선침범,건조,맑음,단일로 - 기타,승용,남,34세,상해없음,이륜,남,29세,경상
2018112800100079,2018년 11월 28일 07시,수요일,전라남도 나주시 동수동,중상사고,0,2,0,0,차대차 - 측면충돌,안전운전불이행,건조,맑음,교차로 - 교차로부근,승용,남,52세,중상,화물,남,59세,중상
2018112800100113,2018년 11월 28일 08시,수요일,전라남도 영광군 염산면,경상사고,0,0,1,0,차대차 - 후진중충돌,안전운전불이행,건조,맑음,단일로 - 기타,화물,남,41세,상해없음,이륜,남,83세,경상
2018112800100158,2018년 11월 28일 09시,수요일,전라남도 여수시 국동,중상사고,0,1,0,0,차대사람 - 횡단중,안전운전불이행,건조,맑음,교차로 - 교차로부근,승용,여,63세,상해없음,보행자,여,40세,중상
2018112800100159,2018년 11월 28일 09시,수요일,전라남도 해남군 해남읍,경상사고,0,0,2,0,차대차 - 기타,신호위반,건조,맑음,교차로 - 교차로안,화물,남,44세,상해없음,화물,남,46세,경상
2018112800100228,2018년 11월 28일 11시,수요일,전라남도 곡성군 옥과면,경상사고,0,0,1,0,차대차 - 측면충돌,중앙선침범,건조,맑음,교차로 - 교차로부근,화물,남,60세,상해없음,이륜,남,35세,경상
2018112800100260,2018년 11월 28일 12시,수요일,전라남도 목포시 석현동,경상사고,0,0,1,0,차대차 - 기타,안전운전불이행,건조,맑음,단일로 - 기타,건설기계,남,56세,상해없음,승용,여,56세,경상
2018112800100261,2018년 11월 28일 12시,수요일,전라남도 영광군 영광읍,경상사고,0,0,1,0,차대차 - 측면충돌,안전운전불이행,건조,맑음,교차로 - 교차로안,승용,여,38세,경상,이륜,남,87세,상해없음
2018112800100291,2018년 11월 28일 13시,수요일,전라남도 목포시 산정동,경상사고,0,0,1,0,차대사람 - 기타,보행자보호의무위반,건조,맑음,교차로 - 교차로부근,화물,남,54세,상해없음,보행자,여,56세,경상
2018112800100292,2018년 11월 28일 13시,수요일,전라남도 고흥군 도양읍,경상사고,0,0,1,0,차대차 - 측면충돌,안전운전불이행,건조,맑음,단일로 - 기타,화물,여,74세,상해없음,자전거,남,72세,경상
2018112800100355,2018년 11월 28일 15시,수요일,전라남도 목포시 옥암동,경상사고,0,0,1,0,차대차 - 기타,직진우회전진행방해,건조,맑음,교차로 - 교차로안,승용,남,52세,상해없음,이륜,남,20세,경상
2018112800100356,2018년 11월 28일 15시,수요일,전라남도 나주시 다시면,경상사고,0,0,1,0,차대사람 - 기타,안전운전불이행,건조,맑음,단일로 - 기타,승용,여,66세,상해없음,보행자,여,90세 이상,경상
2018112800100392,2018년 11월 28일 16시,수요일,전라남도 담양군 담양읍,중상사고,0,2,1,0,차량단독 - 공작물충돌,안전운전불이행,건조,맑음,교차로 - 교차로부근,승용,남,80세,상해없음,,,,
2018112800100430,2018년 11월 28일 17시,수요일,전라남도 여수시 소호동,경상사고,0,0,1,0,차대차 - 기타,안전운전불이행,건조,맑음,교차로 - 교차로안,자전거,남,52세,경상,승용,여,43세,상해없음
2018112800100476,2018년 11월 28일 18시,수요일,전라남도 목포시 산정동,경상사고,0,0,1,0,차대사람 - 기타,안전운전불이행,건조,맑음,교차로 - 교차로부근,승용,남,52세,상해없음,보행자,남,25세,경상
2018112800100477,2018년 11월 28일 18시,수요일,전라남도 순천시 중앙동,중상사고,0,1,0,0,차대사람 - 차도통행중,보행자보호의무위반,건조,맑음,교차로 - 교차로횡단보도내,승합,남,56세,상해없음,보행자,남,13세,중상
2018112800100478,2018년 11월 28일 18시,수요일,전라남도 순천시 연향동,경상사고,0,0,1,0,차대차 - 측면충돌,직진우회전진행방해,건조,맑음,교차로 - 교차로안,승용,남,37세,상해없음,승용,여,42세,경상
2018112800100479,2018년 11월 28일 18시,수요일,전라남도 보성군 조성면,경상사고,0,0,3,0,차대차 - 추돌,안전거리미확보,건조,맑음,단일로 - 기타,승용,남,56세,상해없음,승용,남,38세,경상
2018112800100525,2018년 11월 28일 19시,수요일,전라남도 목포시 창평동,경상사고,0,0,1,0,차대차 - 기타,직진우회전진행방해,건조,맑음,교차로 - 교차로안,승용,남,59세,상해없음,자전거,여,60세,경상
2018112800100526,2018년 11월 28일 19시,수요일,전라남도 목포시 연산동,경상사고,0,0,3,0,차대차 - 기타,안전운전불이행,건조,맑음,단일로 - 기타,승용,남,47세,상해없음,승용,남,39세,경상