사고번호,사고일시,요일,시군구,사고내용,사망자수,중상자수,경상자수,부상신고자수,사고유형,법규위반,노면상태,기상상태,도로형태,가해운전자 차종,가해운전자 성별,가해운전자 연령,가해운전자 상해정도,피해운전자 차종,피해운전자 성별,피해운전자 연령,피해운전자 상해정도
2018112900100009,2018년 11월 29일 00시,목요일,전라남도 순천시 서면,경상사고,0,0,1,0,차대차 - 측면충돌,안전운전불이행,건조,맑음,단일로 - 기타,승용,남,42세,상해없음,승용,여,34세,경상
2018112900100020,2018년 11월 29일 01시,목요일,전라남도 여수시 둔덕동,중상사고,0,2,0,0,차량단독 - 기타,안전운전불이행,건조,맑음,단일로 - 기타,이륜,남,23세,중상,,,,
2018112900100021,2018년 11월 29일 01시,목요일,전라남도 순천시 조례동,경상사고,0,0,1,0,차량단독 - 공작물충돌,안전운전불이행,건조,맑음,교차로 - 교차로부근,승용,남,20세,상해없음,,,,
2018112900100037,2018년 11월 29일 03시,목요일,전라남도 여수시 학동,경상사고,0,0,1,0,차대사람 - 횡단중,보행자보호의무위반,건조,맑음,교차로 - 교차로횡단보도내,승용,남,31세,상해없음,보행자,여,24세,경상
2018112900100141,2018년 11월 29일 09시,목요일,전라남도 고흥군 고흥읍,중상사고,0,1,0,0,차대차 - 측면충돌,교차로운행방법위반,건조,맑음,교차로 - 교차로안,승용,남,54세,상해없음,이륜,남,86세,중상
2018112900100142,2018년 11월 29일 09시,목요일,전라남도 진도군 의신면,경상사고,0,0,1,0,차대사람 - 기타,안전운전불이행,건조,맑음,단일로 - 기타,화물,남,50세,상해없음,보행자,남,90세 이상,경상
2018112900100166,2018년 11월 29일 10시,목요일,전라남도 광양시 금호동,중상사고,0,2,0,0,차대차 - 측면충돌,교차로운행방법위반,건조,맑음,교차로 - 교차로안,건설기계,남,61세,상해없음,승용,남,42세,중상
2018112900100220,2018년 11월 29일 12시,목요일,전라남도 장흥군 장흥읍,중상사고,0,1,0,0,차대차 - 측면충돌,안전운전불이행,건조,맑음,교차로 - 교차로안,이륜,남,68세,중상,승용,여,35세,상해없음
2018112900100240,2018년 11월 29일 13시,목요일,전라남도 여수시 학동,경상사고,0,0,1,0,차대사람 - 기타,안전운전불이행,건조,맑음,단일로 - 기타,승용,남,67세,상해없음,보행자,여,56세,경상
2018112900100241,2018년 11월 29일 13시,목요일,전라남도 여수시 문수동,경상사고,0,0,1,0,차대차 - 기타,안전운전불이행,건조,맑음,단일로 - 기타,승용,남,45세,상해없음,승용,남,45세,경상
2018112900100295,2018년 11월 29일 15시,목요일,전라남도 목포시 상동,경상사고,0,0,1,0,차대차 - 측면충돌,안전운전불이행,건조,맑음,단일로 - 기타,승용,남,61세,상해없음,승용,여,41세,경상
2018112900100296,2018년 11월 29일 15시,목요일,전라남도 장흥군 장흥읍,중상사고,0,1,0,0,차량단독 - 공작물충돌,안전운전불이행,건조,맑음,교차로 - 교차로부근,화물,남,61세,중상,,,,
2018112900100297,2018년 11월 29일 15시,목요일,전라남도 고흥군 도양읍,경상사고,0,0,1,0,차대차 - 측면충돌,교차로운행방법위반,건조,맑음,교차로 - 교차로안,자전거,남,57세,경상,승용,여,49세,상해없음
2018112900100333,2018년 11월 29일 16시,목요일,전라남도 목포시 산정동,중상사고,0,1,0,0,차대사람 - 횡단중,보행자보호의무위반,건조,맑음,교차로 - 교차로횡단보도내,자전거,남,12세,상해없음,보행자,남,8세,중상
2018112900100377,2018년 11월 29일 17시,목요일,전라남도 고흥군 고흥읍,경상사고,0,0,1,0,차대사람 - 보도통행중,안전운전불이행,건조,맑음,교차로 - 교차로안,승용,남,47세,상해없음,보행자,여,9세,경상
2018112900100378,2018년 11월 29일 17시,목요일,전라남도 해남군 해남읍,중상사고,0,1,0,0,차대사람 - 기타,안전운전불이행,건조,맑음,기타 - 기타,승용,여,50세,상해없음,보행자,남,60세,중상
2018112900100379,2018년 11월 29일 17시,목요일,전라남도 영암군 삼호읍,경상사고,0,0,1,0,차대차 - 기타,안전운전불이행,건조,맑음,단일로 - 기타,이륜,남,76세,경상,승용,남,51세,기타불명
2018112900100425,2018년 11월 29일 18시,목요일,전라남도 목포시 상동,경상사고,0,0,3,0,차대차 - 기타,안전운전불이행,건조,맑음,교차로 - 교차로안,화물,남,42세,경상,승용,남,55세,상해없음
2018112900100426,2018년 11월 29일 18시,목요일,전라남도 목포시 상동,경상사고,0,0,3,0,차대차 - 기타,안전운전불이행,건조,맑음,교차로 - 교차로부근,승용,여,41세,경상,승용,남,32세,경상
2018112900100427,2018년 11월 29일 18시,목요일,전라남도 여수시 화장동,경상사고,0,0,2,0,차대차 - 추돌,안전운전불이행,건조,맑음,교차로 - 교차로안,승용,남,33세,상해없음,승용,남,53세,경상
2018112900100428,2018년 11월 29일 18시,목요일,전라남도 화순군 능주면,경상사고,0,0,1,0,차대차 - 추돌,안전운전불이행,건조,맑음,단일로 - 기타,화물,남,65세,경상,건설기계,남,51세,상해없음
2018112900100467,2018년 11월 29일 19시,목요일,전라남도 담양군 대덕면,사망사고,1,0,0,0,차대사람 - 횡단중,안전운전불이행,건조,맑음,단일로 - 기타,승용,남,60세,상해없음,보행자,여,83세,사망
2018112900100499,2018년 11월 29일 20시,목요일,전라남도 여수시 선원동,경상사고,0,0,2,0,차대차 - 측면충돌,신호위반,건조,맑음,교차로 - 교차로안,승용,여,51세,경상,승용,여,73세,경상
2018112900100500,2018년 11월 29일 20시,목요일,전라남도 순천시 연향동,중상사고,0,1,0,0,차대차 - 측면충돌,안전운전불이행,건조,맑음,단일로 - 기타,승용,남,53세,상해없음,이륜,남,38세,중상
2018113000100100,2018년 11월 30일 07시,금요일,전라남도 신안군 팔금면,경상사고,0,0,1,0,차대차 - 기타,안전운전불이행,건조,맑음,단일로 - 기타,승합,남,35세,상해없음,화물,남,42세,경상
2018113000100161,2018년 11월 30일 09시,금요일,전라남도 장흥군 안양면,중상사고,0,1,0,0,차대차 - 측면충돌,직진우회전진행방해,건조,맑음,교차로 - 교차로안,화물,남,65세,상해없음,사륜오토바이(ATV),남,74세,중상
2018113000100162,2018년 11월 30일 09시,금요일,전라남도 완도군 노화읍,경상사고,0,0,1,0,차대사람 - 기타,안전운전불이행,건조,맑음,단일로 - 기타,화물,남,70세,상해없음,보행자,여,76세,경상
2018113000100195,2018년 11월 30일 10시,금요일,전라남도 여수시 학동,중상사고,0,1,0,0,차대차 - 측면충돌,교차로운행방법위반,건조,맑음,교차로 - 교차로안,승용,남,65세,상해없음,승용,여,49세,중상
2018113000100196,2018년 11월 30일 10시,금요일,전라남도 고흥군 두원면,중상사고,0,3,2,0,차량단독 - 공작물충돌,안전운전불이행,건조,맑음,단일로 - 기타,화물,남,71세,경상,,,,
2018113000100225,2018년 11월 30일 11시,금요일,전라남도 목포시 상동,경상사고,0,0,2,0,차대차 - 기타,차로위반,건조,맑음,단일로 - 기타,승용,여,61세,상해없음,승용,여,28세,경상
2018113000100226,2018년 11월 30일 11시,금요일,전라남도 담양군 무정면,경상사고,0,0,1,0,차대차 - 기타,안전운전불이행,건조,맑음,단일로 - 기타,승용,여,38세,경상,승용,남,45세,기타불명
2018113000100260,2018년 11월 30일 12시,금요일,전라남도 목포시 산정동,경상사고,0,0,1,0,차대차 - 측면충돌,신호위반,건조,맑음,교차로 - 교차로안,승합,남,58세,상해없음,승용,남,41세,경상
2018113000100261,2018년 11월 30일 12시,금요일,전라남도 순천시 해룡면,중상사고,0,1,3,0,차대차 - 정면충돌,안전운전불이행,건조,맑음,단일로 - 기타,이륜,남,73세,중상,승용,남,72세,경상
2018113000100295,2018년 11월 30일 13시,금요일,전라남도 여수시 학동,중상사고,0,1,0,0,차대차 - 측면충돌,교차로운행방법위반,건조,맑음,교차로 - 교차로안,승용,여,43세,상해없음,이륜,남,22세,중상
2018113000100296,2018년 11월 30일 13시,금요일,전라남도 완도군 고금면,중상사고,0,2,0,0,차량단독 - 공작물충돌,안전운전불이행,건조,맑음,단일로 - 기타,화물,여,69세,중상,,,,
2018113000100325,2018년 11월 30일 14시,금요일,전라남도 신안군 지도읍,경상사고,0,0,1,0,차대차 - 기타,안전운전불이행,건조,맑음,단일로 - 기타,승용,남,63세,상해없음,승용,여,31세,경상
2018113000100326,2018년 11월 30일 14시,금요일,전라남도 여수시 학동,경상사고,0,0,1,0,차대차 - 추돌,안전운전불이행,건조,맑음,단일로 - 기타,화물,남,47세,상해없음,승용,남,42세,경상
2018113000100327,2018년 11월 30일 14시,금요일,전라남도 강진군 강진읍,중상사고,0,1,0,0,차대차 - 측면충돌,신호위반,건조,맑음,교차로 - 교차로안,승용,남,55세,중상,승용,여,41세,상해없음
2018113000100368,2018년 11월 30일 15시,금요일,전라남도 목포시 상동,중상사고,0,1,0,0,차대차 - 기타,신호위반,건조,맑음,교차로 - 교차로안,승용,남,62세,상해없음,이륜,남,19세,중상
2018113000100369,2018년 11월 30일 15시,금요일,전라남도 해남군 북평면,경상사고,0,0,3,0,차대차 - 측면충돌,신호위반,건조,맑음,교차로 - 교차로안,화물,남,20세,경상,승용,남,65세,경상
2018113000100370,2018년 11월 30일 15시,금요일,전라남도 강진군 성전면,중상사고,0,1,3,0,차대차 - 추돌,안전운전불이행,건조,맑음,교차로 - 교차로안,화물,남,54세,상해없음,승용,남,76세,경상
2018113000100399,2018년 11월 30일 16시,금요일,전라남도 목포시 산정동,경상사고,0,0,2,0,차대차 - 측면충돌,신호위반,건조,맑음,교차로 - 교차로안,승용,남,78세,경상,승용,남,37세,경상
2018113000100400,2018년 11월 30일 16시,금요일,전라남도 목포시 옥암동,경상사고,0,0,1,0,차대차 - 추돌,안전운전불이행,건조,맑음,단일로 - 기타,승합,남,34세,상해없음,승용,여,40세,경상
2018113000100401,2018년 11월 30일 16시,금요일,전라남도 나주시 공산면,경상사고,0,0,2,0,차대차 - 측면충돌,직진우회전진행방해,건조,맑음,교차로 - 교차로안,승용,남,60세,경상,승용,남,28세,경상
2018113000100402,2018년 11월 30일 16시,금요일,전라남도 화순군 능주면,부상신고사고,0,0,0,2,차량단독 - 공작물충돌,안전운전불이행,건조,맑음,단일로 - 기타,승용,남,34세,부상신고,,,,
2018113000100455,2018년 11월 30일 17시,금요일,전라남도 목포시 죽교동,경상사고,0,0,1,0,차대사람 - 기타,안전운전불이행,건조,맑음,단일로 - 기타,기타불명,기타불명,미분류,기타불명,보행자,여,37세,경상
2018113000100456,2018년 11월 30일 17시,금요일,전라남도 여수시 봉계동,중상사고,0,1,0,0,차대사람 - 길가장자리구역통행중,안전운전불이행,건조,맑음,단일로 - 기타,이륜,남,25세,상해없음,보행자,남,43세,중상
2018113000100457,2018년 11월 30일 17시,금요일,전라남도 순천시 연향동,중상사고,0,1,0,0,차대사람 - 횡단중,보행자보호의무위반,건조,맑음,교차로 - 교차로횡단보도내,승용,남,33세,상해없음,보행자,여,13세,중상
2018113000100522,2018년 11월 30일 18시,금요일,전라남도 목포시 옥암동,경상사고,0,0,2,0,차대차 - 측면충돌,차로위반,건조,기타,단일로 - 기타,승용,여,43세,경상,승용,남,39세,경상
2018113000100523,2018년 11월 30일 18시,금요일,전라남도 영암군 삼호읍,경상사고,0,0,2,0,차대차 - 측면충돌,안전운전불이행,건조,맑음,교차로 - 교차로안,승용,여,25세,경상,승용,남,36세,경상
2018113000100524,2018년 11월 30일 18시,금요일,전라남도 광양시 중동,중상사고,0,1,0,0,차대차 - 측면충돌,신호위반,건조,맑음,교차로 - 교차로안,승용,남,52세,상해없음,이륜,남,25세,중상
2018113000100650,2018년 11월 30일 21시,금요일,전라남도 목포시 상동,경상사고,0,0,3,0,차대차 - 측면충돌,안전거리미확보,건조,맑음,단일로 - 기타,승용,여,45세,경상,승용,남,30세,경상
2018113000100651,2018년 11월 30일 21시,금요일,전라남도 여수시 충무동,중상사고,0,1,1,0,차대사람 - 횡단중,안전운전불이행,건조,맑음,단일로 - 기타,원동기,남,18세,상해없음,보행자,여,63세,중상
2018113000100652,2018년 11월 30일 21시,금요일,전라남도 영암군 삼호읍,경상사고,0,0,1,0,차대차 - 측면충돌,안전운전불이행,건조,맑음,교차로 - 교차로안,승용,남,62세,경상,승용,여,48세,상해없음
2018113000100692,2018년 11월 30일 22시,금요일,전라남도 목포시 연산동,경상사고,0,0,1,0,차대차 - 측면충돌,중앙선침범,건조,맑음,단일로 - 기타,승용,여,47세,상해없음,이륜,남,21세,경상
2018113000100693,2018년 11월 30일 22시,금요일,전라남도 완도군 소안면,경상사고,0,0,1,0,차량단독 - 공작물충돌,기타,건조,맑음,단일로 - 기타,화물,남,33세,경상,,,,
2018113000100724,2018년 11월 30일 23시,금요일,전라남도 여수시 오림동,중상사고,0,1,0,0,차량단독 - 기타,안전운전불이행,건조,맑음,주차장 - 주차장,승용,남,21세,상해없음,,,,
2018113000100725,2018년 11월 30일 23시,금요일,전라남도 순천시 매곡동,경상사고,0,0,2,0,차대차 - 추돌,안전운전불이행,건조,맑음,단일로 - 기타,승용,남,48세,상해없음,승용,남,36세,경상
2018120100100052,2018년 12월 1일 02시,토요일,전라남도 여수시 미평동,경상사고,0,0,1,0,차대차 - 측면충돌,신호위반,건조,맑음,교차로 - 교차로안,승용,남,26세,상해없음,승용,남,34세,경상
2018120100100072,2018년 12월 1일 04시,토요일,전라남도 여수시 신월동,중상사고,0,1,0,0,차대사람 - 횡단중,안전운전불이행,건조,맑음,단일로 - 기타,화물,남,58세,상해없음,보행자,남,53세,중상
2018120100100121,2018년 12월 1일 07시,토요일,전라남도 해남군 해남읍,경상사고,0,0,3,0,차대차 - 측면충돌,신호위반,건조,맑음,교차로 - 교차로안,승용,여,39세,경상,승용,여,54세,경상
2018120100100134,2018년 12월 1일 08시,토요일,전라남도 해남군 해남읍,중상사고,0,1,0,0,차대차 - 측면충돌,신호위반,건조,맑음,교차로 - 교차로안,화물,여,53세,기타불명,승용,여,55세,중상
2018120100100135,2018년 12월 1일 08시,토요일,전라남도 무안군 청계면,경상사고,0,0,6,0,차대차 - 추돌,과속,건조,맑음,교차로 - 교차로부근,승용,남,35세,경상,승용,남,56세,경상
2018120100100158,2018년 12월 1일 09시,토요일,전라남도 여수시 신기동,경상사고,0,0,1,0,차대차 - 측면충돌,안전운전불이행,건조,맑음,교차로 - 교차로안,승용,여,65세,상해없음,승용,남,28세,경상
2018120100100206,2018년 12월 1일 11시,토요일,전라남도 무안군 삼향읍,중상사고,0,1,0,0,차대사람 - 기타,안전운전불이행,건조,맑음,기타 - 기타,승용,남,62세,상해없음,보행자,남,30세,중상
2018120100100238,2018년 12월 1일 12시,토요일,전라남도 여수시 율촌면,경상사고,0,0,1,0,차대차 - 기타,차로위반,건조,맑음,단일로 - 기타,승용,여,41세,상해없음,승용,남,37세,경상
2018120100100239,2018년 12월 1일 12시,토요일,전라남도 나주시 산포면,경상사고,0,0,1,0,차대사람 - 횡단중,안전운전불이행,건조,맑음,단일로 - 기타,승용,남,38세,상해없음,보행자,남,56세,경상
2018120100100240,2018년 12월 1일 12시,토요일,전라남도 영암군 삼호읍,경상사고,0,0,1,0,차대차 - 측면충돌,기타,건조,맑음,교차로 - 교차로안,승용,남,45세,상해없음,화물,남,58세,경상
2018120100100319,2018년 12월 1일 14시,토요일,전라남도 신안군 압해읍,중상사고,0,1,0,0,차대차 - 기타,안전운전불이행,건조,맑음,교차로 - 교차로안,화물,남,49세,상해없음,농기계,남,80세,중상
2018120100100320,2018년 12월 1일 14시,토요일,전라남도 여수시 적량동,경상사고,0,0,1,0,차대차 - 측면충돌,차로위반,건조,맑음,단일로 - 기타,승용,남,46세,상해없음,승용,남,35세,경상
2018120100100321,2018년 12월 1일 14시,토요일,전라남도 나주시 이창동,중상사고,0,1,0,0,차대차 - 측면충돌,직진우회전진행방해,건조,맑음,교차로 - 교차로안,승용,남,76세,상해없음,승용,여,36세,중상
2018120100100322,2018년 12월 1일 14시,토요일,전라남도 보성군 득량면,경상사고,0,0,1,0,차대사람 - 기타,안전운전불이행,건조,맑음,기타 - 기타,승용,남,69세,상해없음,보행자,남,55세,경상
2018120100100359,2018년 12월 1일 15시,토요일,전라남도 고흥군 도양읍,중상사고,0,1,0,0,차대차 - 기타,안전운전불이행,건조,맑음,교차로 - 교차로안,특수,남,52세,상해없음,이륜,남,67세,중상
2018120100100360,2018년 12월 1일 15시,토요일,전라남도 화순군 능주면,경상사고,0,0,2,1,차대차 - 측면충돌,직진우회전진행방해,건조,맑음,교차로 - 교차로안,승용,남,74세,부상신고,승용,남,45세,경상
2018120100100398,2018년 12월 1일 16시,토요일,전라남도 여수시 학동,중상사고,0,1,0,0,차대사람 - 길가장자리구역통행중,안전운전불이행,건조,맑음,단일로 - 기타,승용,남,46세,상해없음,보행자,여,49세,중상
2018120100100429,2018년 12월 1일 17시,토요일,전라남도 구례군 구례읍,중상사고,0,1,0,0,차대사람 - 횡단중,과속,건조,맑음,단일로 - 기타,승용,남,50세,상해없음,보행자,여,86세,중상
2018120100100515,2018년 12월 1일 19시,토요일,전라남도 순천시 풍덕동,경상사고,0,0,2,0,차대차 - 측면충돌,직진우회전진행방해,건조,맑음,교차로 - 교차로안,이륜,남,58세,경상,승용,남,37세,경상
2018120100100516,2018년 12월 1일 19시,토요일,전라남도 강진군 강진읍,경상사고,0,0,1,0,차대차 - 측면충돌,안전운전불이행,건조,맑음,교차로 - 교차로안,승용,여,46세,상해없음,승용,여,44세,경상
2018120100100568,2018년 12월 1일 21시,토요일,전라남도 목포시 상동,경상사고,0,0,1,0,차대차 - 후진중충돌,안전운전불이행,건조,맑음,단일로 - 기타,승용,남,46세,상해없음,승용,여,27세,경상
2018120200100021,2018년 12월 2일 01시,일요일,전라남도 여수시 남산동,경상사고,0,0,1,0,차량단독 - 기타,안전운전불이행,건조,맑음,단일로 - 교량,승용,남,61세,상해없음,,,,
2018120200100143,2018년 12월 2일 11시,일요일,전라남도 강진군 강진읍,중상사고,0,2,0,0,차대차 - 추돌,기타,건조,맑음,단일로 - 기타,승용,남,68세,상해없음,원동기,남,74세,중상
2018120200100144,2018년 12월 2일 11시,일요일,전라남도 광양시 중동,경상사고,0,0,2,0,차대차 - 측면충돌,안전운전불이행,건조,맑음,교차로 - 교차로안,이륜,남,54세,경상,승용,여,49세,경상
2018120200100181,2018년 12월 2일 13시,일요일,전라남도 순천시 조례동,경상사고,0,0,1,0,차대사람 - 횡단중,안전운전불이행,건조,맑음,단일로 - 기타,기타불명,기타불명,미분류,기타불명,보행자,남,34세,경상
2018120200100182,2018년 12월 2일 13시,일요일,전라남도 영암군 삼호읍,경상사고,0,0,1,0,차대차 - 추돌,안전운전불이행,건조,맑음,단일로 - 기타,승용,여,35세,상해없음,승용,남,46세,경상
2018120200100183,2018년 12월 2일 13시,일요일,전라남도 영암군 삼호읍,중상사고,0,1,0,0,차대차 - 측면충돌,신호위반,건조,맑음,교차로 - 교차로안,이륜,남,79세,중상,화물,남,74세,상해없음
2018120200100184,2018년 12월 2일 13시,일요일,전라남도 광양시 광양읍,경상사고,0,0,2,0,차대차 - 측면충돌,안전운전불이행,건조,맑음,단일로 - 기타,승용,남,76세,상해없음,승용,여,53세,경상
2018120200100215,2018년 12월 2일 14시,일요일,전라남도 순천시 조곡동,경상사고,0,0,1,0,차대차 - 측면충돌,교차로운행방법위반,건조,맑음,교차로 - 교차로안,승용,남,68세,상해없음,화물,남,72세,경상
2018120200100216,2018년 12월 2일 14시,일요일,전라남도 영광군 영광읍,중상사고,0,1,0,0,차대차 - 기타,안전운전불이행,건조,맑음,교차로 - 교차로부근,승용,남,52세,상해없음,이륜,여,57세,중상
2018120200100246,2018년 12월 2일 15시,일요일,전라남도 순천시 연향동,경상사고,0,0,1,0,차대사람 - 차도통행중,안전운전불이행,건조,맑음,단일로 - 기타,승용,여,60세,상해없음,보행자,여,71세,경상
2018120200100268,2018년 12월 2일 16시,일요일,전라남도 목포시 상동,경상사고,0,0,1,0,차대차 - 기타,안전운전불이행,건조,맑음,단일로 - 기타,승용,남,28세,상해없음,승용,남,51세,경상
2018120200100269,2018년 12월 2일 16시,일요일,전라남도 나주시 산포면,경상사고,0,0,4,0,차대차 - 측면충돌,안전운전불이행,건조,맑음,단일로 - 기타,승용,여,54세,상해없음,승용,여,38세,경상
2018120200100270,2018년 12월 2일 16시,일요일,전라남도 영광군 영광읍,경상사고,0,0,1,0,차대차 - 측면충돌,직진우회전진행방해,건조,맑음,교차로 - 교차로안,화물,남,60세,상해없음,승용,여,32세,경상
2018120200100301,2018년 12월 2일 17시,일요일,전라남도 광양시 중동,중상사고,0,2,1,0,차대차 - 측면충돌,교차로운행방법위반,건조,맑음,교차로 - 교차로안,승용,남,58세,상해없음,승용,남,42세,중상
2018120200100328,2018년 12월 2일 18시,일요일,전라남도 순천시 연향동,경상사고,0,0,2,0,차대차 - 측면충돌,안전운전불이행,젖음/습기,비,단일로 - 기타,화물,남,74세,상해없음,승용,남,61세,경상
2018120200100329,2018년 12월 2일 18시,일요일,전라남도 순천시 해룡면,경상사고,0,0,1,0,차대차 - 측면충돌,중앙선침범,젖음/습기,비,단일로 - 기타,승용,남,29세,상해없음,자전거,남,14세,경상
2018120200100330,2018년 12월 2일 18시,일요일,전라남도 곡성군 옥과면,중상사고,0,1,0,0,차대차 - 측면충돌,직진우회전진행방해,건조,맑음,교차로 - 교차로안,승용,남,45세,상해없음,자전거,남,10세,중상
2018120200100420,2018년 12월 2일 21시,일요일,전라남도 광양시 광양읍,경상사고,0,0,1,0,차대사람 - 기타,기타,건조,맑음,단일로 - 기타,승합,남,56세,상해없음,보행자,여,25세,경상
2018120200100438,2018년 12월 2일 22시,일요일,전라남도 구례군 마산면,사망사고,1,0,0,0,차대사람 - 차도통행중,안전운전불이행,건조,맑음,단일로 - 기타,화물,남,60세,상해없음,보행자,남,54세,사망
2018120300100043,2018년 12월 3일 05시,월요일,전라남도 여수시 덕충동,경상사고,0,0,1,0,차대차 - 측면충돌,신호위반,젖음/습기,비,교차로 - 교차로안,승용,남,47세,상해없음,승용,남,50세,경상
2018120300100088,2018년 12월 3일 07시,월요일,전라남도 여수시 학동,경상사고,0,0,2,0,차대차 - 측면충돌,교차로운행방법위반,젖음/습기,비,교차로 - 교차로안,승용,남,61세,상해없음,승합,남,65세,경상
2018120300100089,2018년 12월 3일 07시,월요일,전라남도 영암군 삼호읍,중상사고,0,1,0,0,차대사람 - 기타,안전운전불이행,건조,맑음,교차로 - 교차로안,승용,여,63세,상해없음,보행자,남,73세,중상
2018120300100124,2018년 12월 3일 08시,월요일,전라남도 목포시 죽교동,경상사고,0,0,1,0,차대차 - 측면충돌,안전운전불이행,건조,맑음,단일로 - 기타,승용,여,48세,상해없음,승용,남,41세,경상
2018120300100125,2018년 12월 3일 08시,월요일,전라남도 목포시 죽교동,경상사고,0,0,1,0,차대사람 - 기타,안전운전불이행,건조,맑음,교차로 - 교차로부근,승용,여,44세,상해없음,보행자,여,15세,경상
2018120300100126,2018년 12월 3일 08시,월요일,전라남도 구례군 구례읍,경상사고,0,0,1,0,차대사람 - 횡단중,안전운전불이행,젖음/습기,비,교차로 - 교차로안,화물,남,83세,상해없음,보행자,여,68세,경상
2018120300100160,2018년 12월 3일 09시,월요일,전라남도 목포시 산정동,경상사고,0,0,1,0,차대차 - 측면충돌,안전운전불이행,젖음/습기,흐림,단일로 - 기타,승용,남,76세,상해없음,승용,여,43세,경상
2018120300100161,2018년 12월 3일 09시,월요일,전라남도 순천시 조례동,중상사고,0,1,1,0,차대차 - 측면충돌,신호위반,건조,맑음,교차로 - 교차로안,승용,남,61세,상해없음,승용,남,52세,경상
2018120300100199,2018년 12월 3일 10시,월요일,전라남도 나주시 왕곡면,경상사고,0,0,1,0,차대차 - 후진중충돌,안전운전불이행,건조,맑음,단일로 - 기타,화물,남,69세,상해없음,승용,남,58세,경상
2018120300100201,2018년 12월 3일 10시,월요일,전라남도 완도군 노화읍,경상사고,0,0,1,0,차대차 - 정면충돌,안전운전불이행,건조,맑음,단일로 - 기타,화물,남,76세,상해없음,농기계,남,76세,경상
2018120300100254,2018년 12월 3일 12시,월요일,전라남도 순천시 덕암동,중상사고,0,1,0,0,차대사람 - 기타,안전운전불이행,건조,맑음,단일로 - 기타,기타불명,기타불명,미분류,기타불명,보행자,여,70세,중상
2018120300100255,2018년 12월 3일 12시,월요일,전라남도 고흥군 금산면,경상사고,0,0,2,0,차대차 - 측면충돌,교차로운행방법위반,건조,맑음,교차로 - 교차로안,승용,남,54세,경상,화물,남,43세,경상
2018120300100285,2018년 12월 3일 13시,월요일,전라남도 신안군 지도읍,경상사고,0,0,1,0,차대차 - 측면충돌,안전운전불이행,건조,맑음,교차로 - 교차로안,화물,남,59세,상해없음,승용,남,70세,경상
2018120300100318,2018년 12월 3일 14시,월요일,전라남도 목포시 산정동,경상사고,0,0,6,0,차대차 - 측면충돌,안전운전불이행,건조,맑음,교차로 - 교차로안,승합,여,71세,상해없음,승용,남,71세,경상
2018120300100319,2018년 12월 3일 14시,월요일,전라남도 나주시 공산면,경상사고,0,0,2,0,차대차 - 측면충돌,신호위반,건조,맑음,교차로 - 교차로안,승용,여,46세,경상,승용,남,34세,경상
2018120300100320,2018년 12월 3일 14시,월요일,전라남도 장흥군 부산면,중상사고,0,2,1,0,차대차 - 정면충돌,중앙선침범,젖음/습기,비,단일로 - 기타,승용,여,62세,경상,승용,남,72세,중상
2018120300100321,2018년 12월 3일 14시,월요일,전라남도 보성군 회천면,중상사고,0,1,0,0,차량단독 - 공작물충돌,안전운전불이행,젖음/습기,흐림,단일로 - 기타,화물,남,68세,중상,,,,
2018120300100350,2018년 12월 3일 15시,월요일,전라남도 해남군 해남읍,경상사고,0,0,1,0,차대사람 - 기타,안전운전불이행,건조,맑음,교차로 - 교차로부근,승용,남,75세,상해없음,보행자,여,64세,경상
2018120300100351,2018년 12월 3일 15시,월요일,전라남도 영암군 삼호읍,중상사고,0,1,0,0,차대차 - 기타,신호위반,건조,맑음,단일로 - 기타,화물,남,67세,상해없음,승용,남,46세,중상
2018120300100389,2018년 12월 3일 16시,월요일,전라남도 여수시 여서동,경상사고,0,0,1,0,차대차 - 측면충돌,안전운전불이행,젖음/습기,비,교차로 - 교차로안,승용,남,46세,상해없음,이륜,남,24세,경상
2018120300100390,2018년 12월 3일 16시,월요일,전라남도 순천시 덕암동,경상사고,0,0,1,0,차대사람 - 차도통행중,안전운전불이행,건조,맑음,단일로 - 기타,화물,남,48세,상해없음,보행자,남,31세,경상
2018120300100434,2018년 12월 3일 17시,월요일,전라남도 여수시 문수동,경상사고,0,0,2,0,차대차 - 기타,안전운전불이행,건조,맑음,단일로 - 기타,승용,남,50세,상해없음,승용,남,31세,경상
2018120300100435,2018년 12월 3일 17시,월요일,전라남도 보성군 보성읍,경상사고,0,0,1,0,차대사람 - 기타,안전운전불이행,건조,맑음,단일로 - 기타,승용,여,32세,상해없음,보행자,여,34세,경상
2018120300100436,2018년 12월 3일 17시,월요일,전라남도 곡성군 곡성읍,경상사고,0,0,2,0,차대차 - 측면충돌,신호위반,젖음/습기,흐림,교차로 - 교차로안,승용,남,59세,경상,화물,남,73세,경상
2018120300100437,2018년 12월 3일 17시,월요일,전라남도 무안군 해제면,중상사고,0,2,1,0,차대차 - 정면충돌,중앙선침범,젖음/습기,비,단일로 - 기타,승용,여,43세,경상,화물,남,62세,중상
2018120300100495,2018년 12월 3일 18시,월요일,전라남도 보성군 득량면,경상사고,0,0,1,0,차대차 - 측면충돌,안전운전불이행,젖음/습기,흐림,교차로 - 교차로안,승용,여,37세,상해없음,승용,남,58세,경상