사고번호,사고일시,요일,시군구,사고내용,사망자수,중상자수,경상자수,부상신고자수,사고유형,법규위반,노면상태,기상상태,도로형태,가해운전자 차종,가해운전자 성별,가해운전자 연령,가해운전자 상해정도,피해운전자 차종,피해운전자 성별,피해운전자 연령,피해운전자 상해정도
2018120700100605,2018년 12월 7일 20시,금요일,전라남도 여수시 봉계동,경상사고,0,0,1,0,차대차 - 추돌,안전운전불이행,건조,맑음,교차로 - 교차로부근,승용,남,23세,상해없음,승용,여,43세,경상
2018120700100682,2018년 12월 7일 22시,금요일,전라남도 목포시 산정동,경상사고,0,0,1,0,차대차 - 추돌,안전운전불이행,기타,눈,교차로 - 교차로부근,승용,남,43세,상해없음,승용,여,45세,경상
2018120700100683,2018년 12월 7일 22시,금요일,전라남도 여수시 미평동,경상사고,0,0,5,0,차대차 - 측면충돌,안전운전불이행,건조,맑음,기타 - 기타,승용,남,41세,상해없음,승용,여,43세,경상
2018120800100062,2018년 12월 8일 03시,토요일,전라남도 나주시 빛가람동,경상사고,0,0,1,0,차대차 - 추돌,안전거리미확보,건조,맑음,교차로 - 교차로부근,승용,남,47세,상해없음,승용,남,24세,경상
2018120800100097,2018년 12월 8일 06시,토요일,전라남도 해남군 북평면,중상사고,0,1,0,0,차대사람 - 기타,안전운전불이행,건조,맑음,기타 - 기타,화물,남,36세,상해없음,보행자,남,62세,중상
2018120800100148,2018년 12월 8일 09시,토요일,전라남도 해남군 삼산면,중상사고,0,1,0,0,차량단독 - 공작물충돌,안전운전불이행,서리/결빙,눈,단일로 - 기타,승용,여,49세,중상,,,,
2018120800100149,2018년 12월 8일 09시,토요일,전라남도 해남군 화산면,중상사고,0,1,1,0,차량단독 - 공작물충돌,안전운전불이행,서리/결빙,눈,단일로 - 터널,승용,남,53세,경상,,,,
2018120800100150,2018년 12월 8일 09시,토요일,전라남도 강진군 군동면,중상사고,0,1,3,0,차대차 - 측면충돌,안전운전불이행,서리/결빙,눈,단일로 - 기타,화물,남,54세,상해없음,승용,남,50세,경상
2018120800100177,2018년 12월 8일 10시,토요일,전라남도 나주시 왕곡면,경상사고,0,0,3,0,차대차 - 추돌,안전거리미확보,기타,눈,교차로 - 교차로부근,승용,남,27세,경상,승용,남,35세,경상
2018120800100178,2018년 12월 8일 10시,토요일,전라남도 해남군 산이면,중상사고,0,1,1,0,차대차 - 추돌,안전운전불이행,서리/결빙,눈,교차로 - 교차로부근,승용,여,35세,상해없음,승용,여,61세,중상
2018120800100179,2018년 12월 8일 10시,토요일,전라남도 강진군 칠량면,중상사고,0,1,3,0,차대차 - 추돌,안전운전불이행,건조,맑음,단일로 - 기타,화물,남,67세,중상,화물,남,71세,경상
2018120800100263,2018년 12월 8일 13시,토요일,전라남도 여수시 덕충동,중상사고,0,1,0,0,차대사람 - 횡단중,안전운전불이행,건조,맑음,단일로 - 기타,승용,남,56세,상해없음,보행자,여,12세,중상
2018120800100368,2018년 12월 8일 16시,토요일,전라남도 목포시 상동,중상사고,0,1,0,0,차대사람 - 보도통행중,기타,서리/결빙,맑음,단일로 - 기타,이륜,남,22세,상해없음,보행자,여,21세,중상
2018120800100369,2018년 12월 8일 16시,토요일,전라남도 여수시 율촌면,경상사고,0,0,3,0,차대차 - 측면충돌,차로위반,건조,맑음,단일로 - 기타,화물,남,74세,상해없음,승합,남,44세,경상
2018120800100406,2018년 12월 8일 17시,토요일,전라남도 여수시 여서동,중상사고,0,1,0,0,차대사람 - 횡단중,보행자보호의무위반,건조,맑음,단일로 - 기타,승용,여,39세,상해없음,보행자,여,67세,중상
2018120800100447,2018년 12월 8일 18시,토요일,전라남도 순천시 해룡면,경상사고,0,0,2,0,차대차 - 측면충돌,안전운전불이행,건조,맑음,교차로 - 교차로안,화물,남,64세,상해없음,승용,남,54세,경상
2018120800100448,2018년 12월 8일 18시,토요일,전라남도 나주시 왕곡면,경상사고,0,0,4,0,차대차 - 추돌,안전운전불이행,건조,맑음,교차로 - 교차로부근,승용,남,57세,상해없음,승용,남,59세,경상
2018120800100571,2018년 12월 8일 21시,토요일,전라남도 순천시 조곡동,경상사고,0,0,2,0,차대차 - 측면충돌,안전거리미확보,건조,맑음,단일로 - 기타,승용,남,34세,상해없음,승용,여,26세,경상
2018120900100035,2018년 12월 9일 02시,일요일,전라남도 영암군 미암면,경상사고,0,0,3,0,차대차 - 추돌,안전운전불이행,서리/결빙,눈,단일로 - 기타,화물,남,28세,상해없음,승용,남,47세,상해없음
2018120900100087,2018년 12월 9일 09시,일요일,전라남도 완도군 완도읍,중상사고,0,2,2,0,차대차 - 정면충돌,안전운전불이행,건조,맑음,교차로 - 교차로부근,승용,남,46세,경상,화물,남,64세,중상
2018120900100105,2018년 12월 9일 10시,일요일,전라남도 순천시 연향동,경상사고,0,0,3,0,차대차 - 측면충돌,안전운전불이행,건조,맑음,단일로 - 기타,승용,여,46세,상해없음,승용,남,32세,경상
2018120900100148,2018년 12월 9일 13시,일요일,전라남도 순천시 연향동,경상사고,0,0,3,0,차대차 - 측면충돌,안전거리미확보,건조,맑음,교차로 - 교차로부근,화물,남,51세,상해없음,승용,여,54세,경상
2018120900100179,2018년 12월 9일 14시,일요일,전라남도 순천시 연향동,중상사고,0,1,1,0,차대차 - 추돌,안전운전불이행,건조,맑음,단일로 - 기타,승용,여,51세,중상,승용,남,22세,경상
2018120900100249,2018년 12월 9일 17시,일요일,전라남도 나주시 금천면,경상사고,0,0,3,0,차대차 - 추돌,안전운전불이행,건조,맑음,단일로 - 기타,승용,남,48세,경상,승용,여,36세,경상
2018120900100287,2018년 12월 9일 18시,일요일,전라남도 목포시 옥암동,경상사고,0,0,1,0,차대차 - 기타,안전운전불이행,건조,흐림,단일로 - 기타,승용,남,57세,상해없음,원동기,남,48세,경상
2018120900100323,2018년 12월 9일 19시,일요일,전라남도 여수시 오림동,중상사고,0,1,0,0,차대사람 - 횡단중,보행자보호의무위반,건조,맑음,교차로 - 교차로횡단보도내,승용,남,60세,상해없음,보행자,여,78세,중상
2018120900100324,2018년 12월 9일 19시,일요일,전라남도 순천시 연향동,경상사고,0,0,2,0,차대차 - 추돌,안전운전불이행,건조,맑음,단일로 - 기타,승용,남,47세,상해없음,승용,남,27세,경상
2018120900100350,2018년 12월 9일 20시,일요일,전라남도 여수시 문수동,중상사고,0,1,0,0,차대차 - 측면충돌,안전거리미확보,건조,맑음,단일로 - 기타,승용,남,59세,상해없음,이륜,남,26세,중상
2018120900100351,2018년 12월 9일 20시,일요일,전라남도 무안군 무안읍,경상사고,0,0,1,0,차대차 - 추돌,안전운전불이행,건조,맑음,교차로 - 교차로부근,승용,여,59세,상해없음,화물,남,47세,경상
2018120900100389,2018년 12월 9일 22시,일요일,전라남도 영암군 삼호읍,경상사고,0,0,9,0,차대차 - 추돌,안전운전불이행,건조,맑음,단일로 - 기타,승용,남,45세,상해없음,승합,남,44세,경상
2018120900100408,2018년 12월 9일 23시,일요일,전라남도 여수시 여서동,경상사고,0,0,1,0,차대차 - 기타,안전운전불이행,건조,맑음,단일로 - 기타,승용,남,25세,상해없음,승용,남,30세,경상
2018121000100056,2018년 12월 10일 07시,월요일,전라남도 화순군 도암면,경상사고,0,0,1,0,차량단독 - 기타,기타,건조,맑음,단일로 - 기타,승합,남,51세,상해없음,,,,
2018121000100084,2018년 12월 10일 08시,월요일,전라남도 장흥군 대덕읍,경상사고,0,0,1,0,차대차 - 측면충돌,안전운전불이행,건조,맑음,교차로 - 교차로안,사륜오토바이(ATV),남,87세,상해없음,승합,남,50세,상해없음
2018121000100085,2018년 12월 10일 08시,월요일,전라남도 화순군 화순읍,중상사고,0,1,0,0,차대사람 - 횡단중,보행자보호의무위반,건조,맑음,교차로 - 교차로횡단보도내,화물,남,52세,상해없음,보행자,여,64세,중상
2018121000100120,2018년 12월 10일 09시,월요일,전라남도 순천시 연향동,경상사고,0,0,2,0,차대차 - 추돌,안전거리미확보,건조,맑음,교차로 - 교차로부근,화물,남,42세,상해없음,승용,남,57세,경상
2018121000100121,2018년 12월 10일 09시,월요일,전라남도 강진군 강진읍,경상사고,0,0,1,0,차대차 - 측면충돌,직진우회전진행방해,건조,맑음,교차로 - 교차로안,화물,남,76세,상해없음,승용,남,61세,경상
2018121000100165,2018년 12월 10일 10시,월요일,전라남도 해남군 화원면,경상사고,0,0,1,0,차량단독 - 전도전복 - 전도,안전운전불이행,건조,맑음,단일로 - 기타,농기계,남,84세,경상,미분류,미분류,미분류,미분류
2018121000100166,2018년 12월 10일 10시,월요일,전라남도 함평군 학교면,사망사고,1,0,0,0,차대차 - 추돌,차로위반,건조,맑음,단일로 - 기타,이륜,남,79세,사망,승용,남,55세,상해없음
2018121000100167,2018년 12월 10일 10시,월요일,전라남도 완도군 약산면,경상사고,0,0,2,0,차대차 - 기타,교차로운행방법위반,건조,맑음,교차로 - 교차로안,화물,남,51세,상해없음,농기계,남,81세,경상
2018121000100168,2018년 12월 10일 10시,월요일,전라남도 무안군 청계면,경상사고,0,0,1,0,차대차 - 정면충돌,신호위반,건조,맑음,교차로 - 교차로안,승용,남,22세,상해없음,승용,남,53세,경상
2018121000100202,2018년 12월 10일 11시,월요일,전라남도 나주시 성북동,경상사고,0,0,1,0,차대사람 - 기타,안전운전불이행,건조,맑음,단일로 - 기타,승용,남,69세,기타불명,보행자,남,58세,경상
2018121000100203,2018년 12월 10일 11시,월요일,전라남도 나주시 영산동,경상사고,0,0,1,0,차대사람 - 횡단중,신호위반,건조,맑음,단일로 - 기타,화물,남,77세,상해없음,보행자,여,76세,경상
2018121000100204,2018년 12월 10일 11시,월요일,전라남도 영암군 미암면,중상사고,0,1,1,0,차대차 - 측면충돌,신호위반,건조,맑음,교차로 - 교차로안,화물,남,51세,상해없음,화물,남,46세,경상
2018121000100231,2018년 12월 10일 12시,월요일,전라남도 여수시 여서동,경상사고,0,0,1,0,차대차 - 측면충돌,안전운전불이행,건조,맑음,교차로 - 교차로안,승용,남,78세,상해없음,승용,남,29세,경상
2018121000100232,2018년 12월 10일 12시,월요일,전라남도 함평군 해보면,경상사고,0,0,2,0,차대차 - 측면충돌,교차로운행방법위반,건조,맑음,교차로 - 교차로안,승용,남,66세,경상,승용,남,51세,경상
2018121000100263,2018년 12월 10일 13시,월요일,전라남도 목포시 석현동,경상사고,0,0,5,0,차대차 - 추돌,안전운전불이행,젖음/습기,맑음,교차로 - 교차로부근,화물,남,39세,경상,화물,남,51세,경상
2018121000100264,2018년 12월 10일 13시,월요일,전라남도 담양군 대전면,중상사고,0,2,0,0,차량단독 - 공작물충돌,안전운전불이행,건조,맑음,단일로 - 기타,화물,남,34세,상해없음,,,,
2018121000100295,2018년 12월 10일 14시,월요일,전라남도 목포시 대양동,경상사고,0,0,3,0,차대차 - 추돌,안전운전불이행,건조,맑음,단일로 - 기타,승용,여,36세,상해없음,화물,남,51세,경상
2018121000100296,2018년 12월 10일 14시,월요일,전라남도 영암군 신북면,중상사고,0,1,0,0,차대차 - 측면충돌,신호위반,건조,맑음,교차로 - 교차로안,승용,남,59세,상해없음,승용,남,62세,상해없음
2018121000100403,2018년 12월 10일 17시,월요일,전라남도 순천시 덕암동,경상사고,0,0,1,0,차대사람 - 횡단중,보행자보호의무위반,건조,맑음,교차로 - 교차로횡단보도내,승용,여,51세,상해없음,보행자,여,57세,경상
2018121000100404,2018년 12월 10일 17시,월요일,전라남도 순천시 금곡동,중상사고,0,1,0,0,차대사람 - 기타,안전운전불이행,건조,맑음,단일로 - 기타,승합,남,72세,상해없음,보행자,남,8세,중상
2018121000100405,2018년 12월 10일 17시,월요일,전라남도 나주시 왕곡면,중상사고,0,1,2,0,차대차 - 측면충돌,직진우회전진행방해,건조,맑음,교차로 - 교차로안,승용,남,61세,경상,화물,남,60세,경상
2018121000100406,2018년 12월 10일 17시,월요일,전라남도 고흥군 고흥읍,중상사고,0,1,0,0,차대사람 - 횡단중,보행자보호의무위반,건조,맑음,교차로 - 교차로횡단보도내,화물,남,44세,상해없음,보행자,여,89세,중상
2018121000100461,2018년 12월 10일 18시,월요일,전라남도 나주시 빛가람동,경상사고,0,0,2,0,차대차 - 측면충돌,신호위반,건조,맑음,교차로 - 교차로안,이륜,남,43세,경상,승용,여,30세,경상
2018121000100462,2018년 12월 10일 18시,월요일,전라남도 화순군 화순읍,경상사고,0,0,1,0,차대차 - 측면충돌,직진우회전진행방해,건조,맑음,교차로 - 교차로안,승용,여,61세,상해없음,이륜,남,63세,경상
2018121000100463,2018년 12월 10일 18시,월요일,전라남도 완도군 노화읍,경상사고,0,0,1,0,차대사람 - 기타,안전운전불이행,건조,맑음,단일로 - 기타,화물,여,51세,상해없음,보행자,남,56세,경상
2018121000100464,2018년 12월 10일 18시,월요일,전라남도 진도군 군내면,경상사고,0,0,2,0,차대차 - 추돌,과속,건조,맑음,단일로 - 기타,승용,여,25세,경상,화물,남,61세,경상
2018121000100513,2018년 12월 10일 19시,월요일,전라남도 무안군 삼향읍,경상사고,0,0,1,0,차대차 - 측면충돌,안전운전불이행,건조,맑음,단일로 - 기타,승용,여,31세,상해없음,승용,남,74세,경상
2018121000100544,2018년 12월 10일 20시,월요일,전라남도 영암군 삼호읍,경상사고,0,0,2,0,차대차 - 기타,안전운전불이행,건조,맑음,교차로 - 교차로부근,승용,남,58세,상해없음,승용,남,57세,경상
2018121000100591,2018년 12월 10일 22시,월요일,전라남도 목포시 상동,경상사고,0,0,2,0,차대차 - 측면충돌,안전운전불이행,건조,맑음,교차로 - 교차로안,화물,남,66세,상해없음,승용,남,33세,경상
2018121000100592,2018년 12월 10일 22시,월요일,전라남도 영암군 삼호읍,경상사고,0,0,1,0,차대차 - 추돌,안전운전불이행,젖음/습기,흐림,단일로 - 기타,승용,남,36세,경상,화물,남,43세,기타불명
2018121100100055,2018년 12월 11일 06시,화요일,전라남도 여수시 충무동,중상사고,0,1,0,0,차대사람 - 횡단중,보행자보호의무위반,젖음/습기,비,단일로 - 기타,화물,여,62세,상해없음,보행자,여,76세,중상
2018121100100056,2018년 12월 11일 06시,화요일,전라남도 나주시 금천면,경상사고,0,0,3,0,차대차 - 측면충돌,안전운전불이행,건조,맑음,단일로 - 기타,화물,남,77세,경상,화물,남,48세,경상
2018121100100057,2018년 12월 11일 06시,화요일,전라남도 영암군 영암읍,중상사고,0,1,0,0,차량단독 - 공작물충돌,안전운전불이행,서리/결빙,맑음,단일로 - 고가도로위,승용,남,26세,중상,,,,
2018121100100058,2018년 12월 11일 06시,화요일,전라남도 보성군 보성읍,중상사고,0,4,2,0,차대차 - 기타,안전운전불이행,젖음/습기,비,단일로 - 기타,화물,남,30세,경상,특수,남,58세,경상
2018121100100080,2018년 12월 11일 07시,화요일,전라남도 장흥군 장동면,경상사고,0,0,1,0,차량단독 - 도로외이탈 - 기타,안전운전불이행,서리/결빙,눈,단일로 - 기타,승합,남,67세,상해없음,,,,
2018121100100081,2018년 12월 11일 07시,화요일,전라남도 화순군 화순읍,경상사고,0,0,1,0,차대차 - 측면충돌,안전운전불이행,서리/결빙,비,단일로 - 기타,화물,남,66세,상해없음,승용,남,30세,경상
2018121100100082,2018년 12월 11일 07시,화요일,전라남도 화순군 화순읍,경상사고,0,0,3,1,차대차 - 추돌,안전운전불이행,젖음/습기,비,단일로 - 교량,승용,여,40세,부상신고,승합,남,47세,경상
2018121100100083,2018년 12월 11일 07시,화요일,전라남도 영암군 영암읍,중상사고,0,2,0,0,차대차 - 측면충돌,안전운전불이행,서리/결빙,눈,단일로 - 기타,화물,남,70세,중상,화물,남,65세,중상
2018121100100084,2018년 12월 11일 07시,화요일,전라남도 강진군 성전면,경상사고,0,0,1,0,차량단독 - 전도전복 - 전복,안전운전불이행,서리/결빙,흐림,단일로 - 기타,화물,남,60세,상해없음,미분류,미분류,미분류,미분류
2018121100100110,2018년 12월 11일 08시,화요일,전라남도 순천시 외서면,경상사고,0,0,1,0,차대차 - 추돌,안전운전불이행,서리/결빙,기타,기타 - 기타,승용,남,48세,상해없음,화물,남,54세,경상
2018121100100111,2018년 12월 11일 08시,화요일,전라남도 보성군 득량면,경상사고,0,0,1,0,차대차 - 추돌,안전거리미확보,서리/결빙,비,단일로 - 기타,승용,여,52세,상해없음,승용,남,37세,경상
2018121100100112,2018년 12월 11일 08시,화요일,전라남도 보성군 미력면,경상사고,0,0,2,0,차대차 - 측면충돌,안전운전불이행,서리/결빙,맑음,단일로 - 기타,화물,남,45세,경상,승용,남,50세,경상
2018121100100113,2018년 12월 11일 08시,화요일,전라남도 화순군 화순읍,경상사고,0,0,3,0,차대차 - 측면충돌,안전운전불이행,서리/결빙,비,단일로 - 교량,승용,여,33세,경상,승용,여,30세,경상
2018121100100114,2018년 12월 11일 08시,화요일,전라남도 화순군 화순읍,중상사고,0,1,0,0,차대사람 - 횡단중,안전운전불이행,젖음/습기,비,단일로 - 기타,승용,남,68세,상해없음,보행자,남,68세,중상
2018121100100115,2018년 12월 11일 08시,화요일,전라남도 강진군 성전면,부상신고사고,0,0,0,1,차량단독 - 공작물충돌,안전운전불이행,서리/결빙,맑음,단일로 - 기타,화물,남,70세,부상신고,,,,
2018121100100149,2018년 12월 11일 09시,화요일,전라남도 순천시 외서면,중상사고,0,1,2,0,차대사람 - 차도통행중,안전운전불이행,서리/결빙,비,단일로 - 교량,화물,남,58세,경상,보행자,남,48세,중상
2018121100100173,2018년 12월 11일 10시,화요일,전라남도 곡성군 곡성읍,경상사고,0,0,1,0,차대차 - 기타,안전운전불이행,적설,눈,단일로 - 기타,화물,남,51세,상해없음,승용,남,51세,경상
2018121100100202,2018년 12월 11일 11시,화요일,전라남도 화순군 이양면,경상사고,0,0,5,1,차대차 - 추돌,안전운전불이행,서리/결빙,눈,단일로 - 기타,승용,남,43세,경상,특수,남,39세,경상
2018121100100269,2018년 12월 11일 13시,화요일,전라남도 화순군 화순읍,경상사고,0,0,5,0,차대차 - 측면충돌,직진우회전진행방해,건조,맑음,교차로 - 교차로안,화물,남,52세,경상,승용,남,44세,경상
2018121100100296,2018년 12월 11일 14시,화요일,전라남도 장흥군 관산읍,경상사고,0,0,1,0,차대사람 - 기타,안전운전불이행,건조,맑음,교차로 - 교차로부근,승용,남,54세,상해없음,보행자,여,76세,경상
2018121100100297,2018년 12월 11일 14시,화요일,전라남도 담양군 수북면,경상사고,0,0,1,0,차대차 - 측면충돌,신호위반,젖음/습기,흐림,교차로 - 교차로안,승용,여,54세,상해없음,승용,남,30세,경상
2018121100100332,2018년 12월 11일 15시,화요일,전라남도 목포시 상동,경상사고,0,0,2,0,차대차 - 기타,안전거리미확보,건조,맑음,교차로 - 교차로부근,화물,남,67세,상해없음,승용,여,35세,경상
2018121100100333,2018년 12월 11일 15시,화요일,전라남도 나주시 봉황면,경상사고,0,0,3,0,차대차 - 측면충돌,교차로운행방법위반,젖음/습기,비,교차로 - 교차로안,승용,여,54세,경상,건설기계,남,50세,경상
2018121100100334,2018년 12월 11일 15시,화요일,전라남도 보성군 복내면,경상사고,0,0,1,0,차대차 - 측면충돌,안전운전불이행,젖음/습기,비,교차로 - 교차로안,화물,남,48세,상해없음,화물,남,55세,경상
2018121100100335,2018년 12월 11일 15시,화요일,전라남도 화순군 화순읍,경상사고,0,0,1,0,차대사람 - 차도통행중,안전운전불이행,젖음/습기,비,단일로 - 기타,승용,여,42세,상해없음,보행자,여,57세,경상
2018121100100403,2018년 12월 11일 17시,화요일,전라남도 여수시 월하동,사망사고,1,0,0,0,차대사람 - 횡단중,안전운전불이행,젖음/습기,비,교차로 - 교차로부근,승용,남,53세,상해없음,보행자,남,61세,사망
2018121100100404,2018년 12월 11일 17시,화요일,전라남도 강진군 성전면,경상사고,0,0,3,0,차대차 - 측면충돌,안전거리미확보,건조,흐림,단일로 - 기타,승용,남,62세,상해없음,화물,여,58세,경상
2018121100100465,2018년 12월 11일 18시,화요일,전라남도 순천시 해룡면,경상사고,0,0,3,0,차대차 - 측면충돌,안전운전불이행,건조,맑음,단일로 - 기타,승용,남,18세,상해없음,승용,여,48세,경상
2018121100100466,2018년 12월 11일 18시,화요일,전라남도 영암군 삼호읍,경상사고,0,0,3,0,차대차 - 측면충돌,안전운전불이행,건조,맑음,교차로 - 교차로부근,승용,남,66세,경상,화물,남,37세,경상
2018121100100513,2018년 12월 11일 19시,화요일,전라남도 여수시 화장동,경상사고,0,0,1,0,차대차 - 측면충돌,안전운전불이행,건조,맑음,교차로 - 교차로안,승용,남,20세,상해없음,승용,남,24세,경상
2018121100100514,2018년 12월 11일 19시,화요일,전라남도 순천시 황전면,중상사고,0,1,0,0,차대사람 - 차도통행중,안전운전불이행,건조,맑음,교차로 - 교차로안,화물,남,58세,상해없음,보행자,남,55세,중상
2018121100100515,2018년 12월 11일 19시,화요일,전라남도 보성군 보성읍,경상사고,0,0,1,0,차대사람 - 기타,안전운전불이행,젖음/습기,흐림,기타 - 기타,승합,남,45세,상해없음,보행자,남,68세,경상
2018121100100582,2018년 12월 11일 21시,화요일,전라남도 영암군 삼호읍,중상사고,0,1,1,0,차대차 - 측면충돌,신호위반,건조,맑음,교차로 - 교차로안,승용,남,25세,상해없음,승용,남,18세,경상
2018121200100032,2018년 12월 12일 02시,수요일,전라남도 담양군 담양읍,중상사고,0,1,0,0,차대차 - 추돌,안전운전불이행,건조,맑음,단일로 - 기타,승용,남,27세,상해없음,승용,여,61세,중상
2018121200100099,2018년 12월 12일 07시,수요일,전라남도 순천시 별량면,경상사고,0,0,1,0,차대차 - 추돌,안전운전불이행,건조,맑음,교차로 - 교차로안,승용,남,40세,경상,기타불명,남,36세,기타불명
2018121200100124,2018년 12월 12일 08시,수요일,전라남도 목포시 산정동,경상사고,0,0,1,0,차대차 - 추돌,안전운전불이행,젖음/습기,비,단일로 - 기타,승용,여,47세,상해없음,승용,여,36세,경상
2018121200100163,2018년 12월 12일 09시,수요일,전라남도 순천시 인제동,경상사고,0,0,1,0,차대사람 - 기타,기타,건조,맑음,단일로 - 기타,승용,남,43세,상해없음,보행자,남,31세,경상
2018121200100164,2018년 12월 12일 09시,수요일,전라남도 보성군 벌교읍,중상사고,0,1,1,0,차대차 - 측면충돌,신호위반,건조,맑음,교차로 - 교차로안,화물,남,38세,중상,건설기계,남,48세,경상
2018121200100165,2018년 12월 12일 09시,수요일,전라남도 보성군 보성읍,중상사고,0,2,0,0,차대차 - 측면충돌,교차로운행방법위반,건조,맑음,교차로 - 교차로안,화물,남,77세,중상,화물,남,54세,상해없음
2018121200100191,2018년 12월 12일 10시,수요일,전라남도 여수시 소라면,경상사고,0,0,1,0,차대차 - 기타,안전운전불이행,건조,맑음,단일로 - 기타,화물,남,33세,상해없음,승합,남,45세,상해없음
2018121200100232,2018년 12월 12일 11시,수요일,전라남도 순천시 덕암동,중상사고,0,1,0,0,차대사람 - 횡단중,신호위반,건조,맑음,단일로 - 기타,화물,남,77세,상해없음,보행자,여,18세,중상
2018121200100257,2018년 12월 12일 12시,수요일,전라남도 목포시 죽교동,경상사고,0,0,2,0,차대사람 - 차도통행중,안전운전불이행,건조,맑음,단일로 - 기타,이륜,남,21세,상해없음,보행자,여,17세,경상
2018121200100258,2018년 12월 12일 12시,수요일,전라남도 나주시 중앙동,경상사고,0,0,1,0,차대차 - 측면충돌,안전운전불이행,건조,맑음,단일로 - 기타,승용,남,64세,상해없음,원동기,남,46세,경상
2018121200100259,2018년 12월 12일 12시,수요일,전라남도 함평군 함평읍,부상신고사고,0,0,0,1,차대차 - 추돌,안전운전불이행,건조,맑음,단일로 - 교량,이륜,남,71세,부상신고,승합,남,58세,상해없음
2018121200100350,2018년 12월 12일 15시,수요일,전라남도 여수시 중앙동,경상사고,0,0,1,0,차대차 - 측면충돌,안전운전불이행,건조,맑음,단일로 - 기타,화물,남,28세,상해없음,이륜,남,48세,경상
2018121200100351,2018년 12월 12일 15시,수요일,전라남도 여수시 교동,중상사고,0,1,0,0,차대사람 - 차도통행중,안전운전불이행,건조,맑음,단일로 - 기타,승용,여,60세,상해없음,보행자,남,61세,중상
2018121200100352,2018년 12월 12일 15시,수요일,전라남도 해남군 마산면,중상사고,0,2,1,0,차대차 - 정면충돌,안전운전불이행,건조,맑음,단일로 - 기타,승합,남,57세,경상,화물,남,63세,중상
2018121200100353,2018년 12월 12일 15시,수요일,전라남도 보성군 복내면,경상사고,0,0,3,0,차대차 - 측면충돌,기타,건조,맑음,교차로 - 교차로안,건설기계,남,56세,경상,화물,남,21세,경상
2018121200100354,2018년 12월 12일 15시,수요일,전라남도 광양시 광양읍,경상사고,0,0,1,0,차대차 - 측면충돌,안전거리미확보,건조,맑음,교차로 - 교차로안,건설기계,남,53세,상해없음,승용,여,37세,경상
2018121200100431,2018년 12월 12일 17시,수요일,전라남도 목포시 대양동,경상사고,0,0,1,0,차대차 - 기타,중앙선침범,건조,맑음,단일로 - 기타,화물,남,67세,상해없음,승용,남,27세,경상
2018121200100432,2018년 12월 12일 17시,수요일,전라남도 광양시 중동,경상사고,0,0,1,0,차대사람 - 횡단중,신호위반,건조,맑음,교차로 - 교차로안,승용,남,39세,상해없음,보행자,남,4세,경상
2018121200100475,2018년 12월 12일 18시,수요일,전라남도 여수시 광무동,경상사고,0,0,2,0,차대차 - 측면충돌,신호위반,건조,맑음,교차로 - 교차로안,승용,남,68세,상해없음,승용,남,47세,경상
2018121200100476,2018년 12월 12일 18시,수요일,전라남도 영암군 삼호읍,중상사고,0,1,0,0,차대차 - 기타,안전운전불이행,건조,맑음,교차로 - 교차로안,승용,남,22세,상해없음,자전거,여,60세,중상
2018121200100477,2018년 12월 12일 18시,수요일,전라남도 담양군 담양읍,중상사고,0,1,0,0,차대차 - 추돌,안전운전불이행,건조,맑음,교차로 - 교차로안,승용,남,68세,중상,화물,남,65세,상해없음
2018121200100525,2018년 12월 12일 19시,수요일,전라남도 여수시 덕충동,경상사고,0,0,1,0,차대차 - 측면충돌,안전운전불이행,건조,맑음,단일로 - 기타,원동기,남,26세,경상,승용,여,36세,기타불명
2018121200100561,2018년 12월 12일 20시,수요일,전라남도 목포시 북교동,중상사고,0,1,0,0,차대차 - 측면충돌,안전운전불이행,건조,맑음,단일로 - 기타,이륜,남,57세,상해없음,이륜,남,76세,중상
2018121200100562,2018년 12월 12일 20시,수요일,전라남도 여수시 문수동,경상사고,0,0,1,0,차대사람 - 차도통행중,안전운전불이행,건조,맑음,교차로 - 교차로안,승용,남,52세,상해없음,보행자,남,49세,경상
2018121200100638,2018년 12월 12일 23시,수요일,전라남도 광양시 광양읍,경상사고,0,0,1,0,차대사람 - 기타,안전운전불이행,건조,맑음,단일로 - 기타,승용,남,42세,상해없음,보행자,여,20세,경상
2018121300100017,2018년 12월 13일 01시,목요일,전라남도 순천시 덕암동,경상사고,0,0,1,0,차대사람 - 기타,안전운전불이행,건조,맑음,단일로 - 기타,승용,남,47세,상해없음,보행자,여,43세,경상
2018121300100018,2018년 12월 13일 01시,목요일,전라남도 광양시 광양읍,경상사고,0,0,2,0,차대차 - 추돌,안전운전불이행,건조,맑음,교차로 - 교차로부근,승용,여,53세,상해없음,승용,여,44세,경상
2018121300100061,2018년 12월 13일 06시,목요일,전라남도 여수시 여천동,경상사고,0,0,4,0,차대차 - 추돌,안전운전불이행,건조,맑음,교차로 - 교차로부근,승용,남,58세,경상,승용,남,60세,경상
2018121300100062,2018년 12월 13일 06시,목요일,전라남도 여수시 여천동,경상사고,0,0,2,0,차대차 - 추돌,안전운전불이행,건조,맑음,교차로 - 교차로부근,승용,남,59세,경상,승용,남,58세,경상