사고번호,사고일시,요일,시군구,사고내용,사망자수,중상자수,경상자수,부상신고자수,사고유형,법규위반,노면상태,기상상태,도로형태,가해운전자 차종,가해운전자 성별,가해운전자 연령,가해운전자 상해정도,피해운전자 차종,피해운전자 성별,피해운전자 연령,피해운전자 상해정도
2018121300100063,2018년 12월 13일 06시,목요일,전라남도 장흥군 관산읍,경상사고,0,0,2,0,차대차 - 측면충돌,중앙선침범,건조,맑음,단일로 - 기타,승용,남,65세,상해없음,화물,남,55세,경상
2018121300100082,2018년 12월 13일 07시,목요일,전라남도 구례군 구례읍,경상사고,0,0,1,0,차대차 - 측면충돌,중앙선침범,건조,맑음,단일로 - 기타,이륜,여,71세,경상,건설기계,남,47세,상해없음
2018121300100122,2018년 12월 13일 08시,목요일,전라남도 광양시 광양읍,경상사고,0,0,2,0,차대차 - 추돌,안전거리미확보,건조,맑음,단일로 - 기타,승용,여,26세,경상,승용,남,58세,상해없음
2018121300100123,2018년 12월 13일 08시,목요일,전라남도 광양시 금호동,경상사고,0,0,1,0,차대차 - 측면충돌,신호위반,건조,맑음,교차로 - 교차로안,승용,남,61세,상해없음,승용,여,51세,경상
2018121300100182,2018년 12월 13일 09시,목요일,전라남도 나주시 노안면,경상사고,0,0,1,0,차대차 - 측면충돌,직진우회전진행방해,건조,맑음,교차로 - 교차로안,승용,남,61세,상해없음,화물,남,70세,경상
2018121300100229,2018년 12월 13일 10시,목요일,전라남도 목포시 산정동,경상사고,0,0,1,0,차대차 - 기타,안전운전불이행,건조,맑음,단일로 - 기타,승용,여,57세,상해없음,화물,여,42세,경상
2018121300100230,2018년 12월 13일 10시,목요일,전라남도 순천시 조례동,경상사고,0,0,2,0,차대차 - 추돌,안전운전불이행,건조,맑음,단일로 - 기타,화물,남,39세,경상,승용,여,65세,상해없음
2018121300100231,2018년 12월 13일 10시,목요일,전라남도 함평군 해보면,중상사고,0,1,1,0,차대차 - 측면충돌,교차로운행방법위반,건조,맑음,교차로 - 교차로안,화물,남,39세,경상,승용,여,61세,중상
2018121300100270,2018년 12월 13일 11시,목요일,전라남도 목포시 용해동,경상사고,0,0,1,0,차대차 - 기타,신호위반,건조,맑음,단일로 - 기타,화물,남,53세,상해없음,승용,남,80세,경상
2018121300100293,2018년 12월 13일 12시,목요일,전라남도 목포시 산정동,중상사고,0,1,0,0,차대차 - 측면충돌,직진우회전진행방해,건조,맑음,교차로 - 교차로안,이륜,남,67세,중상,화물,남,32세,상해없음
2018121300100294,2018년 12월 13일 12시,목요일,전라남도 여수시 화장동,경상사고,0,0,2,0,차대차 - 기타,교차로운행방법위반,건조,맑음,교차로 - 교차로안,화물,남,30세,상해없음,화물,남,37세,경상
2018121300100295,2018년 12월 13일 12시,목요일,전라남도 함평군 학교면,중상사고,0,2,0,0,차대차 - 정면충돌,교차로운행방법위반,건조,맑음,교차로 - 교차로안,화물,남,26세,중상,특수,남,57세,중상
2018121300100325,2018년 12월 13일 13시,목요일,전라남도 순천시 해룡면,경상사고,0,0,1,0,차대차 - 측면충돌,신호위반,건조,맑음,교차로 - 교차로안,승합,남,32세,상해없음,승합,여,35세,경상
2018121300100381,2018년 12월 13일 15시,목요일,전라남도 여수시 웅천동,경상사고,0,0,1,0,차대차 - 측면충돌,안전거리미확보,건조,맑음,단일로 - 기타,건설기계,남,50세,상해없음,승용,여,44세,경상
2018121300100412,2018년 12월 13일 16시,목요일,전라남도 순천시 해룡면,중상사고,0,1,0,0,차대차 - 측면충돌,직진우회전진행방해,건조,맑음,교차로 - 교차로안,화물,남,54세,상해없음,승용,여,57세,중상
2018121300100450,2018년 12월 13일 17시,목요일,전라남도 여수시 봉계동,사망사고,1,0,0,0,차대사람 - 횡단중,안전운전불이행,건조,맑음,단일로 - 기타,화물,여,41세,상해없음,보행자,여,76세,사망
2018121300100451,2018년 12월 13일 17시,목요일,전라남도 순천시 조례동,중상사고,0,1,0,0,차대차 - 측면충돌,안전거리미확보,건조,맑음,단일로 - 기타,승용,남,48세,상해없음,이륜,남,65세,중상
2018121300100452,2018년 12월 13일 17시,목요일,전라남도 순천시 석현동,중상사고,0,1,0,0,차대차 - 측면충돌,안전운전불이행,건조,맑음,단일로 - 기타,이륜,남,37세,중상,승용,남,46세,상해없음
2018121300100453,2018년 12월 13일 17시,목요일,전라남도 해남군 문내면,중상사고,0,1,1,0,차대차 - 측면충돌,교차로운행방법위반,건조,맑음,교차로 - 교차로안,승용,여,29세,중상,승용,남,30세,경상
2018121300100502,2018년 12월 13일 18시,목요일,전라남도 목포시 산정동,경상사고,0,0,1,0,차대차 - 기타,안전운전불이행,건조,맑음,교차로 - 교차로안,승용,남,59세,상해없음,승용,남,59세,경상
2018121300100503,2018년 12월 13일 18시,목요일,전라남도 목포시 용당동,중상사고,0,1,0,0,차대사람 - 기타,안전운전불이행,건조,맑음,주차장 - 주차장,승용,남,35세,상해없음,보행자,남,70세,중상
2018121300100504,2018년 12월 13일 18시,목요일,전라남도 순천시 황전면,경상사고,0,0,1,1,차대차 - 추돌,안전운전불이행,건조,맑음,교차로 - 교차로부근,화물,남,68세,경상,화물,남,43세,부상신고
2018121300100505,2018년 12월 13일 18시,목요일,전라남도 화순군 화순읍,중상사고,0,1,0,0,차대차 - 추돌,안전거리미확보,건조,맑음,단일로 - 기타,승용,남,46세,상해없음,화물,남,83세,중상
2018121300100548,2018년 12월 13일 19시,목요일,전라남도 여수시 선원동,경상사고,0,0,2,0,차대차 - 기타,교차로운행방법위반,건조,맑음,교차로 - 교차로안,승용,여,25세,상해없음,승용,남,29세,경상
2018121300100549,2018년 12월 13일 19시,목요일,전라남도 순천시 연향동,경상사고,0,0,1,0,차대차 - 측면충돌,안전거리미확보,건조,맑음,단일로 - 기타,화물,여,35세,상해없음,승용,여,44세,경상
2018121300100550,2018년 12월 13일 19시,목요일,전라남도 해남군 문내면,경상사고,0,0,1,0,차대차 - 기타,안전운전불이행,건조,맑음,단일로 - 기타,원동기,남,48세,경상,화물,남,42세,상해없음
2018121300100576,2018년 12월 13일 20시,목요일,전라남도 목포시 산정동,중상사고,0,1,1,0,차량단독 - 기타,안전운전불이행,건조,맑음,단일로 - 기타,승용,남,55세,상해없음,,,,
2018121300100599,2018년 12월 13일 21시,목요일,전라남도 순천시 연향동,경상사고,0,0,2,0,차대차 - 측면충돌,직진우회전진행방해,건조,맑음,교차로 - 교차로안,화물,남,44세,경상,승용,남,30세,경상
2018121300100600,2018년 12월 13일 21시,목요일,전라남도 광양시 황금동,중상사고,0,1,0,0,차량단독 - 공작물충돌,안전운전불이행,건조,흐림,단일로 - 기타,승용,남,43세,중상,,,,
2018121300100619,2018년 12월 13일 22시,목요일,전라남도 목포시 상동,경상사고,0,0,1,0,차대사람 - 차도통행중,안전운전불이행,건조,맑음,단일로 - 기타,승용,여,27세,상해없음,보행자,남,42세,경상
2018121300100620,2018년 12월 13일 22시,목요일,전라남도 목포시 산정동,중상사고,0,1,0,0,차대사람 - 차도통행중,안전운전불이행,건조,맑음,교차로 - 교차로횡단보도내,승용,여,50세,상해없음,보행자,남,52세,중상
2018121300100638,2018년 12월 13일 23시,목요일,전라남도 담양군 대덕면,사망사고,1,0,0,0,차량단독 - 공작물충돌,안전운전불이행,건조,맑음,단일로 - 기타,승용,남,19세,사망,,,,
2018121400100012,2018년 12월 14일 00시,금요일,전라남도 화순군 화순읍,부상신고사고,0,0,0,1,차량단독 - 기타,안전운전불이행,건조,맑음,단일로 - 기타,승용,남,42세,부상신고,,,,
2018121400100076,2018년 12월 14일 07시,금요일,전라남도 목포시 산정동,경상사고,0,0,5,0,차대차 - 측면충돌,직진우회전진행방해,건조,맑음,교차로 - 교차로안,승용,여,26세,경상,승합,남,36세,경상
2018121400100077,2018년 12월 14일 07시,금요일,전라남도 목포시 용해동,경상사고,0,0,1,0,차대차 - 기타,안전운전불이행,건조,맑음,단일로 - 기타,승용,남,60세,상해없음,승용,남,53세,경상
2018121400100078,2018년 12월 14일 07시,금요일,전라남도 여수시 중흥동,중상사고,0,1,1,0,차대차 - 기타,안전운전불이행,건조,맑음,교차로 - 교차로부근,기타불명,기타불명,미분류,기타불명,화물,남,45세,중상
2018121400100102,2018년 12월 14일 08시,금요일,전라남도 고흥군 고흥읍,중상사고,0,1,0,0,차대사람 - 차도통행중,안전운전불이행,건조,맑음,단일로 - 기타,승용,남,59세,상해없음,보행자,여,78세,중상
2018121400100103,2018년 12월 14일 08시,금요일,전라남도 영암군 신북면,중상사고,0,1,0,0,차대사람 - 길가장자리구역통행중,안전운전불이행,건조,맑음,교차로 - 교차로안,승용,여,44세,상해없음,보행자,여,90세 이상,중상
2018121400100104,2018년 12월 14일 08시,금요일,전라남도 진도군 지산면,중상사고,0,1,0,0,차대차 - 추돌,안전운전불이행,건조,맑음,단일로 - 기타,승용,여,40세,상해없음,농기계,남,77세,중상
2018121400100140,2018년 12월 14일 09시,금요일,전라남도 순천시 조례동,경상사고,0,0,1,0,차대사람 - 기타,보행자보호의무위반,건조,맑음,교차로 - 교차로횡단보도내,승용,여,28세,상해없음,보행자,여,41세,경상
2018121400100141,2018년 12월 14일 09시,금요일,전라남도 함평군 해보면,경상사고,0,0,2,1,차대차 - 측면충돌,신호위반,건조,맑음,교차로 - 교차로안,승용,남,26세,부상신고,승용,남,83세,경상
2018121400100142,2018년 12월 14일 09시,금요일,전라남도 무안군 무안읍,중상사고,0,1,0,0,차대차 - 기타,교차로운행방법위반,건조,맑음,기타 - 기타,승용,여,42세,상해없음,자전거,남,71세,중상
2018121400100175,2018년 12월 14일 10시,금요일,전라남도 고흥군 동강면,경상사고,0,0,1,0,차대차 - 측면충돌,교차로운행방법위반,건조,맑음,교차로 - 교차로안,승용,남,72세,상해없음,화물,남,65세,상해없음
2018121400100240,2018년 12월 14일 12시,금요일,전라남도 목포시 상동,경상사고,0,0,1,0,차대차 - 후진중충돌,안전운전불이행,건조,맑음,단일로 - 기타,화물,남,44세,상해없음,승용,여,46세,상해없음
2018121400100279,2018년 12월 14일 13시,금요일,전라남도 순천시 해룡면,경상사고,0,0,1,0,차대차 - 추돌,안전거리미확보,건조,맑음,교차로 - 교차로안,화물,남,27세,상해없음,화물,남,59세,경상
2018121400100280,2018년 12월 14일 13시,금요일,전라남도 강진군 강진읍,경상사고,0,0,2,0,차대차 - 측면충돌,교차로운행방법위반,건조,맑음,교차로 - 교차로안,승용,남,28세,경상,화물,남,24세,경상
2018121400100281,2018년 12월 14일 13시,금요일,전라남도 담양군 담양읍,중상사고,0,2,1,0,차대차 - 측면충돌,교차로운행방법위반,건조,맑음,교차로 - 교차로안,승용,남,36세,경상,승용,남,59세,중상
2018121400100314,2018년 12월 14일 14시,금요일,전라남도 순천시 해룡면,중상사고,0,1,0,0,차대차 - 측면충돌,안전운전불이행,건조,맑음,교차로 - 교차로안,승용,남,30세,상해없음,이륜,남,46세,중상
2018121400100315,2018년 12월 14일 14시,금요일,전라남도 진도군 진도읍,경상사고,0,0,2,0,차대차 - 기타,기타,건조,맑음,교차로 - 교차로부근,화물,남,25세,상해없음,승용,남,51세,경상
2018121400100365,2018년 12월 14일 15시,금요일,전라남도 여수시 교동,경상사고,0,0,1,0,차대사람 - 길가장자리구역통행중,안전운전불이행,건조,맑음,교차로 - 교차로부근,승용,남,35세,상해없음,보행자,남,87세,경상
2018121400100368,2018년 12월 14일 15시,금요일,전라남도 강진군 작천면,중상사고,0,1,0,0,차대차 - 측면충돌,교차로운행방법위반,건조,맑음,교차로 - 교차로안,이륜,남,79세,중상,화물,남,74세,상해없음
2018121400100369,2018년 12월 14일 15시,금요일,전라남도 무안군 삼향읍,경상사고,0,0,1,0,차대차 - 후진중충돌,안전운전불이행,건조,맑음,교차로 - 교차로안,승용,남,75세,상해없음,승용,여,45세,상해없음
2018121400100370,2018년 12월 14일 15시,금요일,전라남도 광양시 태인동,경상사고,0,0,2,0,차대차 - 측면충돌,교차로운행방법위반,건조,맑음,교차로 - 교차로안,특수,남,58세,경상,화물,남,56세,경상
2018121400100371,2018년 12월 14일 15시,금요일,전라남도 광양시 광양읍,경상사고,0,0,2,0,차대차 - 기타,안전운전불이행,건조,맑음,단일로 - 기타,승용,남,44세,경상,화물,남,46세,상해없음
2018121400100468,2018년 12월 14일 17시,금요일,전라남도 장흥군 장흥읍,경상사고,0,0,5,0,차대차 - 후진중충돌,안전운전불이행,건조,맑음,단일로 - 기타,승용,남,64세,상해없음,승용,여,29세,경상
2018121400100469,2018년 12월 14일 17시,금요일,전라남도 장성군 북이면,중상사고,0,1,2,1,차대차 - 기타,교차로운행방법위반,건조,맑음,교차로 - 교차로안,화물,남,63세,부상신고,승용,남,71세,경상
2018121400100470,2018년 12월 14일 17시,금요일,전라남도 무안군 무안읍,경상사고,0,0,1,0,차대차 - 기타,안전운전불이행,건조,맑음,교차로 - 교차로안,승용,남,61세,상해없음,승용,남,46세,경상
2018121400100520,2018년 12월 14일 18시,금요일,전라남도 목포시 산정동,경상사고,0,0,1,0,차대차 - 측면충돌,직진우회전진행방해,건조,맑음,교차로 - 교차로안,화물,남,37세,상해없음,승합,남,57세,경상
2018121400100521,2018년 12월 14일 18시,금요일,전라남도 영광군 홍농읍,경상사고,0,0,1,0,차대차 - 측면충돌,직진우회전진행방해,건조,맑음,교차로 - 교차로안,승합,남,75세,상해없음,승용,남,39세,경상
2018121400100522,2018년 12월 14일 18시,금요일,전라남도 화순군 화순읍,경상사고,0,0,1,0,차대사람 - 횡단중,보행자보호의무위반,건조,맑음,교차로 - 교차로안,승용,여,23세,상해없음,보행자,남,55세,경상
2018121400100523,2018년 12월 14일 18시,금요일,전라남도 광양시 옥룡면,중상사고,0,1,0,0,차대사람 - 횡단중,안전운전불이행,건조,맑음,교차로 - 교차로부근,승용,여,61세,상해없음,보행자,여,72세,중상
2018121400100576,2018년 12월 14일 19시,금요일,전라남도 영암군 삼호읍,경상사고,0,0,1,0,차대차 - 측면충돌,신호위반,건조,맑음,교차로 - 교차로안,승용,남,25세,상해없음,승용,남,48세,경상
2018121400100627,2018년 12월 14일 20시,금요일,전라남도 목포시 산정동,사망사고,1,0,0,0,차대사람 - 기타,안전운전불이행,건조,맑음,단일로 - 기타,승용,남,38세,상해없음,보행자,남,58세,사망
2018121400100629,2018년 12월 14일 20시,금요일,전라남도 보성군 노동면,경상사고,0,0,1,0,차대차 - 기타,신호위반,건조,맑음,단일로 - 기타,화물,남,27세,상해없음,승용,남,55세,경상
2018121400100695,2018년 12월 14일 22시,금요일,전라남도 나주시 동수동,중상사고,0,2,1,0,차대차 - 정면충돌,직진우회전진행방해,건조,맑음,교차로 - 교차로안,승용,남,33세,중상,승용,남,22세,경상
2018121400100696,2018년 12월 14일 22시,금요일,전라남도 무안군 무안읍,경상사고,0,0,1,0,차대차 - 측면충돌,안전운전불이행,건조,맑음,교차로 - 교차로안,승용,남,52세,상해없음,승용,남,19세,경상
2018121500100016,2018년 12월 15일 00시,토요일,전라남도 여수시 신기동,경상사고,0,0,2,1,차대차 - 추돌,안전운전불이행,건조,맑음,교차로 - 교차로부근,승용,남,67세,부상신고,승용,남,51세,경상
2018121500100017,2018년 12월 15일 00시,토요일,전라남도 화순군 화순읍,사망사고,1,0,0,0,차대사람 - 차도통행중,안전운전불이행,건조,맑음,단일로 - 기타,승용,남,26세,상해없음,보행자,여,78세,사망
2018121500100085,2018년 12월 15일 04시,토요일,전라남도 영암군 덕진면,경상사고,0,0,2,0,차대차 - 추돌,안전운전불이행,건조,맑음,단일로 - 기타,승용,남,50세,상해없음,승용,여,47세,경상
2018121500100115,2018년 12월 15일 06시,토요일,전라남도 목포시 산정동,중상사고,0,1,0,0,차대사람 - 횡단중,안전운전불이행,건조,맑음,단일로 - 기타,승용,남,63세,상해없음,보행자,남,76세,중상
2018121500100140,2018년 12월 15일 07시,토요일,전라남도 목포시 용당동,중상사고,0,1,2,0,차대차 - 기타,신호위반,건조,맑음,교차로 - 교차로안,화물,남,35세,경상,승용,남,65세,경상
2018121500100141,2018년 12월 15일 07시,토요일,전라남도 순천시 해룡면,중상사고,0,1,1,0,차대차 - 측면충돌,신호위반,건조,맑음,교차로 - 교차로안,승용,남,36세,경상,승용,남,39세,중상
2018121500100142,2018년 12월 15일 07시,토요일,전라남도 나주시 금천면,중상사고,0,1,0,0,차대차 - 추돌,안전운전불이행,건조,맑음,단일로 - 기타,화물,남,69세,상해없음,자전거,남,51세,중상
2018121500100212,2018년 12월 15일 10시,토요일,전라남도 여수시 신기동,경상사고,0,0,1,0,차대차 - 측면충돌,교차로운행방법위반,건조,맑음,교차로 - 교차로안,승용,남,68세,상해없음,승용,남,59세,상해없음
2018121500100213,2018년 12월 15일 10시,토요일,전라남도 장흥군 장흥읍,경상사고,0,0,1,0,차대차 - 측면충돌,안전운전불이행,건조,맑음,단일로 - 기타,승용,남,46세,상해없음,승용,남,67세,기타불명
2018121500100214,2018년 12월 15일 10시,토요일,전라남도 고흥군 도덕면,중상사고,0,1,0,0,차량단독 - 기타,안전운전불이행,건조,맑음,단일로 - 기타,이륜,남,55세,중상,,,,
2018121500100255,2018년 12월 15일 11시,토요일,전라남도 여수시 둔덕동,경상사고,0,0,2,0,차대차 - 측면충돌,신호위반,건조,맑음,교차로 - 교차로안,승용,남,28세,경상,승용,여,34세,경상
2018121500100256,2018년 12월 15일 11시,토요일,전라남도 나주시 노안면,중상사고,0,1,0,0,차대차 - 측면충돌,안전운전불이행,건조,맑음,교차로 - 교차로부근,승용,남,22세,상해없음,이륜,여,66세,중상
2018121500100288,2018년 12월 15일 12시,토요일,전라남도 여수시 안산동,중상사고,0,1,0,0,차대차 - 추돌,안전거리미확보,건조,맑음,단일로 - 기타,화물,남,71세,상해없음,이륜,남,74세,중상
2018121500100335,2018년 12월 15일 13시,토요일,전라남도 화순군 화순읍,중상사고,0,1,0,0,차대차 - 측면충돌,안전거리미확보,건조,맑음,단일로 - 기타,건설기계,남,48세,상해없음,승용,남,49세,중상
2018121500100369,2018년 12월 15일 14시,토요일,전라남도 목포시 석현동,경상사고,0,0,1,0,차대차 - 기타,교차로운행방법위반,건조,맑음,교차로 - 교차로안,화물,남,57세,상해없음,승용,남,41세,경상
2018121500100370,2018년 12월 15일 14시,토요일,전라남도 무안군 청계면,중상사고,0,1,0,0,차대차 - 기타,안전운전불이행,건조,맑음,단일로 - 기타,화물,남,47세,상해없음,이륜,남,80세,중상
2018121500100414,2018년 12월 15일 15시,토요일,전라남도 순천시 동외동,부상신고사고,0,0,0,1,차대사람 - 횡단중,안전운전불이행,건조,맑음,단일로 - 기타,승용,여,28세,상해없음,보행자,남,68세,부상신고
2018121500100415,2018년 12월 15일 15시,토요일,전라남도 보성군 겸백면,사망사고,1,1,1,0,차대차 - 추돌,안전운전불이행,건조,맑음,단일로 - 기타,승용,여,50세,경상,농기계,남,87세,중상
2018121500100451,2018년 12월 15일 16시,토요일,전라남도 목포시 산정동,경상사고,0,0,1,0,차대차 - 기타,직진우회전진행방해,건조,맑음,교차로 - 교차로안,승용,남,51세,상해없음,화물,남,39세,경상
2018121500100485,2018년 12월 15일 17시,토요일,전라남도 목포시 옥암동,경상사고,0,0,3,0,차대차 - 기타,신호위반,건조,맑음,교차로 - 교차로안,승용,남,70세,상해없음,승용,남,38세,경상
2018121500100486,2018년 12월 15일 17시,토요일,전라남도 영암군 삼호읍,중상사고,0,1,0,0,차대차 - 기타,안전운전불이행,건조,맑음,교차로 - 교차로부근,화물,남,54세,상해없음,승용,남,39세,중상
2018121500100487,2018년 12월 15일 17시,토요일,전라남도 담양군 월산면,사망사고,1,0,0,0,차대차 - 정면충돌,기타,건조,맑음,교차로 - 교차로안,승용,여,59세,상해없음,이륜,남,78세,사망
2018121500100537,2018년 12월 15일 18시,토요일,전라남도 여수시 돌산읍,경상사고,0,0,3,0,차대차 - 측면충돌,안전거리미확보,건조,맑음,단일로 - 기타,승용,남,28세,상해없음,승용,여,46세,경상
2018121500100538,2018년 12월 15일 18시,토요일,전라남도 나주시 남평읍,중상사고,0,1,0,0,차대사람 - 기타,안전운전불이행,건조,맑음,단일로 - 기타,승용,여,44세,상해없음,보행자,여,55세,중상
2018121500100579,2018년 12월 15일 19시,토요일,전라남도 광양시 중동,경상사고,0,0,1,0,차대차 - 측면충돌,안전운전불이행,건조,맑음,교차로 - 교차로안,승용,여,46세,상해없음,승용,남,41세,경상
2018121500100607,2018년 12월 15일 20시,토요일,전라남도 목포시 연산동,경상사고,0,0,1,0,차대차 - 측면충돌,불법유턴,건조,맑음,단일로 - 기타,승용,여,46세,상해없음,승용,여,33세,경상
2018121500100664,2018년 12월 15일 22시,토요일,전라남도 강진군 마량면,사망사고,1,1,0,0,차대사람 - 기타,안전운전불이행,건조,맑음,단일로 - 기타,승용,여,47세,상해없음,보행자,남,63세,사망
2018121600100007,2018년 12월 16일 00시,일요일,전라남도 해남군 해남읍,경상사고,0,0,1,0,차대차 - 측면충돌,중앙선침범,건조,맑음,단일로 - 기타,승용,남,27세,상해없음,승용,여,49세,상해없음
2018121600100067,2018년 12월 16일 03시,일요일,전라남도 여수시 광무동,경상사고,0,0,1,0,차량단독 - 공작물충돌,안전운전불이행,건조,맑음,단일로 - 기타,승용,남,64세,경상,,,,
2018121600100079,2018년 12월 16일 05시,일요일,전라남도 영암군 금정면,경상사고,0,0,1,0,차량단독 - 공작물충돌,안전운전불이행,건조,맑음,단일로 - 기타,화물,남,44세,경상,,,,
2018121600100100,2018년 12월 16일 08시,일요일,전라남도 보성군 벌교읍,경상사고,0,0,1,0,차대차 - 측면충돌,직진우회전진행방해,젖음/습기,비,교차로 - 교차로안,승용,남,43세,상해없음,승용,여,50세,경상
2018121600100101,2018년 12월 16일 08시,일요일,전라남도 광양시 다압면,중상사고,0,1,0,0,차량단독 - 도로외이탈 - 기타,안전운전불이행,서리/결빙,흐림,단일로 - 기타,화물,여,52세,중상,,,,
2018121600100148,2018년 12월 16일 11시,일요일,전라남도 순천시 조례동,경상사고,0,0,2,0,차대차 - 측면충돌,안전운전불이행,건조,맑음,단일로 - 기타,승용,남,45세,상해없음,승용,여,55세,경상
2018121600100161,2018년 12월 16일 12시,일요일,전라남도 목포시 상동,중상사고,0,1,3,0,차대차 - 측면충돌,신호위반,건조,맑음,교차로 - 교차로안,승용,여,46세,상해없음,승용,남,51세,경상
2018121600100162,2018년 12월 16일 12시,일요일,전라남도 해남군 해남읍,중상사고,0,1,2,0,차대차 - 기타,중앙선침범,젖음/습기,비,단일로 - 기타,승용,여,37세,경상,승합,남,64세,경상
2018121600100202,2018년 12월 16일 14시,일요일,전라남도 목포시 산정동,경상사고,0,0,1,0,차대차 - 기타,안전거리미확보,건조,맑음,교차로 - 교차로부근,승용,남,59세,상해없음,화물,남,56세,상해없음
2018121600100203,2018년 12월 16일 14시,일요일,전라남도 순천시 매곡동,경상사고,0,0,2,0,차대차 - 정면충돌,교차로운행방법위반,건조,맑음,교차로 - 교차로안,승용,남,26세,상해없음,승용,여,59세,경상
2018121600100204,2018년 12월 16일 14시,일요일,전라남도 담양군 고서면,경상사고,0,0,3,0,차대차 - 추돌,안전거리미확보,건조,흐림,교차로 - 교차로부근,화물,남,53세,상해없음,승용,남,44세,상해없음
2018121600100224,2018년 12월 16일 15시,일요일,전라남도 목포시 옥암동,경상사고,0,0,1,0,차대차 - 후진중충돌,안전운전불이행,건조,맑음,주차장 - 주차장,승용,여,51세,상해없음,승용,남,35세,경상
2018121600100244,2018년 12월 16일 16시,일요일,전라남도 여수시 학동,중상사고,0,1,0,0,차대차 - 측면충돌,차로위반,건조,맑음,교차로 - 교차로부근,화물,남,66세,상해없음,원동기,남,22세,중상
2018121600100245,2018년 12월 16일 16시,일요일,전라남도 순천시 조례동,중상사고,0,1,0,0,차대사람 - 기타,안전운전불이행,건조,맑음,단일로 - 기타,화물,남,57세,상해없음,보행자,여,21세,중상
2018121600100246,2018년 12월 16일 16시,일요일,전라남도 나주시 보산동,경상사고,0,0,1,0,차대차 - 측면충돌,안전운전불이행,건조,맑음,단일로 - 기타,화물,남,74세,상해없음,승용,남,70세,경상
2018121600100277,2018년 12월 16일 17시,일요일,전라남도 순천시 서면,경상사고,0,0,1,0,차대차 - 기타,교차로운행방법위반,건조,맑음,교차로 - 교차로안,승용,남,25세,상해없음,승용,남,62세,경상
2018121600100278,2018년 12월 16일 17시,일요일,전라남도 장성군 북이면,부상신고사고,0,0,0,1,차량단독 - 공작물충돌,안전운전불이행,건조,맑음,단일로 - 기타,승용,남,48세,부상신고,,,,
2018121600100344,2018년 12월 16일 19시,일요일,전라남도 나주시 빛가람동,경상사고,0,0,4,0,차대차 - 측면충돌,신호위반,건조,맑음,교차로 - 교차로안,승용,남,38세,상해없음,승용,여,43세,경상
2018121600100345,2018년 12월 16일 19시,일요일,전라남도 보성군 벌교읍,중상사고,0,1,0,0,차대차 - 추돌,안전거리미확보,건조,맑음,단일로 - 기타,화물,남,61세,상해없음,승용,여,32세,중상
2018121600100370,2018년 12월 16일 20시,일요일,전라남도 화순군 화순읍,경상사고,0,0,2,0,차대차 - 측면충돌,직진우회전진행방해,건조,맑음,교차로 - 교차로안,승용,여,46세,경상,승용,남,54세,상해없음
2018121600100398,2018년 12월 16일 21시,일요일,전라남도 광양시 광양읍,중상사고,0,2,0,0,차대차 - 추돌,안전운전불이행,건조,맑음,단일로 - 기타,승용,남,43세,상해없음,승용,남,31세,중상
2018121600100427,2018년 12월 16일 22시,일요일,전라남도 여수시 문수동,경상사고,0,0,1,0,차대사람 - 횡단중,신호위반,건조,맑음,교차로 - 교차로횡단보도내,승용,여,47세,상해없음,보행자,여,18세,경상
2018121700100085,2018년 12월 17일 06시,월요일,전라남도 여수시 중흥동,경상사고,0,0,2,0,차대차 - 측면충돌,교차로운행방법위반,건조,맑음,교차로 - 교차로안,승용,여,34세,경상,화물,남,67세,상해없음
2018121700100086,2018년 12월 17일 06시,월요일,전라남도 광양시 중동,경상사고,0,0,1,0,차대사람 - 보도통행중,보행자보호의무위반,건조,맑음,교차로 - 교차로횡단보도내,승용,남,46세,상해없음,보행자,남,68세,경상
2018121700100129,2018년 12월 17일 07시,월요일,전라남도 고흥군 고흥읍,경상사고,0,0,2,0,차대차 - 추돌,안전운전불이행,서리/결빙,맑음,단일로 - 교량,승용,남,42세,경상,화물,남,36세,상해없음
2018121700100200,2018년 12월 17일 08시,월요일,전라남도 목포시 상동,경상사고,0,0,1,0,차대차 - 측면충돌,기타,건조,맑음,단일로 - 기타,승용,남,68세,상해없음,승용,남,33세,경상
2018121700100202,2018년 12월 17일 08시,월요일,전라남도 보성군 득량면,경상사고,0,0,1,0,차대차 - 기타,직진우회전진행방해,서리/결빙,맑음,교차로 - 교차로안,승용,여,43세,상해없음,이륜,남,77세,경상
2018121700100203,2018년 12월 17일 08시,월요일,전라남도 광양시 광양읍,경상사고,0,0,2,0,차대차 - 측면충돌,중앙선침범,서리/결빙,맑음,단일로 - 기타,승용,여,50세,경상,승용,여,55세,경상
2018121700100278,2018년 12월 17일 10시,월요일,전라남도 여수시 충무동,경상사고,0,0,1,0,차대차 - 측면충돌,안전운전불이행,건조,맑음,단일로 - 기타,화물,남,39세,상해없음,자전거,남,73세,경상
2018121700100302,2018년 12월 17일 11시,월요일,전라남도 목포시 상동,중상사고,0,1,0,0,차대사람 - 기타,안전운전불이행,건조,맑음,기타 - 기타,승용,남,41세,상해없음,보행자,남,61세,중상