사고번호,사고일시,요일,시군구,사고내용,사망자수,중상자수,경상자수,부상신고자수,사고유형,법규위반,노면상태,기상상태,도로형태,가해운전자 차종,가해운전자 성별,가해운전자 연령,가해운전자 상해정도,피해운전자 차종,피해운전자 성별,피해운전자 연령,피해운전자 상해정도
2018121700100303,2018년 12월 17일 11시,월요일,전라남도 목포시 축복동2가,경상사고,0,0,1,0,차대차 - 기타,안전운전불이행,건조,맑음,단일로 - 기타,화물,남,39세,상해없음,자전거,남,85세,경상
2018121700100304,2018년 12월 17일 11시,월요일,전라남도 나주시 노안면,중상사고,0,1,0,0,차대사람 - 차도통행중,안전운전불이행,건조,맑음,교차로 - 교차로부근,승용,남,68세,상해없음,보행자,남,86세,중상
2018121700100305,2018년 12월 17일 11시,월요일,전라남도 강진군 칠량면,경상사고,0,0,3,0,차대차 - 측면충돌,직진우회전진행방해,건조,맑음,교차로 - 교차로안,승용,남,51세,경상,승용,여,53세,경상
2018121700100306,2018년 12월 17일 11시,월요일,전라남도 담양군 담양읍,경상사고,0,0,2,0,차대차 - 기타,교차로운행방법위반,건조,흐림,교차로 - 교차로안,승용,남,60세,경상,승합,여,46세,경상
2018121700100362,2018년 12월 17일 13시,월요일,전라남도 함평군 학교면,경상사고,0,0,3,0,차대차 - 추돌,안전운전불이행,건조,맑음,단일로 - 기타,화물,남,56세,경상,화물,남,55세,경상
2018121700100434,2018년 12월 17일 15시,월요일,전라남도 영암군 신북면,중상사고,0,1,1,0,차대차 - 기타,안전운전불이행,건조,맑음,교차로 - 교차로안,승용,여,46세,상해없음,특수,남,31세,상해없음
2018121700100470,2018년 12월 17일 16시,월요일,전라남도 고흥군 금산면,중상사고,0,1,0,0,차량단독 - 공작물충돌,안전운전불이행,건조,맑음,단일로 - 기타,승용,남,82세,중상,,,,
2018121700100515,2018년 12월 17일 17시,월요일,전라남도 목포시 상동,경상사고,0,0,2,0,차대차 - 측면충돌,안전운전불이행,건조,맑음,교차로 - 교차로안,이륜,남,19세,상해없음,승용,남,43세,경상
2018121700100516,2018년 12월 17일 17시,월요일,전라남도 순천시 장천동,경상사고,0,0,1,0,차대사람 - 차도통행중,안전운전불이행,건조,맑음,교차로 - 교차로안,승용,여,46세,상해없음,보행자,남,37세,경상
2018121700100517,2018년 12월 17일 17시,월요일,전라남도 순천시 동외동,경상사고,0,0,1,0,차대차 - 추돌,안전운전불이행,건조,맑음,교차로 - 교차로안,화물,남,64세,상해없음,화물,남,71세,경상
2018121700100518,2018년 12월 17일 17시,월요일,전라남도 나주시 공산면,중상사고,0,1,0,0,차량단독 - 공작물충돌,안전운전불이행,건조,맑음,단일로 - 기타,화물,남,64세,중상,,,,
2018121700100575,2018년 12월 17일 18시,월요일,전라남도 순천시 덕월동,중상사고,0,1,0,0,차량단독 - 공작물충돌,안전운전불이행,건조,맑음,단일로 - 기타,승용,여,67세,중상,,,,
2018121700100576,2018년 12월 17일 18시,월요일,전라남도 해남군 해남읍,중상사고,0,1,0,0,차대사람 - 횡단중,안전운전불이행,건조,맑음,단일로 - 기타,승용,남,63세,상해없음,보행자,여,8세,중상
2018121700100577,2018년 12월 17일 18시,월요일,전라남도 영광군 영광읍,경상사고,0,0,1,0,차대사람 - 횡단중,안전운전불이행,젖음/습기,흐림,교차로 - 교차로안,화물,남,59세,상해없음,보행자,남,8세,경상
2018121700100578,2018년 12월 17일 18시,월요일,전라남도 곡성군 곡성읍,경상사고,0,0,2,0,차대차 - 측면충돌,직진우회전진행방해,건조,맑음,교차로 - 교차로안,승용,남,33세,경상,승용,여,32세,경상
2018121700100579,2018년 12월 17일 18시,월요일,전라남도 진도군 군내면,중상사고,0,2,0,0,차대사람 - 길가장자리구역통행중,안전운전불이행,건조,맑음,단일로 - 기타,승용,여,50세,상해없음,보행자,여,57세,중상
2018121700100660,2018년 12월 17일 20시,월요일,전라남도 보성군 회천면,중상사고,0,1,0,0,차량단독 - 도로외이탈 - 추락,안전운전불이행,건조,맑음,단일로 - 기타,화물,남,49세,중상,,,,
2018121700100692,2018년 12월 17일 21시,월요일,전라남도 목포시 옥암동,경상사고,0,0,1,0,차대차 - 기타,안전운전불이행,건조,맑음,단일로 - 기타,승용,여,48세,상해없음,승용,남,25세,경상
2018121700100693,2018년 12월 17일 21시,월요일,전라남도 순천시 조례동,경상사고,0,0,1,0,차대사람 - 차도통행중,안전운전불이행,건조,맑음,단일로 - 기타,승용,남,24세,상해없음,보행자,남,43세,경상
2018121800100011,2018년 12월 18일 00시,화요일,전라남도 순천시 연향동,경상사고,0,0,1,0,차대차 - 측면충돌,신호위반,건조,맑음,교차로 - 교차로안,승용,남,27세,상해없음,승용,남,47세,경상
2018121800100035,2018년 12월 18일 02시,화요일,전라남도 순천시 조례동,경상사고,0,0,1,0,차대사람 - 횡단중,안전운전불이행,건조,맑음,교차로 - 교차로부근,승용,남,20세,상해없음,보행자,남,34세,경상
2018121800100077,2018년 12월 18일 06시,화요일,전라남도 영광군 염산면,부상신고사고,0,0,0,1,차량단독 - 도로외이탈 - 추락,안전운전불이행,건조,맑음,기타 - 기타,이륜,남,86세,부상신고,,,,
2018121800100107,2018년 12월 18일 07시,화요일,전라남도 목포시 산정동,경상사고,0,0,2,0,차대차 - 기타,안전운전불이행,건조,맑음,교차로 - 교차로안,승용,여,51세,경상,승용,남,39세,경상
2018121800100108,2018년 12월 18일 07시,화요일,전라남도 무안군 무안읍,중상사고,0,3,0,0,차대차 - 측면충돌,과속,건조,맑음,교차로 - 교차로안,승용,남,46세,상해없음,승합,여,60세,중상
2018121800100156,2018년 12월 18일 08시,화요일,전라남도 목포시 동명동,경상사고,0,0,1,0,차대차 - 기타,안전운전불이행,건조,맑음,단일로 - 기타,자전거,남,70세,경상,승용,여,68세,상해없음
2018121800100158,2018년 12월 18일 08시,화요일,전라남도 광양시 도이동,경상사고,0,0,3,0,차대차 - 추돌,안전거리미확보,건조,맑음,단일로 - 기타,특수,남,53세,경상,승용,남,44세,경상
2018121800100197,2018년 12월 18일 09시,화요일,전라남도 장흥군 관산읍,경상사고,0,0,1,0,차대차 - 추돌,안전운전불이행,건조,맑음,단일로 - 기타,화물,남,54세,상해없음,승용,여,48세,경상
2018121800100198,2018년 12월 18일 09시,화요일,전라남도 해남군 해남읍,중상사고,0,1,2,0,차대차 - 측면충돌,안전운전불이행,건조,맑음,교차로 - 교차로안,화물,남,44세,중상,화물,남,58세,경상
2018121800100231,2018년 12월 18일 10시,화요일,전라남도 순천시 서면,중상사고,0,1,1,0,차대차 - 측면충돌,과속,건조,맑음,교차로 - 교차로안,승용,남,47세,상해없음,승용,남,70세,경상
2018121800100232,2018년 12월 18일 10시,화요일,전라남도 담양군 창평면,경상사고,0,0,1,0,차량단독 - 공작물충돌,안전운전불이행,건조,맑음,교차로 - 교차로부근,승용,남,54세,상해없음,,,,
2018121800100233,2018년 12월 18일 10시,화요일,전라남도 곡성군 석곡면,경상사고,0,0,1,0,차대차 - 정면충돌,직진우회전진행방해,건조,맑음,교차로 - 교차로안,승용,여,55세,상해없음,이륜,여,66세,경상
2018121800100263,2018년 12월 18일 11시,화요일,전라남도 목포시 상동,경상사고,0,0,2,0,차대차 - 기타,신호위반,건조,맑음,교차로 - 교차로안,이륜,남,60세,경상,승용,남,54세,경상
2018121800100264,2018년 12월 18일 11시,화요일,전라남도 영광군 백수읍,경상사고,0,0,1,0,차대사람 - 기타,안전운전불이행,건조,맑음,교차로 - 교차로부근,승용,남,28세,상해없음,보행자,여,77세,경상
2018121800100291,2018년 12월 18일 12시,화요일,전라남도 여수시 율촌면,경상사고,0,0,2,0,차대차 - 측면충돌,차로위반,건조,맑음,단일로 - 기타,화물,남,43세,경상,승용,남,46세,경상
2018121800100292,2018년 12월 18일 12시,화요일,전라남도 순천시 덕암동,중상사고,0,1,1,0,차대차 - 추돌,안전운전불이행,건조,맑음,교차로 - 교차로안,화물,남,58세,상해없음,승용,남,57세,중상
2018121800100315,2018년 12월 18일 13시,화요일,전라남도 고흥군 남양면,중상사고,0,1,0,0,차대차 - 추돌,안전운전불이행,건조,맑음,단일로 - 기타,승용,여,59세,상해없음,농기계,남,77세,중상
2018121800100345,2018년 12월 18일 14시,화요일,전라남도 여수시 여서동,중상사고,0,1,0,0,차대사람 - 횡단중,보행자보호의무위반,건조,맑음,교차로 - 교차로횡단보도내,승용,남,37세,상해없음,보행자,여,66세,중상
2018121800100346,2018년 12월 18일 14시,화요일,전라남도 장성군 황룡면,경상사고,0,0,1,0,차대차 - 기타,안전운전불이행,건조,맑음,교차로 - 교차로안,이륜,남,74세,상해없음,이륜,남,29세,경상
2018121800100368,2018년 12월 18일 15시,화요일,전라남도 여수시 만흥동,경상사고,0,0,1,0,차량단독 - 전도전복 - 전도,안전운전불이행,건조,맑음,단일로 - 기타,이륜,남,75세,경상,미분류,미분류,미분류,미분류
2018121800100369,2018년 12월 18일 15시,화요일,전라남도 순천시 조례동,경상사고,0,0,1,0,차대사람 - 횡단중,안전운전불이행,건조,맑음,교차로 - 교차로안,승용,여,35세,상해없음,보행자,남,21세,경상
2018121800100412,2018년 12월 18일 16시,화요일,전라남도 담양군 담양읍,중상사고,0,1,1,0,차대차 - 측면충돌,신호위반,건조,맑음,교차로 - 교차로안,이륜,남,18세,경상,승용,여,41세,상해없음
2018121800100458,2018년 12월 18일 17시,화요일,전라남도 순천시 조례동,경상사고,0,0,2,0,차대차 - 측면충돌,신호위반,건조,맑음,교차로 - 교차로안,승합,남,36세,경상,승합,남,58세,경상
2018121800100503,2018년 12월 18일 18시,화요일,전라남도 목포시 용해동,경상사고,0,0,6,0,차대차 - 측면충돌,안전운전불이행,건조,맑음,교차로 - 교차로안,승용,여,40세,경상,승용,남,36세,경상
2018121800100504,2018년 12월 18일 18시,화요일,전라남도 순천시 조례동,경상사고,0,0,1,0,차대차 - 측면충돌,안전운전불이행,건조,맑음,교차로 - 교차로안,승용,여,26세,경상,승용,남,43세,상해없음
2018121800100505,2018년 12월 18일 18시,화요일,전라남도 순천시 조례동,경상사고,0,0,1,0,차대차 - 기타,안전운전불이행,건조,맑음,단일로 - 기타,승용,여,49세,상해없음,승용,남,34세,경상
2018121800100506,2018년 12월 18일 18시,화요일,전라남도 나주시 빛가람동,경상사고,0,0,6,0,차대차 - 정면충돌,직진우회전진행방해,건조,맑음,교차로 - 교차로안,승용,여,30세,경상,승용,남,70세,경상
2018121800100507,2018년 12월 18일 18시,화요일,전라남도 해남군 해남읍,경상사고,0,0,4,0,차대차 - 추돌,안전운전불이행,건조,맑음,교차로 - 교차로부근,화물,남,46세,상해없음,승용,여,48세,경상
2018121800100508,2018년 12월 18일 18시,화요일,전라남도 무안군 삼향읍,경상사고,0,0,1,0,차대차 - 정면충돌,안전운전불이행,건조,맑음,교차로 - 교차로안,승용,여,47세,상해없음,이륜,남,35세,경상
2018121800100560,2018년 12월 18일 19시,화요일,전라남도 영암군 학산면,경상사고,0,0,1,0,차대사람 - 보도통행중,안전운전불이행,건조,맑음,단일로 - 기타,승용,여,47세,상해없음,보행자,남,24세,경상
2018121800100622,2018년 12월 18일 21시,화요일,전라남도 순천시 연향동,경상사고,0,0,1,0,차대차 - 측면충돌,교차로운행방법위반,건조,맑음,교차로 - 교차로안,승용,남,51세,상해없음,이륜,남,17세,경상
2018121800100649,2018년 12월 18일 22시,화요일,전라남도 여수시 학동,경상사고,0,0,1,0,차대차 - 추돌,안전운전불이행,건조,맑음,교차로 - 교차로부근,화물,남,26세,상해없음,승용,여,43세,경상
2018121900100028,2018년 12월 19일 02시,수요일,전라남도 목포시 상동,경상사고,0,0,1,0,차대차 - 기타,직진우회전진행방해,건조,맑음,교차로 - 교차로안,승용,남,26세,경상,승용,남,39세,상해없음
2018121900100034,2018년 12월 19일 03시,수요일,전라남도 나주시 세지면,경상사고,0,0,1,0,차량단독 - 공작물충돌,안전운전불이행,건조,맑음,교차로 - 교차로부근,승용,남,27세,경상,,,,
2018121900100146,2018년 12월 19일 08시,수요일,전라남도 장성군 북이면,경상사고,0,0,1,0,차대사람 - 차도통행중,안전운전불이행,건조,맑음,교차로 - 교차로안,승용,남,24세,상해없음,보행자,여,83세,경상
2018121900100181,2018년 12월 19일 09시,수요일,전라남도 고흥군 도화면,사망사고,1,0,0,0,차량단독 - 전도전복 - 전도,안전운전불이행,건조,맑음,단일로 - 기타,사륜오토바이(ATV),남,84세,사망,미분류,미분류,미분류,미분류
2018121900100204,2018년 12월 19일 10시,수요일,전라남도 무안군 무안읍,중상사고,0,2,1,0,차대차 - 기타,안전운전불이행,건조,맑음,교차로 - 교차로부근,화물,남,70세,상해없음,승합,남,63세,기타불명
2018121900100231,2018년 12월 19일 11시,수요일,전라남도 여수시 웅천동,경상사고,0,0,1,0,차대차 - 추돌,안전거리미확보,건조,맑음,단일로 - 기타,승용,남,29세,상해없음,승용,여,56세,경상
2018121900100257,2018년 12월 19일 12시,수요일,전라남도 광양시 중동,경상사고,0,0,2,0,차대차 - 측면충돌,안전운전불이행,건조,맑음,단일로 - 기타,화물,남,62세,상해없음,승용,남,57세,경상
2018121900100295,2018년 12월 19일 13시,수요일,전라남도 해남군 문내면,경상사고,0,0,2,0,차대차 - 추돌,안전운전불이행,건조,맑음,교차로 - 교차로안,승용,남,51세,경상,승용,남,48세,경상
2018121900100296,2018년 12월 19일 13시,수요일,전라남도 진도군 고군면,경상사고,0,0,1,0,차대차 - 후진중충돌,안전운전불이행,건조,맑음,단일로 - 기타,승용,남,63세,상해없음,승용,여,43세,경상
2018121900100327,2018년 12월 19일 14시,수요일,전라남도 영암군 삼호읍,경상사고,0,0,1,0,차대차 - 추돌,안전운전불이행,건조,맑음,단일로 - 기타,승용,남,81세,경상,승용,남,45세,상해없음
2018121900100354,2018년 12월 19일 15시,수요일,전라남도 무안군 삼향읍,중상사고,0,1,1,0,차대차 - 기타,교차로운행방법위반,건조,맑음,교차로 - 교차로안,이륜,여,49세,중상,승용,여,57세,경상
2018121900100355,2018년 12월 19일 15시,수요일,전라남도 구례군 구례읍,경상사고,0,0,1,0,차대차 - 기타,안전운전불이행,건조,맑음,단일로 - 기타,승합,남,25세,상해없음,자전거,여,72세,경상
2018121900100388,2018년 12월 19일 16시,수요일,전라남도 목포시 유동,경상사고,0,0,6,1,차대차 - 측면충돌,직진우회전진행방해,건조,맑음,교차로 - 교차로안,승합,남,52세,부상신고,승용,여,54세,경상
2018121900100389,2018년 12월 19일 16시,수요일,전라남도 목포시 석현동,경상사고,0,0,2,0,차대차 - 기타,안전운전불이행,건조,맑음,교차로 - 교차로안,승용,남,57세,경상,화물,남,43세,경상
2018121900100390,2018년 12월 19일 16시,수요일,전라남도 여수시 충무동,경상사고,0,0,1,0,차대차 - 측면충돌,안전운전불이행,건조,맑음,단일로 - 기타,승용,여,32세,상해없음,승용,남,27세,상해없음
2018121900100391,2018년 12월 19일 16시,수요일,전라남도 순천시 연향동,중상사고,0,1,0,0,차대사람 - 차도통행중,안전운전불이행,건조,맑음,단일로 - 기타,건설기계,남,49세,상해없음,보행자,여,62세,중상
2018121900100435,2018년 12월 19일 17시,수요일,전라남도 목포시 옥암동,경상사고,0,0,2,0,차대차 - 측면충돌,교차로운행방법위반,건조,맑음,교차로 - 교차로안,승용,여,61세,경상,승용,남,26세,경상
2018121900100436,2018년 12월 19일 17시,수요일,전라남도 여수시 선원동,중상사고,0,1,0,0,차대사람 - 횡단중,보행자보호의무위반,건조,맑음,교차로 - 교차로부근,승용,여,56세,상해없음,보행자,여,52세,중상
2018121900100437,2018년 12월 19일 17시,수요일,전라남도 여수시 신월동,중상사고,0,1,0,0,차대사람 - 횡단중,보행자보호의무위반,건조,맑음,교차로 - 교차로횡단보도내,승용,여,60세,상해없음,보행자,여,62세,중상
2018121900100438,2018년 12월 19일 17시,수요일,전라남도 해남군 계곡면,경상사고,0,0,1,0,차대차 - 추돌,안전운전불이행,건조,맑음,단일로 - 기타,승용,남,37세,경상,건설기계,남,24세,상해없음
2018121900100439,2018년 12월 19일 17시,수요일,전라남도 화순군 화순읍,경상사고,0,0,1,0,차대차 - 측면충돌,안전운전불이행,건조,맑음,단일로 - 기타,승용,여,50세,상해없음,승용,여,52세,경상
2018121900100497,2018년 12월 19일 18시,수요일,전라남도 목포시 용당동,중상사고,0,1,2,1,차대차 - 추돌,안전운전불이행,건조,맑음,단일로 - 기타,승용,남,29세,상해없음,승용,여,42세,중상
2018121900100498,2018년 12월 19일 18시,수요일,전라남도 목포시 상동,경상사고,0,0,2,0,차대차 - 기타,안전운전불이행,건조,맑음,단일로 - 기타,승용,여,51세,경상,승용,남,36세,경상
2018121900100499,2018년 12월 19일 18시,수요일,전라남도 보성군 벌교읍,경상사고,0,0,1,0,차대차 - 추돌,안전거리미확보,건조,맑음,단일로 - 기타,화물,남,82세,상해없음,승용,남,37세,경상
2018121900100500,2018년 12월 19일 18시,수요일,전라남도 나주시 남평읍,경상사고,0,0,1,0,차대차 - 추돌,안전운전불이행,건조,맑음,단일로 - 교량,승용,남,51세,상해없음,승용,남,29세,경상
2018121900100501,2018년 12월 19일 18시,수요일,전라남도 진도군 군내면,중상사고,0,1,0,0,차대사람 - 기타,안전운전불이행,건조,맑음,단일로 - 기타,승용,남,79세,상해없음,보행자,남,50세,중상
2018121900100543,2018년 12월 19일 19시,수요일,전라남도 목포시 옥암동,부상신고사고,0,0,0,1,차대차 - 측면충돌,교차로운행방법위반,건조,맑음,교차로 - 교차로부근,이륜,남,19세,부상신고,승용,남,24세,상해없음
2018121900100648,2018년 12월 19일 23시,수요일,전라남도 여수시 미평동,경상사고,0,0,1,0,차대차 - 측면충돌,중앙선침범,건조,맑음,단일로 - 기타,기타불명,기타불명,미분류,기타불명,승용,남,30세,경상
2018122000100076,2018년 12월 20일 06시,목요일,전라남도 순천시 연향동,중상사고,0,2,1,0,차대차 - 정면충돌,안전운전불이행,건조,맑음,교차로 - 교차로안,승용,남,54세,경상,승용,여,64세,중상
2018122000100077,2018년 12월 20일 06시,목요일,전라남도 장성군 동화면,중상사고,0,1,0,1,차대차 - 추돌,안전거리미확보,건조,맑음,단일로 - 기타,화물,남,40세,부상신고,화물,남,65세,중상
2018122000100101,2018년 12월 20일 07시,목요일,전라남도 여수시 웅천동,경상사고,0,0,3,0,차대차 - 추돌,안전거리미확보,건조,맑음,단일로 - 기타,승용,남,56세,상해없음,승용,남,58세,경상
2018122000100102,2018년 12월 20일 07시,목요일,전라남도 화순군 화순읍,중상사고,0,1,2,0,차량단독 - 전도전복 - 전도,안전운전불이행,건조,맑음,단일로 - 기타,승용,남,59세,경상,미분류,미분류,미분류,미분류
2018122000100103,2018년 12월 20일 07시,목요일,전라남도 완도군 고금면,경상사고,0,0,2,0,차대차 - 정면충돌,안전운전불이행,건조,맑음,교차로 - 교차로부근,화물,남,65세,경상,화물,남,38세,경상
2018122000100126,2018년 12월 20일 08시,목요일,전라남도 광양시 중동,경상사고,0,0,1,0,차대차 - 측면충돌,교차로운행방법위반,건조,맑음,교차로 - 교차로안,특수,남,45세,상해없음,승용,여,44세,경상
2018122000100127,2018년 12월 20일 08시,목요일,전라남도 광양시 중동,경상사고,0,0,1,0,차대차 - 측면충돌,교차로운행방법위반,건조,맑음,교차로 - 교차로안,화물,남,49세,상해없음,승용,여,38세,경상
2018122000100163,2018년 12월 20일 09시,목요일,전라남도 순천시 조례동,경상사고,0,0,2,0,차대차 - 측면충돌,신호위반,건조,맑음,교차로 - 교차로안,화물,남,73세,경상,승용,여,48세,경상
2018122000100164,2018년 12월 20일 09시,목요일,전라남도 영암군 삼호읍,중상사고,0,1,0,0,차량단독 - 기타,안전운전불이행,건조,맑음,교차로 - 교차로부근,이륜,남,87세,중상,,,,
2018122000100215,2018년 12월 20일 11시,목요일,전라남도 순천시 조곡동,경상사고,0,0,1,0,차대차 - 기타,안전운전불이행,건조,맑음,교차로 - 교차로부근,승용,남,55세,상해없음,화물,남,28세,경상
2018122000100238,2018년 12월 20일 12시,목요일,전라남도 나주시 남평읍,중상사고,0,1,0,0,차량단독 - 공작물충돌,안전운전불이행,건조,맑음,단일로 - 기타,승용,여,46세,중상,,,,
2018122000100260,2018년 12월 20일 13시,목요일,전라남도 광양시 금호동,경상사고,0,0,1,0,차대차 - 측면충돌,안전운전불이행,건조,맑음,교차로 - 교차로안,승용,여,44세,경상,화물,남,35세,상해없음
2018122000100381,2018년 12월 20일 17시,목요일,전라남도 목포시 용해동,경상사고,0,0,1,0,차대사람 - 횡단중,보행자보호의무위반,건조,맑음,교차로 - 교차로부근,승용,남,62세,상해없음,보행자,여,74세,경상
2018122000100382,2018년 12월 20일 17시,목요일,전라남도 광양시 광양읍,경상사고,0,0,1,0,차대차 - 측면충돌,교차로운행방법위반,건조,맑음,교차로 - 교차로안,승용,여,60세,상해없음,이륜,남,33세,경상
2018122000100433,2018년 12월 20일 18시,목요일,전라남도 영암군 삼호읍,중상사고,0,1,0,0,차대차 - 기타,안전운전불이행,건조,맑음,교차로 - 교차로부근,화물,남,52세,상해없음,이륜,남,46세,중상
2018122000100546,2018년 12월 20일 21시,목요일,전라남도 여수시 웅천동,경상사고,0,0,2,0,차대차 - 추돌,안전운전불이행,건조,맑음,교차로 - 교차로부근,승용,남,48세,상해없음,승용,남,46세,경상
2018122000100547,2018년 12월 20일 21시,목요일,전라남도 여수시 문수동,경상사고,0,0,1,0,차대차 - 측면충돌,안전운전불이행,건조,맑음,교차로 - 교차로안,이륜,남,17세,상해없음,승용,남,40세,상해없음
2018122000100548,2018년 12월 20일 21시,목요일,전라남도 광양시 광양읍,경상사고,0,0,1,0,차대차 - 정면충돌,안전운전불이행,건조,맑음,교차로 - 교차로부근,승용,남,51세,상해없음,승용,남,38세,경상
2018122100100008,2018년 12월 21일 00시,금요일,전라남도 보성군 벌교읍,경상사고,0,0,1,0,차량단독 - 전도전복 - 전도,기타,건조,맑음,교차로 - 교차로안,이륜,여,66세,경상,미분류,미분류,미분류,미분류
2018122100100057,2018년 12월 21일 04시,금요일,전라남도 목포시 용해동,경상사고,0,0,1,0,차대차 - 측면충돌,안전운전불이행,건조,맑음,단일로 - 기타,승용,남,38세,경상,승용,남,23세,상해없음
2018122100100066,2018년 12월 21일 05시,금요일,전라남도 여수시 오림동,중상사고,0,1,0,0,차대차 - 추돌,안전운전불이행,건조,맑음,교차로 - 교차로부근,승용,남,36세,상해없음,이륜,남,66세,중상
2018122100100122,2018년 12월 21일 07시,금요일,전라남도 나주시 다도면,중상사고,0,1,0,0,차대사람 - 기타,안전운전불이행,건조,맑음,기타 - 기타,화물,남,57세,상해없음,보행자,남,60세,중상
2018122100100146,2018년 12월 21일 08시,금요일,전라남도 강진군 성전면,경상사고,0,0,2,0,차대차 - 측면충돌,교차로운행방법위반,건조,맑음,교차로 - 교차로안,승용,남,75세,상해없음,승용,남,86세,경상
2018122100100177,2018년 12월 21일 09시,금요일,전라남도 목포시 대성동,중상사고,0,1,0,0,차대차 - 기타,신호위반,건조,맑음,교차로 - 교차로안,자전거,남,75세,중상,승용,남,45세,상해없음
2018122100100178,2018년 12월 21일 09시,금요일,전라남도 광양시 광양읍,경상사고,0,0,1,0,차대차 - 측면충돌,안전운전불이행,건조,맑음,단일로 - 기타,건설기계,남,56세,상해없음,승용,여,68세,경상
2018122100100211,2018년 12월 21일 10시,금요일,전라남도 목포시 용해동,중상사고,0,1,0,0,차대사람 - 기타,안전운전불이행,건조,맑음,기타 - 기타,승용,남,60세,상해없음,보행자,여,84세,중상
2018122100100212,2018년 12월 21일 10시,금요일,전라남도 강진군 강진읍,경상사고,0,0,2,0,차대차 - 측면충돌,직진우회전진행방해,건조,맑음,교차로 - 교차로안,승용,여,43세,상해없음,승용,남,58세,경상
2018122100100213,2018년 12월 21일 10시,금요일,전라남도 무안군 무안읍,경상사고,0,0,1,0,차대차 - 추돌,안전운전불이행,건조,맑음,단일로 - 기타,승용,남,89세,상해없음,승용,남,58세,경상
2018122100100243,2018년 12월 21일 11시,금요일,전라남도 목포시 연산동,중상사고,0,2,1,0,차대차 - 기타,교차로운행방법위반,건조,맑음,교차로 - 교차로안,특수,남,33세,경상,이륜,남,57세,중상
2018122100100244,2018년 12월 21일 11시,금요일,전라남도 여수시 고소동,경상사고,0,0,1,0,차대사람 - 횡단중,보행자보호의무위반,건조,맑음,교차로 - 교차로횡단보도내,승용,여,36세,상해없음,보행자,남,64세,경상
2018122100100245,2018년 12월 21일 11시,금요일,전라남도 해남군 산이면,사망사고,1,0,0,0,차량단독 - 기타,안전운전불이행,건조,맑음,단일로 - 기타,화물,남,46세,상해없음,,,,
2018122100100246,2018년 12월 21일 11시,금요일,전라남도 곡성군 삼기면,경상사고,0,0,1,0,차대차 - 측면충돌,안전거리미확보,건조,맑음,단일로 - 기타,화물,남,66세,경상,화물,남,43세,상해없음
2018122100100247,2018년 12월 21일 11시,금요일,전라남도 완도군 소안면,경상사고,0,0,2,0,차대차 - 측면충돌,안전운전불이행,건조,맑음,교차로 - 교차로안,화물,남,71세,상해없음,화물,남,63세,경상
2018122100100279,2018년 12월 21일 12시,금요일,전라남도 영암군 삼호읍,경상사고,0,0,2,0,차대차 - 기타,안전운전불이행,건조,맑음,교차로 - 교차로부근,승용,남,30세,상해없음,화물,남,71세,경상
2018122100100311,2018년 12월 21일 13시,금요일,전라남도 목포시 연산동,경상사고,0,0,1,0,차대차 - 기타,신호위반,건조,맑음,교차로 - 교차로안,승용,남,56세,상해없음,승용,남,73세,경상
2018122100100312,2018년 12월 21일 13시,금요일,전라남도 여수시 신기동,경상사고,0,0,2,0,차대차 - 측면충돌,신호위반,건조,맑음,교차로 - 교차로안,승용,남,81세,상해없음,승용,남,39세,경상
2018122100100313,2018년 12월 21일 13시,금요일,전라남도 영암군 신북면,경상사고,0,0,2,0,차대차 - 추돌,안전운전불이행,건조,맑음,교차로 - 교차로부근,승합,남,58세,상해없음,승용,남,38세,경상
2018122100100337,2018년 12월 21일 14시,금요일,전라남도 순천시 조례동,경상사고,0,0,2,0,차대차 - 기타,신호위반,건조,맑음,교차로 - 교차로안,승용,여,64세,경상,승용,남,50세,상해없음
2018122100100338,2018년 12월 21일 14시,금요일,전라남도 광양시 광양읍,중상사고,0,1,0,0,차대사람 - 기타,안전운전불이행,건조,맑음,교차로 - 교차로부근,화물,남,69세,상해없음,보행자,남,80세,중상
2018122100100367,2018년 12월 21일 15시,금요일,전라남도 고흥군 두원면,중상사고,0,1,0,0,차량단독 - 공작물충돌,안전운전불이행,건조,맑음,교차로 - 교차로안,화물,여,56세,중상,,,,
2018122100100368,2018년 12월 21일 15시,금요일,전라남도 영광군 영광읍,중상사고,0,1,0,0,차대사람 - 차도통행중,안전운전불이행,건조,맑음,단일로 - 기타,승용,여,56세,상해없음,보행자,남,54세,중상
2018122100100403,2018년 12월 21일 16시,금요일,전라남도 순천시 조곡동,경상사고,0,0,1,0,차대차 - 측면충돌,신호위반,건조,맑음,교차로 - 교차로안,화물,남,24세,상해없음,화물,남,24세,경상
2018122100100443,2018년 12월 21일 17시,금요일,전라남도 목포시 옥암동,경상사고,0,0,1,0,차대사람 - 기타,안전운전불이행,건조,맑음,단일로 - 기타,승용,여,56세,상해없음,보행자,남,26세,경상
2018122100100445,2018년 12월 21일 17시,금요일,전라남도 순천시 남정동,경상사고,0,0,2,0,차대사람 - 횡단중,보행자보호의무위반,건조,맑음,교차로 - 교차로부근,승용,남,47세,상해없음,보행자,여,24세,경상