사고번호,사고일시,요일,시군구,사고내용,사망자수,중상자수,경상자수,부상신고자수,사고유형,법규위반,노면상태,기상상태,도로형태,가해운전자 차종,가해운전자 성별,가해운전자 연령,가해운전자 상해정도,피해운전자 차종,피해운전자 성별,피해운전자 연령,피해운전자 상해정도
2018122100100446,2018년 12월 21일 17시,금요일,전라남도 영암군 신북면,경상사고,0,0,1,0,차대차 - 추돌,안전운전불이행,건조,맑음,단일로 - 기타,화물,남,55세,상해없음,승용,여,25세,경상
2018122100100520,2018년 12월 21일 18시,금요일,전라남도 목포시 산정동,중상사고,0,1,1,0,차대차 - 기타,신호위반,건조,맑음,교차로 - 교차로안,승용,남,63세,상해없음,화물,남,57세,중상
2018122100100521,2018년 12월 21일 18시,금요일,전라남도 목포시 옥암동,경상사고,0,0,1,0,차대차 - 측면충돌,안전거리미확보,건조,맑음,단일로 - 기타,승용,남,40세,상해없음,승용,여,57세,경상
2018122100100522,2018년 12월 21일 18시,금요일,전라남도 목포시 용당동,경상사고,0,0,1,0,차대사람 - 기타,안전운전불이행,건조,맑음,단일로 - 기타,승용,남,26세,상해없음,보행자,여,39세,경상
2018122100100601,2018년 12월 21일 20시,금요일,전라남도 영암군 삼호읍,경상사고,0,0,1,0,차대사람 - 횡단중,안전운전불이행,건조,맑음,교차로 - 교차로부근,화물,남,52세,상해없음,보행자,남,21세,경상
2018122100100659,2018년 12월 21일 22시,금요일,전라남도 목포시 상동,중상사고,0,1,0,0,차대사람 - 횡단중,안전운전불이행,건조,맑음,교차로 - 교차로횡단보도내,승용,여,36세,상해없음,보행자,남,58세,중상
2018122100100660,2018년 12월 21일 22시,금요일,전라남도 나주시 삼영동,중상사고,0,1,3,0,차대차 - 측면충돌,중앙선침범,젖음/습기,안개,단일로 - 교량,승용,남,46세,경상,승용,남,26세,경상
2018122200100039,2018년 12월 22일 01시,토요일,전라남도 나주시 남평읍,중상사고,0,2,1,0,차대차 - 기타,안전운전불이행,젖음/습기,안개,단일로 - 기타,승용,남,15세,중상,화물,남,45세,기타불명
2018122200100140,2018년 12월 22일 08시,토요일,전라남도 신안군 압해읍,중상사고,0,1,0,0,차대차 - 기타,기타,건조,맑음,교차로 - 교차로안,기타불명,기타불명,미분류,기타불명,승합,남,48세,상해없음
2018122200100175,2018년 12월 22일 09시,토요일,전라남도 목포시 호남동,경상사고,0,0,2,0,차대차 - 측면충돌,안전운전불이행,건조,맑음,단일로 - 기타,승용,남,64세,경상,승용,남,34세,경상
2018122200100176,2018년 12월 22일 09시,토요일,전라남도 곡성군 곡성읍,경상사고,0,0,1,0,차대차 - 추돌,안전운전불이행,건조,맑음,교차로 - 교차로부근,화물,남,62세,상해없음,승용,여,49세,경상
2018122200100201,2018년 12월 22일 10시,토요일,전라남도 순천시 조곡동,경상사고,0,0,3,0,차대차 - 측면충돌,직진우회전진행방해,건조,맑음,교차로 - 교차로안,승용,남,62세,상해없음,승용,남,67세,경상
2018122200100270,2018년 12월 22일 12시,토요일,전라남도 장흥군 회진면,중상사고,0,1,2,0,차대차 - 측면충돌,안전운전불이행,건조,맑음,단일로 - 기타,승용,여,58세,상해없음,승용,남,70세,경상
2018122200100271,2018년 12월 22일 12시,토요일,전라남도 구례군 토지면,중상사고,0,3,0,0,차대차 - 정면충돌,중앙선침범,건조,맑음,단일로 - 기타,화물,남,60세,중상,승용,남,76세,중상
2018122200100300,2018년 12월 22일 13시,토요일,전라남도 무안군 무안읍,경상사고,0,0,1,0,차대사람 - 차도통행중,안전운전불이행,건조,맑음,단일로 - 기타,승합,여,57세,상해없음,보행자,남,64세,경상
2018122200100301,2018년 12월 22일 13시,토요일,전라남도 무안군 해제면,경상사고,0,0,4,0,차대차 - 후진중충돌,안전운전불이행,건조,맑음,교차로 - 교차로부근,화물,남,59세,상해없음,승용,남,46세,경상
2018122200100340,2018년 12월 22일 14시,토요일,전라남도 목포시 산정동,경상사고,0,0,1,0,차량단독 - 기타,안전운전불이행,건조,맑음,교차로 - 교차로안,이륜,남,76세,경상,,,,
2018122200100341,2018년 12월 22일 14시,토요일,전라남도 목포시 석현동,경상사고,0,0,1,0,차대차 - 기타,안전운전불이행,건조,맑음,단일로 - 기타,승용,남,23세,상해없음,승합,남,43세,상해없음
2018122200100342,2018년 12월 22일 14시,토요일,전라남도 여수시 학동,경상사고,0,0,4,0,차대차 - 추돌,안전운전불이행,건조,맑음,교차로 - 교차로부근,승용,여,51세,상해없음,승용,남,50세,경상
2018122200100380,2018년 12월 22일 15시,토요일,전라남도 목포시 상동,경상사고,0,0,1,0,차대차 - 측면충돌,교차로운행방법위반,건조,맑음,교차로 - 교차로안,화물,남,36세,상해없음,승용,여,52세,경상
2018122200100452,2018년 12월 22일 17시,토요일,전라남도 여수시 학동,경상사고,0,0,1,0,차대사람 - 기타,안전운전불이행,건조,맑음,단일로 - 기타,승용,여,35세,상해없음,보행자,남,43세,경상
2018122200100453,2018년 12월 22일 17시,토요일,전라남도 순천시 상사면,중상사고,0,2,1,0,차대차 - 측면충돌,직진우회전진행방해,건조,맑음,교차로 - 교차로안,화물,남,51세,경상,승용,여,49세,중상
2018122200100454,2018년 12월 22일 17시,토요일,전라남도 나주시 용산동,경상사고,0,0,2,0,차대차 - 측면충돌,안전운전불이행,건조,흐림,교차로 - 교차로안,화물,남,59세,상해없음,승용,여,61세,경상
2018122200100455,2018년 12월 22일 17시,토요일,전라남도 영암군 삼호읍,경상사고,0,0,1,0,차대차 - 측면충돌,신호위반,건조,맑음,교차로 - 교차로안,화물,남,57세,상해없음,승용,남,54세,경상
2018122200100456,2018년 12월 22일 17시,토요일,전라남도 광양시 광양읍,경상사고,0,0,1,0,차대사람 - 횡단중,안전운전불이행,건조,맑음,단일로 - 기타,승용,남,60세,상해없음,보행자,남,75세,경상
2018122200100457,2018년 12월 22일 17시,토요일,전라남도 광양시 광양읍,경상사고,0,0,1,0,차대차 - 측면충돌,교차로운행방법위반,건조,맑음,교차로 - 교차로안,승용,여,55세,상해없음,이륜,남,61세,경상
2018122200100492,2018년 12월 22일 18시,토요일,전라남도 목포시 산정동,중상사고,0,1,0,0,차대차 - 측면충돌,안전운전불이행,젖음/습기,비,교차로 - 교차로안,이륜,남,49세,중상,승용,남,44세,상해없음
2018122200100493,2018년 12월 22일 18시,토요일,전라남도 목포시 석현동,경상사고,0,0,1,0,차대차 - 측면충돌,안전운전불이행,젖음/습기,비,교차로 - 교차로부근,승용,여,50세,상해없음,승용,남,63세,경상
2018122200100494,2018년 12월 22일 18시,토요일,전라남도 나주시 송월동,경상사고,0,0,2,0,차대사람 - 횡단중,안전운전불이행,건조,맑음,단일로 - 기타,승용,남,20세,상해없음,보행자,남,65세,경상
2018122200100495,2018년 12월 22일 18시,토요일,전라남도 함평군 엄다면,경상사고,0,0,1,0,차대차 - 추돌,안전운전불이행,건조,맑음,단일로 - 기타,승용,여,54세,상해없음,승용,여,44세,경상
2018122200100496,2018년 12월 22일 18시,토요일,전라남도 곡성군 곡성읍,사망사고,1,0,0,0,차대사람 - 길가장자리구역통행중,안전운전불이행,건조,맑음,단일로 - 기타,화물,남,76세,상해없음,보행자,여,79세,사망
2018122200100531,2018년 12월 22일 19시,토요일,전라남도 여수시 충무동,중상사고,0,1,0,0,차대사람 - 횡단중,보행자보호의무위반,건조,맑음,교차로 - 교차로안,승용,남,35세,상해없음,보행자,여,66세,중상
2018122200100575,2018년 12월 22일 21시,토요일,전라남도 순천시 연향동,경상사고,0,0,1,0,차대사람 - 차도통행중,안전운전불이행,건조,맑음,단일로 - 기타,승용,남,38세,상해없음,보행자,여,19세,경상
2018122200100576,2018년 12월 22일 21시,토요일,전라남도 완도군 완도읍,경상사고,0,0,1,0,차대차 - 기타,안전운전불이행,젖음/습기,비,교차로 - 교차로안,승용,여,57세,상해없음,승용,여,60세,경상
2018122200100601,2018년 12월 22일 22시,토요일,전라남도 목포시 죽교동,중상사고,0,1,0,0,차대사람 - 기타,안전운전불이행,건조,맑음,단일로 - 기타,승용,남,26세,상해없음,보행자,남,41세,중상
2018122200100629,2018년 12월 22일 23시,토요일,전라남도 목포시 상동,경상사고,0,0,4,0,차대차 - 측면충돌,안전운전불이행,건조,맑음,교차로 - 교차로안,승용,남,55세,경상,승용,여,53세,경상
2018122300100057,2018년 12월 23일 03시,일요일,전라남도 목포시 상동,경상사고,0,0,1,0,차대사람 - 횡단중,보행자보호의무위반,젖음/습기,비,교차로 - 교차로횡단보도내,승용,남,31세,상해없음,보행자,남,35세,경상
2018122300100073,2018년 12월 23일 04시,일요일,전라남도 순천시 남정동,사망사고,1,0,0,0,차대사람 - 기타,과속,젖음/습기,비,단일로 - 기타,승용,남,25세,상해없음,보행자,남,30세,사망
2018122300100085,2018년 12월 23일 05시,일요일,전라남도 여수시 국동,사망사고,1,0,0,0,차대사람 - 횡단중,신호위반,젖음/습기,비,교차로 - 교차로부근,승용,남,27세,상해없음,보행자,여,90세 이상,사망
2018122300100104,2018년 12월 23일 07시,일요일,전라남도 목포시 광동1가,경상사고,0,0,1,0,차량단독 - 공작물충돌,안전운전불이행,건조,맑음,단일로 - 기타,승용,남,78세,경상,,,,
2018122300100140,2018년 12월 23일 10시,일요일,전라남도 나주시 봉황면,중상사고,0,1,0,0,차대사람 - 횡단중,안전운전불이행,건조,맑음,교차로 - 교차로부근,화물,남,72세,상해없음,보행자,남,90세 이상,중상
2018122300100156,2018년 12월 23일 11시,일요일,전라남도 목포시 상동,경상사고,0,0,3,0,차대차 - 측면충돌,차로위반,건조,맑음,단일로 - 기타,승합,남,70세,경상,승용,남,44세,경상
2018122300100174,2018년 12월 23일 12시,일요일,전라남도 목포시 옥암동,경상사고,0,0,2,0,차대차 - 기타,교차로운행방법위반,건조,맑음,교차로 - 교차로안,기타불명,기타불명,미분류,기타불명,승용,남,37세,경상
2018122300100175,2018년 12월 23일 12시,일요일,전라남도 영암군 삼호읍,경상사고,0,0,3,0,차대차 - 측면충돌,과속,건조,맑음,교차로 - 교차로안,승용,여,43세,경상,화물,남,68세,경상
2018122300100195,2018년 12월 23일 13시,일요일,전라남도 순천시 해룡면,경상사고,0,0,1,0,차대사람 - 차도통행중,안전운전불이행,건조,맑음,단일로 - 기타,승용,여,44세,상해없음,보행자,남,9세,경상
2018122300100196,2018년 12월 23일 13시,일요일,전라남도 화순군 화순읍,사망사고,1,0,2,1,차대사람 - 기타,보행자보호의무위반,건조,맑음,교차로 - 교차로안,화물,남,68세,부상신고,보행자,여,72세,사망
2018122300100197,2018년 12월 23일 13시,일요일,전라남도 구례군 토지면,중상사고,0,2,0,0,차대차 - 정면충돌,중앙선침범,건조,맑음,단일로 - 기타,승용,여,50세,상해없음,승용,남,55세,중상
2018122300100224,2018년 12월 23일 14시,일요일,전라남도 여수시 미평동,경상사고,0,0,1,0,차대차 - 정면충돌,중앙선침범,건조,맑음,단일로 - 기타,승용,남,73세,상해없음,이륜,남,40세,경상
2018122300100253,2018년 12월 23일 15시,일요일,전라남도 여수시 둔덕동,경상사고,0,0,1,0,차대사람 - 횡단중,신호위반,건조,맑음,단일로 - 기타,승용,여,67세,상해없음,보행자,남,23세,경상
2018122300100254,2018년 12월 23일 15시,일요일,전라남도 보성군 벌교읍,경상사고,0,0,1,0,차대차 - 측면충돌,안전거리미확보,건조,맑음,교차로 - 교차로부근,이륜,남,71세,경상,화물,남,73세,상해없음
2018122300100255,2018년 12월 23일 15시,일요일,전라남도 곡성군 죽곡면,중상사고,0,1,1,0,차대차 - 추돌,안전운전불이행,건조,맑음,단일로 - 기타,화물,남,72세,경상,승용,남,48세,상해없음
2018122300100280,2018년 12월 23일 16시,일요일,전라남도 목포시 상동,경상사고,0,0,1,0,차대차 - 기타,안전거리미확보,건조,맑음,단일로 - 기타,승용,남,68세,상해없음,승용,남,73세,경상
2018122300100307,2018년 12월 23일 17시,일요일,전라남도 여수시 교동,경상사고,0,0,1,0,차대사람 - 기타,안전운전불이행,건조,맑음,단일로 - 기타,승용,남,44세,상해없음,보행자,여,56세,경상
2018122300100308,2018년 12월 23일 17시,일요일,전라남도 구례군 마산면,경상사고,0,0,3,0,차대차 - 기타,중앙선침범,건조,맑음,단일로 - 기타,승용,남,24세,상해없음,화물,남,68세,경상
2018122300100367,2018년 12월 23일 19시,일요일,전라남도 여수시 공화동,중상사고,0,1,0,0,차대사람 - 기타,안전운전불이행,건조,맑음,교차로 - 교차로안,승용,남,63세,상해없음,보행자,남,63세,중상
2018122300100386,2018년 12월 23일 20시,일요일,전라남도 목포시 죽교동,중상사고,0,1,0,0,차대사람 - 횡단중,안전운전불이행,건조,기타,교차로 - 교차로안,승용,남,63세,상해없음,보행자,남,63세,중상
2018122300100421,2018년 12월 23일 22시,일요일,전라남도 여수시 낙포동,경상사고,0,0,2,0,차대차 - 추돌,안전운전불이행,건조,맑음,교차로 - 교차로안,승용,남,37세,상해없음,승용,남,54세,경상
2018122300100422,2018년 12월 23일 22시,일요일,전라남도 여수시 여서동,경상사고,0,0,1,1,차대차 - 추돌,안전운전불이행,건조,맑음,교차로 - 교차로부근,승용,남,58세,상해없음,승용,남,65세,경상
2018122300100423,2018년 12월 23일 22시,일요일,전라남도 완도군 노화읍,경상사고,0,0,1,0,차량단독 - 공작물충돌,안전운전불이행,건조,맑음,단일로 - 기타,승용,여,47세,경상,,,,
2018122300100444,2018년 12월 23일 23시,일요일,전라남도 장흥군 용산면,경상사고,0,0,1,0,차량단독 - 전도전복 - 전도,안전운전불이행,건조,맑음,단일로 - 기타,승용,여,54세,경상,미분류,미분류,미분류,미분류
2018122400100015,2018년 12월 24일 01시,월요일,전라남도 강진군 강진읍,부상신고사고,0,0,0,1,차대차 - 기타,안전운전불이행,건조,맑음,교차로 - 교차로안,승용,여,42세,부상신고,화물,남,59세,상해없음
2018122400100110,2018년 12월 24일 08시,월요일,전라남도 고흥군 도화면,중상사고,0,1,0,0,차대차 - 측면충돌,교차로운행방법위반,건조,맑음,교차로 - 교차로안,사륜오토바이(ATV),남,78세,중상,화물,남,63세,상해없음
2018122400100111,2018년 12월 24일 08시,월요일,전라남도 함평군 해보면,경상사고,0,0,1,0,차대차 - 측면충돌,중앙선침범,건조,맑음,단일로 - 기타,승용,남,39세,상해없음,승용,남,36세,경상
2018122400100112,2018년 12월 24일 08시,월요일,전라남도 강진군 강진읍,경상사고,0,0,2,0,차대차 - 측면충돌,안전운전불이행,건조,맑음,단일로 - 기타,화물,남,70세,상해없음,승용,남,68세,경상
2018122400100173,2018년 12월 24일 10시,월요일,전라남도 순천시 조례동,경상사고,0,0,1,0,차대차 - 추돌,안전거리미확보,건조,맑음,교차로 - 교차로부근,승용,여,51세,상해없음,승용,여,34세,경상
2018122400100174,2018년 12월 24일 10시,월요일,전라남도 영광군 묘량면,사망사고,1,0,0,0,차량단독 - 공작물충돌,안전운전불이행,건조,맑음,단일로 - 기타,원동기,남,40세,사망,,,,
2018122400100175,2018년 12월 24일 10시,월요일,전라남도 함평군 해보면,중상사고,0,1,0,0,차대차 - 후진중충돌,안전운전불이행,건조,맑음,교차로 - 교차로부근,화물,남,59세,상해없음,승용,남,50세,중상
2018122400100239,2018년 12월 24일 12시,월요일,전라남도 무안군 해제면,경상사고,0,0,2,0,차대차 - 기타,교차로운행방법위반,건조,맑음,교차로 - 교차로안,승용,여,55세,상해없음,승용,남,64세,경상
2018122400100286,2018년 12월 24일 13시,월요일,전라남도 영암군 삼호읍,경상사고,0,0,2,0,차대차 - 기타,과속,건조,맑음,교차로 - 교차로부근,승용,남,40세,경상,승용,여,43세,상해없음
2018122400100287,2018년 12월 24일 13시,월요일,전라남도 광양시 중동,경상사고,0,0,2,0,차대차 - 정면충돌,신호위반,건조,맑음,교차로 - 교차로안,승용,여,45세,경상,승용,남,36세,경상
2018122400100288,2018년 12월 24일 13시,월요일,전라남도 구례군 구례읍,경상사고,0,0,1,0,차대차 - 후진중충돌,불법유턴,건조,맑음,단일로 - 기타,화물,남,27세,상해없음,이륜,여,31세,경상
2018122400100356,2018년 12월 24일 15시,월요일,전라남도 구례군 광의면,경상사고,0,0,1,1,차대차 - 측면충돌,신호위반,건조,맑음,단일로 - 기타,승용,여,25세,부상신고,승용,남,30세,경상
2018122400100391,2018년 12월 24일 16시,월요일,전라남도 목포시 산정동,경상사고,0,0,1,0,차대사람 - 기타,안전운전불이행,건조,맑음,단일로 - 기타,승용,남,59세,상해없음,보행자,여,12세,경상
2018122400100480,2018년 12월 24일 18시,월요일,전라남도 여수시 문수동,경상사고,0,0,1,0,차대사람 - 횡단중,차로위반,건조,맑음,단일로 - 기타,승용,여,56세,상해없음,보행자,여,44세,경상
2018122400100481,2018년 12월 24일 18시,월요일,전라남도 순천시 조례동,경상사고,0,0,2,0,차대차 - 측면충돌,안전운전불이행,건조,맑음,단일로 - 기타,승용,남,62세,상해없음,승용,여,38세,경상
2018122400100541,2018년 12월 24일 19시,월요일,전라남도 순천시 연향동,경상사고,0,0,1,0,차대차 - 측면충돌,안전운전불이행,건조,맑음,교차로 - 교차로안,승용,남,25세,상해없음,승용,남,65세,상해없음
2018122400100628,2018년 12월 24일 22시,월요일,전라남도 광양시 중동,경상사고,0,0,2,0,차대사람 - 횡단중,안전운전불이행,건조,맑음,교차로 - 교차로부근,이륜,남,22세,경상,보행자,남,43세,경상
2018122500100062,2018년 12월 25일 04시,화요일,전라남도 해남군 해남읍,경상사고,0,0,1,0,차대차 - 기타,교차로운행방법위반,건조,맑음,교차로 - 교차로안,화물,남,70세,상해없음,승용,여,36세,경상
2018122500100063,2018년 12월 25일 04시,화요일,전라남도 함평군 신광면,중상사고,0,1,0,0,차량단독 - 공작물충돌,안전운전불이행,건조,맑음,단일로 - 기타,승용,남,58세,상해없음,,,,
2018122500100090,2018년 12월 25일 07시,화요일,전라남도 여수시 학동,경상사고,0,0,1,0,차대차 - 측면충돌,안전운전불이행,건조,맑음,단일로 - 기타,승용,남,24세,상해없음,승용,남,68세,경상
2018122500100107,2018년 12월 25일 09시,화요일,전라남도 목포시 용당동,중상사고,0,1,0,0,차대사람 - 횡단중,신호위반,건조,맑음,교차로 - 교차로안,승용,여,37세,상해없음,보행자,여,74세,중상
2018122500100146,2018년 12월 25일 12시,화요일,전라남도 보성군 벌교읍,중상사고,0,1,0,0,차량단독 - 도로외이탈 - 기타,안전운전불이행,건조,맑음,단일로 - 기타,화물,남,68세,중상,,,,
2018122500100161,2018년 12월 25일 13시,화요일,전라남도 순천시 연향동,경상사고,0,0,1,0,차대차 - 측면충돌,직진우회전진행방해,건조,맑음,교차로 - 교차로안,이륜,남,22세,경상,승용,여,50세,상해없음
2018122500100162,2018년 12월 25일 13시,화요일,전라남도 해남군 마산면,경상사고,0,0,1,0,차대차 - 기타,기타,건조,맑음,교차로 - 교차로안,승용,남,56세,상해없음,이륜,여,76세,경상
2018122500100211,2018년 12월 25일 15시,화요일,전라남도 여수시 학동,중상사고,0,1,0,0,차대사람 - 기타,안전운전불이행,건조,맑음,단일로 - 기타,승합,남,61세,상해없음,보행자,여,69세,중상
2018122500100258,2018년 12월 25일 17시,화요일,전라남도 여수시 화장동,경상사고,0,0,1,0,차대사람 - 횡단중,보행자보호의무위반,건조,맑음,교차로 - 교차로부근,화물,남,44세,상해없음,보행자,여,63세,경상
2018122500100259,2018년 12월 25일 17시,화요일,전라남도 무안군 삼향읍,경상사고,0,0,1,0,차대차 - 추돌,안전거리미확보,건조,맑음,단일로 - 기타,승용,남,54세,상해없음,승용,남,59세,경상
2018122500100293,2018년 12월 25일 18시,화요일,전라남도 목포시 산정동,경상사고,0,0,1,0,차대차 - 측면충돌,교차로운행방법위반,건조,맑음,교차로 - 교차로안,승용,남,57세,상해없음,이륜,남,27세,경상
2018122500100294,2018년 12월 25일 18시,화요일,전라남도 순천시 풍덕동,경상사고,0,0,1,0,차대차 - 정면충돌,차로위반,건조,맑음,단일로 - 교량,이륜,남,58세,상해없음,자전거,남,64세,경상
2018122500100295,2018년 12월 25일 18시,화요일,전라남도 담양군 용면,경상사고,0,0,1,0,차대차 - 추돌,안전운전불이행,건조,맑음,단일로 - 기타,승용,여,45세,경상,농기계,남,58세,기타불명
2018122500100327,2018년 12월 25일 19시,화요일,전라남도 담양군 고서면,경상사고,0,0,4,0,차대차 - 추돌,안전운전불이행,건조,맑음,교차로 - 교차로부근,승용,남,20세,상해없음,승용,여,56세,경상
2018122500100353,2018년 12월 25일 20시,화요일,전라남도 목포시 산정동,경상사고,0,0,1,0,차대차 - 측면충돌,교차로운행방법위반,건조,맑음,교차로 - 교차로안,승용,남,27세,상해없음,이륜,남,71세,경상
2018122500100354,2018년 12월 25일 20시,화요일,전라남도 나주시 보산동,경상사고,0,0,2,0,차대차 - 측면충돌,안전운전불이행,건조,맑음,단일로 - 기타,화물,남,53세,상해없음,승용,남,54세,경상
2018122500100418,2018년 12월 25일 23시,화요일,전라남도 광양시 옥곡면,부상신고사고,0,0,0,1,차량단독 - 도로외이탈 - 추락,안전운전불이행,건조,맑음,단일로 - 기타,승용,남,47세,부상신고,,,,
2018122600100043,2018년 12월 26일 04시,수요일,전라남도 광양시 중동,경상사고,0,0,1,0,차대차 - 측면충돌,신호위반,건조,맑음,교차로 - 교차로안,승용,남,55세,상해없음,승용,여,46세,경상
2018122600100050,2018년 12월 26일 05시,수요일,전라남도 여수시 교동,경상사고,0,0,2,0,차대차 - 측면충돌,직진우회전진행방해,건조,맑음,교차로 - 교차로안,화물,남,70세,상해없음,승용,남,69세,경상
2018122600100063,2018년 12월 26일 06시,수요일,전라남도 여수시 적량동,경상사고,0,0,2,0,차대차 - 측면충돌,신호위반,건조,맑음,교차로 - 교차로안,승용,남,60세,상해없음,승용,남,61세,경상
2018122600100078,2018년 12월 26일 07시,수요일,전라남도 영암군 삼호읍,경상사고,0,0,1,0,차대차 - 기타,안전운전불이행,건조,맑음,기타 - 기타,승용,남,50세,상해없음,승용,남,22세,경상
2018122600100106,2018년 12월 26일 08시,수요일,전라남도 목포시 용해동,경상사고,0,0,3,0,차대차 - 측면충돌,중앙선침범,젖음/습기,흐림,교차로 - 교차로부근,승용,남,69세,상해없음,승용,남,26세,경상
2018122600100131,2018년 12월 26일 09시,수요일,전라남도 신안군 압해읍,중상사고,0,1,0,0,차대차 - 측면충돌,안전운전불이행,젖음/습기,안개,단일로 - 교량,화물,남,59세,상해없음,승용,여,55세,중상
2018122600100132,2018년 12월 26일 09시,수요일,전라남도 장흥군 안양면,경상사고,0,0,1,0,차대차 - 측면충돌,안전운전불이행,건조,맑음,교차로 - 교차로안,건설기계,남,54세,상해없음,화물,남,68세,경상
2018122600100133,2018년 12월 26일 09시,수요일,전라남도 해남군 해남읍,경상사고,0,0,4,0,차대차 - 측면충돌,직진우회전진행방해,건조,맑음,교차로 - 교차로안,화물,남,67세,경상,화물,남,57세,경상
2018122600100134,2018년 12월 26일 09시,수요일,전라남도 보성군 득량면,중상사고,0,1,0,0,차대사람 - 기타,안전운전불이행,건조,맑음,기타 - 기타,승용,남,49세,상해없음,보행자,여,71세,중상
2018122600100135,2018년 12월 26일 09시,수요일,전라남도 담양군 대전면,경상사고,0,0,1,0,차대차 - 추돌,안전거리미확보,건조,맑음,교차로 - 교차로부근,화물,남,46세,상해없음,화물,남,48세,경상
2018122600100155,2018년 12월 26일 10시,수요일,전라남도 순천시 조례동,경상사고,0,0,2,0,차대차 - 측면충돌,안전거리미확보,건조,맑음,단일로 - 기타,승용,여,31세,상해없음,승용,여,39세,경상
2018122600100184,2018년 12월 26일 11시,수요일,전라남도 장흥군 관산읍,경상사고,0,0,1,0,차대사람 - 길가장자리구역통행중,안전운전불이행,건조,맑음,교차로 - 교차로안,승용,남,69세,상해없음,보행자,여,83세,경상
2018122600100227,2018년 12월 26일 12시,수요일,전라남도 고흥군 두원면,중상사고,0,1,0,0,차량단독 - 공작물충돌,안전운전불이행,건조,맑음,단일로 - 기타,승용,남,59세,상해없음,,,,
2018122600100251,2018년 12월 26일 13시,수요일,전라남도 여수시 공화동,경상사고,0,0,2,0,차대차 - 측면충돌,안전운전불이행,건조,맑음,교차로 - 교차로부근,화물,남,28세,상해없음,승용,여,23세,경상
2018122600100252,2018년 12월 26일 13시,수요일,전라남도 나주시 송월동,경상사고,0,0,1,0,차량단독 - 공작물충돌,안전운전불이행,건조,맑음,교차로 - 교차로안,승용,남,19세,상해없음,,,,
2018122600100297,2018년 12월 26일 14시,수요일,전라남도 장성군 서삼면,경상사고,0,0,1,0,차대차 - 측면충돌,안전운전불이행,건조,맑음,단일로 - 기타,승용,남,50세,상해없음,화물,남,64세,경상
2018122600100327,2018년 12월 26일 15시,수요일,전라남도 함평군 학교면,부상신고사고,0,0,0,1,차대차 - 기타,차로위반,건조,맑음,단일로 - 기타,사륜오토바이(ATV),기타불명,미분류,기타불명,승용,남,32세,부상신고
2018122600100328,2018년 12월 26일 15시,수요일,전라남도 무안군 삼향읍,중상사고,0,1,0,0,차대사람 - 횡단중,안전운전불이행,건조,맑음,교차로 - 교차로횡단보도내,승용,여,37세,상해없음,보행자,여,11세,중상
2018122600100360,2018년 12월 26일 16시,수요일,전라남도 순천시 조례동,경상사고,0,0,2,0,차대사람 - 차도통행중,안전운전불이행,건조,맑음,단일로 - 기타,승용,여,64세,상해없음,보행자,여,53세,경상
2018122600100361,2018년 12월 26일 16시,수요일,전라남도 영암군 삼호읍,중상사고,0,1,0,0,차대차 - 추돌,안전운전불이행,건조,맑음,교차로 - 교차로부근,화물,남,52세,상해없음,화물,남,58세,중상
2018122600100438,2018년 12월 26일 18시,수요일,전라남도 목포시 산정동,경상사고,0,0,1,0,차대차 - 측면충돌,안전운전불이행,건조,맑음,단일로 - 기타,승용,여,28세,상해없음,승합,여,44세,경상
2018122600100439,2018년 12월 26일 18시,수요일,전라남도 목포시 대성동,중상사고,0,1,3,0,차대차 - 측면충돌,안전운전불이행,건조,맑음,단일로 - 기타,승용,여,70세,경상,승용,남,37세,기타불명
2018122600100440,2018년 12월 26일 18시,수요일,전라남도 구례군 구례읍,경상사고,0,0,1,0,차대차 - 추돌,안전운전불이행,건조,맑음,단일로 - 기타,승용,여,68세,경상,화물,남,50세,상해없음
2018122600100511,2018년 12월 26일 20시,수요일,전라남도 목포시 용당동,사망사고,1,1,0,0,차대사람 - 횡단중,안전운전불이행,건조,맑음,단일로 - 기타,승합,남,32세,상해없음,보행자,남,58세,사망
2018122600100570,2018년 12월 26일 22시,수요일,전라남도 여수시 봉강동,경상사고,0,0,2,1,차대차 - 정면충돌,중앙선침범,건조,맑음,단일로 - 고가도로위,승용,여,43세,부상신고,승용,남,60세,경상
2018122700100015,2018년 12월 27일 00시,목요일,전라남도 광양시 마동,경상사고,0,0,1,0,차대차 - 정면충돌,중앙선침범,건조,맑음,교차로 - 교차로횡단보도내,승용,남,30세,상해없음,승용,남,49세,경상
2018122700100071,2018년 12월 27일 05시,목요일,전라남도 함평군 신광면,부상신고사고,0,0,0,1,차대차 - 측면충돌,중앙선침범,건조,맑음,단일로 - 기타,승용,여,42세,부상신고,화물,남,55세,상해없음
2018122700100087,2018년 12월 27일 06시,목요일,전라남도 장흥군 안양면,경상사고,0,0,1,0,차대차 - 측면충돌,신호위반,건조,맑음,교차로 - 교차로안,승용,여,58세,상해없음,승합,남,67세,경상
2018122700100128,2018년 12월 27일 08시,목요일,전라남도 순천시 풍덕동,경상사고,0,0,1,0,차대차 - 측면충돌,직진우회전진행방해,건조,맑음,교차로 - 교차로안,자전거,남,22세,경상,승용,남,66세,상해없음