사고번호,사고일시,요일,시군구,사고내용,사망자수,중상자수,경상자수,부상신고자수,사고유형,법규위반,노면상태,기상상태,도로형태,가해운전자 차종,가해운전자 성별,가해운전자 연령,가해운전자 상해정도,피해운전자 차종,피해운전자 성별,피해운전자 연령,피해운전자 상해정도
2018122700100129,2018년 12월 27일 08시,목요일,전라남도 화순군 화순읍,경상사고,0,0,1,0,차대차 - 추돌,안전운전불이행,건조,맑음,단일로 - 기타,승용,남,17세,기타불명,화물,남,31세,경상
2018122700100130,2018년 12월 27일 08시,목요일,전라남도 광양시 중동,중상사고,0,1,0,0,차대차 - 측면충돌,교차로운행방법위반,건조,맑음,교차로 - 교차로안,이륜,남,61세,중상,화물,남,39세,상해없음
2018122700100159,2018년 12월 27일 09시,목요일,전라남도 여수시 신월동,경상사고,0,0,1,0,차대차 - 정면충돌,안전운전불이행,건조,맑음,교차로 - 교차로안,승용,남,72세,상해없음,승용,남,52세,경상
2018122700100160,2018년 12월 27일 09시,목요일,전라남도 순천시 석현동,경상사고,0,0,1,0,차대차 - 측면충돌,안전운전불이행,건조,맑음,단일로 - 기타,화물,남,56세,상해없음,승용,남,36세,경상
2018122700100184,2018년 12월 27일 10시,목요일,전라남도 나주시 송월동,경상사고,0,0,2,0,차대차 - 추돌,안전거리미확보,건조,맑음,단일로 - 기타,승용,남,69세,상해없음,승용,남,38세,경상
2018122700100185,2018년 12월 27일 10시,목요일,전라남도 광양시 중동,경상사고,0,0,1,0,차대사람 - 기타,안전운전불이행,건조,맑음,단일로 - 기타,승용,여,48세,상해없음,보행자,여,80세,경상
2018122700100236,2018년 12월 27일 12시,목요일,전라남도 광양시 중동,경상사고,0,0,1,0,차대차 - 측면충돌,안전운전불이행,건조,맑음,교차로 - 교차로안,승용,여,27세,상해없음,승용,여,38세,경상
2018122700100268,2018년 12월 27일 13시,목요일,전라남도 목포시 상동,경상사고,0,0,2,0,차대차 - 기타,신호위반,건조,맑음,교차로 - 교차로안,승용,남,62세,경상,승용,남,47세,경상
2018122700100269,2018년 12월 27일 13시,목요일,전라남도 순천시 조례동,경상사고,0,0,5,0,차대차 - 기타,신호위반,건조,맑음,교차로 - 교차로안,승용,여,46세,상해없음,승용,여,65세,경상
2018122700100270,2018년 12월 27일 13시,목요일,전라남도 담양군 담양읍,경상사고,0,0,1,0,차대차 - 측면충돌,교차로운행방법위반,건조,맑음,교차로 - 교차로안,승용,남,36세,상해없음,원동기,남,25세,경상
2018122700100271,2018년 12월 27일 13시,목요일,전라남도 광양시 중동,경상사고,0,0,3,0,차대차 - 측면충돌,교차로운행방법위반,건조,맑음,교차로 - 교차로부근,화물,남,26세,경상,승용,남,67세,경상
2018122700100354,2018년 12월 27일 16시,목요일,전라남도 여수시 화치동,경상사고,0,0,1,0,차대차 - 측면충돌,중앙선침범,건조,맑음,교차로 - 교차로부근,승용,남,24세,상해없음,화물,남,48세,경상
2018122700100356,2018년 12월 27일 16시,목요일,전라남도 화순군 화순읍,경상사고,0,0,1,0,차대차 - 측면충돌,직진우회전진행방해,건조,맑음,교차로 - 교차로안,화물,여,56세,상해없음,자전거,남,18세,경상
2018122700100357,2018년 12월 27일 16시,목요일,전라남도 장성군 장성읍,부상신고사고,0,0,0,1,차대차 - 측면충돌,신호위반,건조,맑음,교차로 - 교차로안,승용,여,37세,부상신고,화물,남,52세,상해없음
2018122700100396,2018년 12월 27일 17시,목요일,전라남도 목포시 용당동,경상사고,0,0,2,0,차대차 - 기타,안전운전불이행,건조,맑음,기타 - 기타,승용,여,40세,경상,승용,여,52세,경상
2018122700100397,2018년 12월 27일 17시,목요일,전라남도 화순군 화순읍,경상사고,0,0,2,0,차대차 - 측면충돌,신호위반,건조,맑음,교차로 - 교차로안,화물,남,48세,경상,승용,여,42세,경상
2018122700100444,2018년 12월 27일 18시,목요일,전라남도 목포시 옥암동,경상사고,0,0,1,0,차대사람 - 기타,교차로운행방법위반,젖음/습기,눈,교차로 - 교차로안,승용,남,86세,상해없음,보행자,여,57세,경상
2018122700100445,2018년 12월 27일 18시,목요일,전라남도 영광군 군남면,경상사고,0,0,1,0,차대차 - 측면충돌,중앙선침범,서리/결빙,눈,단일로 - 교량,화물,남,44세,상해없음,승용,여,34세,경상
2018122700100446,2018년 12월 27일 18시,목요일,전라남도 광양시 중동,중상사고,0,1,0,0,차대사람 - 횡단중,안전운전불이행,건조,맑음,교차로 - 교차로부근,승용,남,35세,상해없음,보행자,여,81세,중상
2018122700100447,2018년 12월 27일 18시,목요일,전라남도 광양시 봉강면,사망사고,1,0,0,0,차대사람 - 기타,안전운전불이행,건조,맑음,단일로 - 기타,승용,여,52세,상해없음,보행자,남,55세,사망
2018122700100505,2018년 12월 27일 19시,목요일,전라남도 목포시 산정동,경상사고,0,0,1,0,차대차 - 기타,신호위반,건조,맑음,교차로 - 교차로부근,승용,남,50세,상해없음,자전거,남,45세,경상
2018122700100506,2018년 12월 27일 19시,목요일,전라남도 여수시 화양면,경상사고,0,0,1,0,차량단독 - 공작물충돌,안전운전불이행,서리/결빙,맑음,단일로 - 기타,승합,남,60세,경상,,,,
2018122700100507,2018년 12월 27일 19시,목요일,전라남도 해남군 마산면,중상사고,0,1,0,0,차대차 - 추돌,안전운전불이행,건조,맑음,단일로 - 기타,화물,남,33세,상해없음,화물,남,37세,중상
2018122700100543,2018년 12월 27일 20시,목요일,전라남도 순천시 조례동,경상사고,0,0,2,0,차대차 - 추돌,신호위반,건조,맑음,교차로 - 교차로안,승용,남,20세,상해없음,승용,남,58세,경상
2018122700100544,2018년 12월 27일 20시,목요일,전라남도 보성군 미력면,경상사고,0,0,2,0,차대차 - 추돌,안전운전불이행,건조,맑음,단일로 - 기타,승용,남,66세,경상,화물,남,62세,경상
2018122700100545,2018년 12월 27일 20시,목요일,전라남도 광양시 광양읍,중상사고,0,1,0,0,차대사람 - 기타,안전운전불이행,건조,맑음,단일로 - 기타,승용,남,45세,상해없음,보행자,남,36세,중상
2018122700100573,2018년 12월 27일 21시,목요일,전라남도 목포시 상동,경상사고,0,0,2,0,차대차 - 추돌,안전운전불이행,젖음/습기,눈,단일로 - 기타,승용,남,38세,상해없음,승용,여,40세,경상
2018122700100594,2018년 12월 27일 22시,목요일,전라남도 나주시 송월동,경상사고,0,0,1,0,차대차 - 측면충돌,중앙선침범,적설,눈,단일로 - 기타,승용,남,47세,상해없음,승용,남,39세,경상
2018122700100619,2018년 12월 27일 23시,목요일,전라남도 나주시 송월동,경상사고,0,0,4,0,차대차 - 측면충돌,안전운전불이행,적설,눈,교차로 - 교차로안,승용,남,41세,상해없음,승용,남,34세,경상
2018122800100086,2018년 12월 28일 07시,금요일,전라남도 나주시 빛가람동,경상사고,0,0,1,0,차대차 - 측면충돌,안전운전불이행,서리/결빙,눈,교차로 - 교차로안,승용,남,45세,상해없음,승용,남,40세,경상
2018122800100106,2018년 12월 28일 08시,금요일,전라남도 나주시 남평읍,경상사고,0,0,2,0,차대차 - 추돌,안전운전불이행,서리/결빙,눈,단일로 - 기타,승용,남,26세,경상,승용,남,39세,경상
2018122800100107,2018년 12월 28일 08시,금요일,전라남도 해남군 문내면,경상사고,0,0,2,0,차대차 - 기타,안전운전불이행,적설,눈,단일로 - 기타,승합,남,40세,상해없음,승용,남,38세,경상
2018122800100108,2018년 12월 28일 08시,금요일,전라남도 장성군 남면,경상사고,0,0,2,0,차대차 - 기타,안전운전불이행,건조,맑음,기타 - 기타,화물,남,59세,상해없음,화물,남,54세,경상
2018122800100109,2018년 12월 28일 08시,금요일,전라남도 강진군 성전면,경상사고,0,0,1,0,차량단독 - 공작물충돌,안전운전불이행,서리/결빙,눈,단일로 - 기타,승용,여,43세,경상,,,,
2018122800100110,2018년 12월 28일 08시,금요일,전라남도 곡성군 옥과면,경상사고,0,0,1,1,차대차 - 측면충돌,직진우회전진행방해,건조,맑음,교차로 - 교차로안,승용,여,46세,부상신고,승용,여,60세,경상
2018122800100111,2018년 12월 28일 08시,금요일,전라남도 완도군 완도읍,경상사고,0,0,2,0,차대차 - 정면충돌,안전운전불이행,서리/결빙,맑음,단일로 - 기타,승용,여,34세,상해없음,승용,남,48세,경상
2018122800100142,2018년 12월 28일 09시,금요일,전라남도 여수시 교동,경상사고,0,0,1,0,차대차 - 측면충돌,교차로운행방법위반,건조,맑음,교차로 - 교차로안,승용,여,49세,경상,화물,남,59세,상해없음
2018122800100143,2018년 12월 28일 09시,금요일,전라남도 영암군 영암읍,경상사고,0,0,1,0,차대차 - 측면충돌,안전운전불이행,서리/결빙,눈,단일로 - 기타,승용,남,24세,상해없음,승용,남,35세,경상
2018122800100171,2018년 12월 28일 10시,금요일,전라남도 영암군 학산면,경상사고,0,0,1,0,차대차 - 정면충돌,안전운전불이행,서리/결빙,눈,단일로 - 기타,승용,남,37세,상해없음,승용,남,35세,경상
2018122800100172,2018년 12월 28일 10시,금요일,전라남도 영암군 학산면,경상사고,0,0,1,0,차대차 - 추돌,안전운전불이행,적설,눈,단일로 - 기타,승용,남,44세,경상,승용,남,35세,상해없음
2018122800100173,2018년 12월 28일 10시,금요일,전라남도 담양군 담양읍,경상사고,0,0,1,0,차대차 - 측면충돌,직진우회전진행방해,건조,맑음,교차로 - 교차로안,승용,남,69세,상해없음,승용,남,38세,경상
2018122800100194,2018년 12월 28일 11시,금요일,전라남도 목포시 용해동,경상사고,0,0,1,0,차대차 - 기타,안전운전불이행,서리/결빙,눈,단일로 - 기타,승용,여,60세,상해없음,승용,남,37세,상해없음
2018122800100195,2018년 12월 28일 11시,금요일,전라남도 광양시 광양읍,중상사고,0,1,3,0,차대차 - 측면충돌,신호위반,건조,맑음,교차로 - 교차로안,승용,여,72세,경상,승용,남,53세,경상
2018122800100224,2018년 12월 28일 12시,금요일,전라남도 여수시 화장동,경상사고,0,0,2,0,차대차 - 추돌,중앙선침범,건조,맑음,단일로 - 기타,승용,남,71세,상해없음,승용,남,49세,경상
2018122800100299,2018년 12월 28일 14시,금요일,전라남도 함평군 함평읍,경상사고,0,0,1,0,차대차 - 측면충돌,안전운전불이행,젖음/습기,맑음,교차로 - 교차로부근,승합,남,38세,상해없음,자전거,남,59세,경상
2018122800100300,2018년 12월 28일 14시,금요일,전라남도 강진군 군동면,경상사고,0,0,2,0,차대차 - 추돌,안전운전불이행,건조,맑음,단일로 - 기타,승용,남,58세,경상,화물,남,45세,경상
2018122800100344,2018년 12월 28일 15시,금요일,전라남도 영암군 영암읍,경상사고,0,0,3,0,차대차 - 정면충돌,안전운전불이행,서리/결빙,눈,단일로 - 기타,승용,여,57세,경상,화물,남,60세,경상
2018122800100345,2018년 12월 28일 15시,금요일,전라남도 장성군 남면,경상사고,0,0,1,0,차대차 - 측면충돌,안전운전불이행,건조,맑음,단일로 - 기타,화물,남,54세,상해없음,승용,남,74세,경상
2018122800100388,2018년 12월 28일 16시,금요일,전라남도 목포시 산정동,경상사고,0,0,1,0,차대사람 - 차도통행중,안전운전불이행,건조,맑음,단일로 - 기타,승용,남,53세,상해없음,보행자,남,11세,경상
2018122800100389,2018년 12월 28일 16시,금요일,전라남도 순천시 조례동,경상사고,0,0,2,0,차대차 - 측면충돌,신호위반,건조,맑음,교차로 - 교차로안,승용,남,68세,상해없음,승용,여,68세,경상
2018122800100390,2018년 12월 28일 16시,금요일,전라남도 강진군 강진읍,경상사고,0,0,2,0,차대차 - 추돌,안전운전불이행,건조,맑음,단일로 - 기타,승용,남,68세,상해없음,화물,남,61세,경상
2018122800100391,2018년 12월 28일 16시,금요일,전라남도 강진군 강진읍,중상사고,0,1,0,0,차대차 - 추돌,직진우회전진행방해,건조,맑음,교차로 - 교차로안,승용,남,39세,상해없음,원동기,남,81세,중상
2018122800100423,2018년 12월 28일 17시,금요일,전라남도 목포시 산정동,경상사고,0,0,2,0,차대차 - 측면충돌,안전운전불이행,서리/결빙,흐림,교차로 - 교차로부근,승용,남,39세,상해없음,승용,여,47세,상해없음
2018122800100424,2018년 12월 28일 17시,금요일,전라남도 목포시 상동,경상사고,0,0,1,0,차대차 - 기타,차로위반,건조,맑음,단일로 - 기타,승용,남,35세,상해없음,승용,남,49세,경상
2018122800100425,2018년 12월 28일 17시,금요일,전라남도 영암군 삼호읍,경상사고,0,0,2,0,차량단독 - 공작물충돌,안전운전불이행,서리/결빙,맑음,단일로 - 기타,승용,남,45세,경상,,,,
2018122800100520,2018년 12월 28일 19시,금요일,전라남도 여수시 문수동,경상사고,0,0,1,0,차대차 - 후진중충돌,안전운전불이행,건조,맑음,단일로 - 기타,승용,남,46세,상해없음,이륜,남,28세,경상
2018122800100559,2018년 12월 28일 20시,금요일,전라남도 순천시 연향동,경상사고,0,0,1,0,차대차 - 측면충돌,안전거리미확보,건조,맑음,교차로 - 교차로부근,승용,남,24세,상해없음,승용,남,46세,경상
2018122800100560,2018년 12월 28일 20시,금요일,전라남도 영광군 영광읍,경상사고,0,0,1,0,차대사람 - 차도통행중,안전운전불이행,서리/결빙,흐림,단일로 - 기타,승용,남,42세,상해없음,보행자,여,76세,경상
2018122800100624,2018년 12월 28일 22시,금요일,전라남도 여수시 신기동,경상사고,0,0,1,0,차대차 - 측면충돌,안전운전불이행,건조,맑음,교차로 - 교차로안,화물,남,23세,상해없음,자전거,여,48세,경상
2018122800100657,2018년 12월 28일 23시,금요일,전라남도 순천시 조례동,경상사고,0,0,3,0,차대차 - 측면충돌,신호위반,건조,기타,교차로 - 교차로안,승용,남,48세,상해없음,승용,남,28세,경상
2018122800100658,2018년 12월 28일 23시,금요일,전라남도 나주시 이창동,경상사고,0,0,1,0,차대사람 - 기타,안전운전불이행,건조,맑음,단일로 - 기타,승용,남,31세,상해없음,보행자,남,51세,경상
2018122900100016,2018년 12월 29일 00시,토요일,전라남도 여수시 소호동,중상사고,0,1,0,0,차대사람 - 횡단중,안전운전불이행,건조,맑음,교차로 - 교차로안,승용,남,29세,상해없음,보행자,남,44세,중상
2018122900100070,2018년 12월 29일 05시,토요일,전라남도 여수시 화치동,경상사고,0,0,2,0,차대차 - 추돌,안전운전불이행,건조,맑음,교차로 - 교차로부근,승용,남,23세,경상,승용,남,63세,경상
2018122900100071,2018년 12월 29일 05시,토요일,전라남도 장흥군 장흥읍,경상사고,0,0,1,0,차대차 - 기타,기타,건조,맑음,단일로 - 기타,화물,남,27세,경상,승용,남,49세,기타불명
2018122900100093,2018년 12월 29일 08시,토요일,전라남도 목포시 상동,경상사고,0,0,1,0,차대차 - 측면충돌,교차로운행방법위반,서리/결빙,눈,교차로 - 교차로안,화물,남,47세,상해없음,승용,남,42세,경상
2018122900100155,2018년 12월 29일 11시,토요일,전라남도 순천시 조례동,중상사고,0,1,0,0,차대차 - 추돌,안전운전불이행,건조,맑음,단일로 - 기타,승용,남,46세,상해없음,이륜,남,39세,중상
2018122900100156,2018년 12월 29일 11시,토요일,전라남도 순천시 해룡면,경상사고,0,0,2,0,차대차 - 기타,직진우회전진행방해,건조,맑음,교차로 - 교차로안,승용,여,30세,경상,승용,남,24세,경상
2018122900100186,2018년 12월 29일 12시,토요일,전라남도 순천시 연향동,경상사고,0,0,1,0,차대사람 - 기타,안전운전불이행,건조,맑음,단일로 - 기타,승용,여,37세,상해없음,보행자,남,67세,경상
2018122900100187,2018년 12월 29일 12시,토요일,전라남도 고흥군 동일면,경상사고,0,0,2,0,차대차 - 정면충돌,중앙선침범,건조,맑음,단일로 - 기타,화물,남,61세,경상,승용,남,51세,경상
2018122900100217,2018년 12월 29일 13시,토요일,전라남도 고흥군 포두면,중상사고,0,1,2,0,차대차 - 추돌,안전운전불이행,건조,맑음,단일로 - 기타,화물,남,62세,중상,승용,남,67세,경상
2018122900100331,2018년 12월 29일 17시,토요일,전라남도 무안군 청계면,경상사고,0,0,1,0,차대차 - 추돌,신호위반,건조,맑음,교차로 - 교차로안,승용,남,46세,상해없음,승용,여,66세,경상
2018122900100363,2018년 12월 29일 18시,토요일,전라남도 순천시 조례동,경상사고,0,0,1,0,차대차 - 기타,안전운전불이행,건조,맑음,단일로 - 기타,승용,남,52세,상해없음,이륜,남,36세,경상
2018122900100395,2018년 12월 29일 19시,토요일,전라남도 영암군 영암읍,사망사고,1,0,0,0,차대차 - 기타,신호위반,건조,맑음,교차로 - 교차로안,승합,남,64세,상해없음,원동기,남,30세,사망
2018123000100010,2018년 12월 30일 00시,일요일,전라남도 목포시 상동,중상사고,0,1,2,0,차대차 - 측면충돌,직진우회전진행방해,건조,흐림,교차로 - 교차로안,승용,남,46세,경상,승용,남,59세,중상
2018123000100047,2018년 12월 30일 02시,일요일,전라남도 여수시 학동,경상사고,0,0,1,0,차대사람 - 길가장자리구역통행중,안전운전불이행,건조,맑음,교차로 - 교차로안,승용,남,45세,상해없음,보행자,여,25세,경상
2018123000100048,2018년 12월 30일 02시,일요일,전라남도 고흥군 도덕면,중상사고,0,2,0,0,차대차 - 측면충돌,중앙선침범,건조,맑음,단일로 - 기타,승합,남,33세,상해없음,화물,남,51세,중상
2018123000100049,2018년 12월 30일 02시,일요일,전라남도 화순군 화순읍,경상사고,0,0,1,0,차대차 - 측면충돌,안전운전불이행,건조,맑음,교차로 - 교차로안,승용,남,19세,상해없음,승용,여,56세,경상
2018123000100078,2018년 12월 30일 06시,일요일,전라남도 순천시 가곡동,중상사고,0,1,0,0,차량단독 - 전도전복 - 전도,안전운전불이행,건조,맑음,단일로 - 기타,이륜,남,19세,중상,미분류,미분류,미분류,미분류
2018123000100089,2018년 12월 30일 07시,일요일,전라남도 신안군 압해읍,경상사고,0,0,1,0,차대차 - 기타,안전운전불이행,서리/결빙,눈,단일로 - 기타,승용,남,34세,상해없음,승합,남,62세,경상
2018123000100098,2018년 12월 30일 08시,일요일,전라남도 여수시 화양면,경상사고,0,0,5,0,차대차 - 측면충돌,중앙선침범,건조,맑음,교차로 - 교차로부근,승용,남,22세,상해없음,승용,남,65세,경상
2018123000100170,2018년 12월 30일 13시,일요일,전라남도 영광군 염산면,중상사고,0,2,0,0,차량단독 - 도로외이탈 - 추락,안전운전불이행,젖음/습기,맑음,단일로 - 기타,승용,여,36세,중상,,,,
2018123000100217,2018년 12월 30일 15시,일요일,전라남도 장흥군 장흥읍,경상사고,0,0,1,0,차대사람 - 기타,안전운전불이행,건조,맑음,교차로 - 교차로안,승용,남,47세,상해없음,보행자,여,73세,경상
2018123000100239,2018년 12월 30일 16시,일요일,전라남도 강진군 성전면,경상사고,0,0,4,0,차량단독 - 공작물충돌,안전운전불이행,건조,맑음,단일로 - 기타,화물,여,39세,경상,,,,
2018123000100264,2018년 12월 30일 17시,일요일,전라남도 목포시 산정동,경상사고,0,0,1,0,차대차 - 후진중충돌,안전운전불이행,건조,맑음,교차로 - 교차로안,승용,남,49세,상해없음,승용,남,37세,경상
2018123000100290,2018년 12월 30일 18시,일요일,전라남도 무안군 삼향읍,경상사고,0,0,1,0,차대차 - 측면충돌,안전운전불이행,건조,맑음,교차로 - 교차로부근,승용,여,24세,상해없음,승용,남,44세,경상
2018123000100318,2018년 12월 30일 19시,일요일,전라남도 곡성군 곡성읍,부상신고사고,0,0,0,1,차대차 - 측면충돌,직진우회전진행방해,건조,맑음,교차로 - 교차로안,이륜,남,68세,부상신고,승용,남,22세,상해없음
2018123000100341,2018년 12월 30일 20시,일요일,전라남도 광양시 중동,사망사고,1,0,0,0,차대사람 - 횡단중,안전운전불이행,건조,맑음,단일로 - 기타,승용,남,68세,상해없음,보행자,여,65세,사망
2018123000100365,2018년 12월 30일 21시,일요일,전라남도 영광군 영광읍,부상신고사고,0,0,0,1,차량단독 - 도로외이탈 - 기타,안전운전불이행,건조,맑음,단일로 - 기타,승용,여,60세,부상신고,,,,
2018123000100382,2018년 12월 30일 22시,일요일,전라남도 순천시 남정동,경상사고,0,0,2,0,차대차 - 측면충돌,교차로운행방법위반,건조,맑음,교차로 - 교차로안,승합,남,61세,상해없음,승용,남,50세,경상
2018123100100058,2018년 12월 31일 06시,월요일,전라남도 나주시 빛가람동,사망사고,1,0,0,0,차대사람 - 횡단중,과속,건조,맑음,교차로 - 교차로부근,승용,남,32세,상해없음,보행자,여,68세,사망
2018123100100071,2018년 12월 31일 07시,월요일,전라남도 여수시 남산동,중상사고,0,1,0,0,차대사람 - 횡단중,안전운전불이행,건조,맑음,단일로 - 기타,화물,남,56세,상해없음,보행자,여,69세,중상
2018123100100091,2018년 12월 31일 08시,월요일,전라남도 목포시 산정동,부상신고사고,0,0,0,1,차대차 - 기타,안전운전불이행,건조,맑음,교차로 - 교차로안,기타불명,기타불명,미분류,기타불명,화물,남,66세,부상신고
2018123100100092,2018년 12월 31일 08시,월요일,전라남도 강진군 강진읍,중상사고,0,2,0,0,차대차 - 정면충돌,직진우회전진행방해,건조,맑음,교차로 - 교차로안,승합,남,55세,상해없음,화물,남,45세,중상
2018123100100170,2018년 12월 31일 11시,월요일,전라남도 영암군 신북면,경상사고,0,0,1,0,차대차 - 측면충돌,기타,건조,맑음,교차로 - 교차로안,승용,남,43세,상해없음,화물,남,52세,경상
2018123100100171,2018년 12월 31일 11시,월요일,전라남도 완도군 보길면,중상사고,0,1,1,0,차대차 - 정면충돌,중앙선침범,건조,맑음,단일로 - 기타,화물,남,81세,중상,승용,남,45세,경상
2018123100100172,2018년 12월 31일 11시,월요일,전라남도 무안군 무안읍,경상사고,0,0,2,0,차대차 - 기타,안전운전불이행,건조,맑음,단일로 - 기타,승용,여,69세,상해없음,승용,남,41세,경상
2018123100100206,2018년 12월 31일 12시,월요일,전라남도 목포시 상동,중상사고,0,1,1,0,차대차 - 측면충돌,중앙선침범,건조,맑음,단일로 - 기타,이륜,남,36세,중상,이륜,남,38세,경상
2018123100100207,2018년 12월 31일 12시,월요일,전라남도 여수시 신기동,중상사고,0,1,0,0,차대사람 - 기타,보행자보호의무위반,건조,맑음,단일로 - 기타,승용,남,63세,상해없음,보행자,여,67세,중상
2018123100100208,2018년 12월 31일 12시,월요일,전라남도 여수시 학동,경상사고,0,0,1,0,차대차 - 측면충돌,안전운전불이행,건조,맑음,교차로 - 교차로부근,승용,남,54세,상해없음,승용,남,71세,상해없음
2018123100100209,2018년 12월 31일 12시,월요일,전라남도 무안군 삼향읍,경상사고,0,0,1,0,차대차 - 기타,안전운전불이행,건조,맑음,단일로 - 기타,승용,남,45세,상해없음,이륜,남,35세,경상
2018123100100210,2018년 12월 31일 12시,월요일,전라남도 광양시 광양읍,경상사고,0,0,1,0,차대차 - 기타,직진우회전진행방해,건조,맑음,교차로 - 교차로안,승용,남,52세,상해없음,승용,남,50세,경상
2018123100100241,2018년 12월 31일 13시,월요일,전라남도 목포시 무안동,경상사고,0,0,1,0,차대차 - 후진중충돌,안전운전불이행,건조,맑음,교차로 - 교차로부근,승합,남,61세,상해없음,승용,남,41세,경상
2018123100100242,2018년 12월 31일 13시,월요일,전라남도 여수시 신기동,경상사고,0,0,1,0,차대차 - 기타,신호위반,건조,맑음,교차로 - 교차로안,승용,여,58세,상해없음,이륜,남,38세,경상
2018123100100243,2018년 12월 31일 13시,월요일,전라남도 영광군 법성면,경상사고,0,0,1,0,차대차 - 후진중충돌,안전운전불이행,건조,맑음,단일로 - 기타,승용,남,73세,상해없음,승용,여,57세,경상
2018123100100270,2018년 12월 31일 14시,월요일,전라남도 여수시 중흥동,중상사고,0,1,1,0,차대차 - 추돌,안전운전불이행,건조,맑음,교차로 - 교차로부근,화물,남,59세,상해없음,승용,남,38세,중상
2018123100100319,2018년 12월 31일 15시,월요일,전라남도 목포시 연산동,중상사고,0,1,0,0,차대사람 - 횡단중,안전운전불이행,건조,맑음,교차로 - 교차로횡단보도내,화물,남,42세,상해없음,보행자,여,53세,중상
2018123100100320,2018년 12월 31일 15시,월요일,전라남도 순천시 대룡동,경상사고,0,0,1,0,차대차 - 정면충돌,중앙선침범,건조,맑음,교차로 - 교차로부근,화물,남,71세,상해없음,승용,남,30세,경상
2018123100100321,2018년 12월 31일 15시,월요일,전라남도 강진군 대구면,중상사고,0,2,1,0,차대차 - 정면충돌,중앙선침범,건조,맑음,단일로 - 기타,승용,남,79세,경상,승합,남,56세,중상
2018123100100322,2018년 12월 31일 15시,월요일,전라남도 담양군 담양읍,경상사고,0,0,4,0,차대차 - 측면충돌,불법유턴,건조,맑음,교차로 - 교차로안,승용,남,54세,상해없음,승용,남,44세,경상
2018123100100361,2018년 12월 31일 16시,월요일,전라남도 영광군 영광읍,경상사고,0,0,1,0,차대차 - 측면충돌,안전운전불이행,건조,맑음,단일로 - 기타,승용,남,57세,상해없음,승용,남,41세,경상
2018123100100397,2018년 12월 31일 17시,월요일,전라남도 목포시 옥암동,경상사고,0,0,3,0,차대차 - 측면충돌,안전운전불이행,건조,맑음,교차로 - 교차로부근,승용,여,31세,경상,승용,남,56세,경상
2018123100100398,2018년 12월 31일 17시,월요일,전라남도 무안군 현경면,경상사고,0,0,1,0,차대차 - 기타,신호위반,건조,맑음,교차로 - 교차로안,승용,남,45세,상해없음,화물,남,25세,경상
2018123100100448,2018년 12월 31일 18시,월요일,전라남도 목포시 옥암동,경상사고,0,0,1,0,차대차 - 측면충돌,안전운전불이행,건조,맑음,단일로 - 기타,기타불명,기타불명,미분류,기타불명,승용,여,40세,경상
2018123100100449,2018년 12월 31일 18시,월요일,전라남도 여수시 국동,경상사고,0,0,2,0,차대차 - 기타,안전운전불이행,건조,맑음,단일로 - 기타,화물,남,59세,상해없음,승용,남,23세,경상
2018123100100450,2018년 12월 31일 18시,월요일,전라남도 나주시 금천면,경상사고,0,0,3,0,차대차 - 추돌,안전거리미확보,건조,맑음,단일로 - 기타,승용,여,39세,상해없음,승용,여,38세,경상
2018123100100451,2018년 12월 31일 18시,월요일,전라남도 보성군 조성면,경상사고,0,0,1,0,차대사람 - 차도통행중,안전운전불이행,건조,맑음,단일로 - 기타,승용,남,34세,상해없음,보행자,남,53세,경상
2018123100100452,2018년 12월 31일 18시,월요일,전라남도 보성군 벌교읍,경상사고,0,0,4,0,차대차 - 추돌,안전거리미확보,건조,맑음,기타 - 기타,승용,남,67세,상해없음,승용,남,44세,경상
2018123100100508,2018년 12월 31일 19시,월요일,전라남도 목포시 상락동1가,경상사고,0,0,1,0,차대차 - 추돌,안전운전불이행,건조,맑음,교차로 - 교차로부근,승용,남,19세,상해없음,승용,남,58세,경상
2018123100100509,2018년 12월 31일 19시,월요일,전라남도 보성군 보성읍,중상사고,0,1,1,0,차대사람 - 횡단중,안전운전불이행,건조,맑음,단일로 - 기타,화물,남,52세,상해없음,보행자,여,15세,중상
2018123100100544,2018년 12월 31일 20시,월요일,전라남도 영암군 학산면,경상사고,0,0,1,0,차량단독 - 도로외이탈 - 추락,안전운전불이행,건조,맑음,단일로 - 기타,화물,남,51세,경상,,,,
2018123100100600,2018년 12월 31일 22시,월요일,전라남도 여수시 율촌면,중상사고,0,1,0,0,차대사람 - 횡단중,보행자보호의무위반,건조,맑음,단일로 - 기타,승용,남,51세,상해없음,보행자,여,77세,중상
2018123100100601,2018년 12월 31일 22시,월요일,전라남도 순천시 서면,경상사고,0,0,2,0,차대차 - 기타,안전거리미확보,건조,맑음,단일로 - 기타,승용,남,28세,상해없음,승용,여,50세,경상
2018123100100602,2018년 12월 31일 22시,월요일,전라남도 장성군 삼계면,경상사고,0,0,1,0,차대차 - 기타,안전운전불이행,건조,맑음,단일로 - 기타,승용,여,47세,경상,승용,남,62세,상해없음